-- phpMyAdmin SQL Dump
-- version 5.0.3
-- https://www.phpmyadmin.net/
--
-- Host: n1nlmysql31plsk.secureserver.net:3306
-- Generation Time: May 18, 2022 at 11:33 PM
-- Server version: 5.5.51-38.1-log
-- PHP Version: 7.4.21

SET SQL_MODE = "NO_AUTO_VALUE_ON_ZERO";
START TRANSACTION;
SET time_zone = "+00:00";


/*!40101 SET @OLD_CHARACTER_SET_CLIENT=@@CHARACTER_SET_CLIENT */;
/*!40101 SET @OLD_CHARACTER_SET_RESULTS=@@CHARACTER_SET_RESULTS */;
/*!40101 SET @OLD_COLLATION_CONNECTION=@@COLLATION_CONNECTION */;
/*!40101 SET NAMES utf8mb4 */;

--
-- Database: `clubtcc`
--

-- --------------------------------------------------------

--
-- Table structure for table `bat_style`
--

CREATE TABLE `bat_style` (
  `bat_style_id` int(10) NOT NULL,
  `bat_style_title` varchar(50) NOT NULL
) ENGINE=InnoDB DEFAULT CHARSET=latin1;

--
-- Dumping data for table `bat_style`
--

INSERT INTO `bat_style` (`bat_style_id`, `bat_style_title`) VALUES
(12, 'Right-Handed'),
(13, 'Left-Handed');

-- --------------------------------------------------------

--
-- Table structure for table `bowl_style`
--

CREATE TABLE `bowl_style` (
  `bowl_style_id` int(10) NOT NULL,
  `bowl_style_title` varchar(50) NOT NULL
) ENGINE=InnoDB DEFAULT CHARSET=latin1;

--
-- Dumping data for table `bowl_style`
--

INSERT INTO `bowl_style` (`bowl_style_id`, `bowl_style_title`) VALUES
(11, 'Right Hand - Fast'),
(12, 'Right Hand - Medium Fast'),
(13, 'Right Hand - Medium'),
(14, 'Right Hand - Slow'),
(15, 'Right Hand - Leg Spin'),
(16, 'Right Hand - Off Spin'),
(17, 'Left Hand - Fast'),
(18, 'Left Hand - Medium Fast'),
(19, 'Left Hand - Medium'),
(20, 'Left Hand - Slow'),
(21, 'Left Hand - Leg Spin'),
(28, 'Left Hand - Off Spin');

-- --------------------------------------------------------

--
-- Table structure for table `category`
--

CREATE TABLE `category` (
  `category_id` int(11) NOT NULL,
  `category_title` varchar(150) NOT NULL
) ENGINE=InnoDB DEFAULT CHARSET=latin1;

--
-- Dumping data for table `category`
--

INSERT INTO `category` (`category_id`, `category_title`) VALUES
(1, 'T 25');

-- --------------------------------------------------------

--
-- Table structure for table `cmatch`
--

CREATE TABLE `cmatch` (
  `match_id` int(10) NOT NULL,
  `match_type_id` int(10) NOT NULL,
  `tournament_id` int(10) NOT NULL,
  `match_name` varchar(255) NOT NULL,
  `location` varchar(255) NOT NULL,
  `no_inngs` int(10) NOT NULL,
  `starttime` datetime NOT NULL,
  `description` longtext NOT NULL,
  `match_status` int(2) NOT NULL DEFAULT '0',
  `toss` varchar(100) NOT NULL DEFAULT '',
  `umpire1` int(11) NOT NULL,
  `umpire2` int(11) NOT NULL,
  `tv_umpire` int(11) NOT NULL,
  `match_ref` int(11) NOT NULL,
  `res_umpire` int(11) NOT NULL,
  `match_result` varchar(100) NOT NULL DEFAULT '',
  `local_time` time NOT NULL,
  `match_cat` int(2) NOT NULL,
  `mom_id` int(10) NOT NULL DEFAULT '0',
  `winning_team_id` int(10) NOT NULL DEFAULT '0',
  `match_day_night` int(11) NOT NULL DEFAULT '0',
  `venue_id` int(10) NOT NULL,
  `scorer` varchar(150) NOT NULL,
  `points` int(10) NOT NULL DEFAULT '1',
  `is_points` int(11) NOT NULL DEFAULT '1',
  `match_result_status` int(11) NOT NULL DEFAULT '0',
  `match_no` varchar(50) NOT NULL
) ENGINE=InnoDB DEFAULT CHARSET=latin1;

--
-- Dumping data for table `cmatch`
--

INSERT INTO `cmatch` (`match_id`, `match_type_id`, `tournament_id`, `match_name`, `location`, `no_inngs`, `starttime`, `description`, `match_status`, `toss`, `umpire1`, `umpire2`, `tv_umpire`, `match_ref`, `res_umpire`, `match_result`, `local_time`, `match_cat`, `mom_id`, `winning_team_id`, `match_day_night`, `venue_id`, `scorer`, `points`, `is_points`, `match_result_status`, `match_no`) VALUES
(1, 1, 1, 'RM vs LOB (H)', '', 2, '2016-05-21 07:30:20', 'Match day', 1, 'LOB won the toss and elected to bat', 0, 0, 0, 0, 0, 'LOB won by 60 runs', '07:00:00', 1, 0, 5, 1, 2, 'Elvis vincent', 4, 2, 1, 'Match 2'),
(2, 1, 1, 'MW vs PL(H)', '', 2, '2016-05-21 07:30:18', '', 1, 'MW won the toss ', 1, 2, 4, 3, 5, 'Punjab Lions won by 2 wickets', '00:00:00', 1, 0, 3, 1, 1, 'Elvis Vincent', 4, 2, 1, 'Match 1'),
(3, 1, 1, 'ACC vs ETB (H)', '', 2, '2016-05-22 07:30:00', '', 1, 'Exiom Thunderbolts(ETB)  won the toss and elected to Bat', 1, 0, 0, 0, 0, 'Exiom Thunderbolts(ETB) - Won by 79 runs', '07:30:00', 1, 0, 1, 0, 1, 'Elvis vincent', 4, 2, 1, 'Match 3'),
(7, 1, 1, 'PL vs ACC(H)', '', 2, '2016-05-28 07:30:04', '', 1, 'PL won the toss and elected to bat', 0, 0, 0, 0, 0, 'ACC - Won by 3 wickets', '00:00:01', 1, 0, 2, 0, 1, 'Elvis Vincent', 4, 2, 1, 'Match 5'),
(8, 1, 1, 'TM vs TLJ(H)', '', 2, '2016-05-22 07:30:33', '', 1, 'TM won the toss and elected to bat first', 0, 0, 0, 0, 0, 'TLJ won by 5 wickets', '00:00:01', 1, 0, 6, 0, 2, 'Elvis vincent', 4, 2, 1, 'Match 4'),
(10, 1, 1, 'RM vs ETB(H)', '', 2, '2016-05-29 07:30:22', '', 1, 'ETB won the toss and elected to bat', 0, 0, 0, 0, 0, 'ETB - Won by 67 runs', '00:00:01', 1, 0, 1, 0, 2, 'Elvis Vincent', 4, 2, 1, 'Match 7'),
(11, 1, 1, 'LOB vs TLJ(H)', '', 2, '2016-05-29 07:30:44', '', 1, 'TLJ won the toss and elected to bat', 0, 0, 0, 0, 0, 'TLJ - Won by 76 runs', '00:00:01', 1, 0, 6, 0, 1, 'Elvis Vincent', 4, 2, 1, 'Match 8'),
(12, 1, 1, 'TLJ vs ACC(H)', '', 2, '2016-06-04 07:30:50', '', 1, 'TLJ won the toss and elected to Bowl', 0, 0, 0, 0, 0, 'ACC - Won by 59 runs', '00:00:01', 1, 0, 2, 0, 2, 'Elvis Vincent', 4, 2, 1, 'Match 10'),
(13, 1, 1, 'LOB vs MW(H)', '', 2, '2016-06-04 07:30:06', '', 1, 'LOB won the toss and elected to Bowl', 0, 0, 0, 0, 0, 'LOB - Won by 7 wickets', '07:30:00', 1, 0, 5, 0, 1, 'Elvis Vincent', 4, 2, 1, 'Match 9'),
(14, 1, 1, 'PL vs ETB(H)', '', 2, '2016-06-05 07:30:06', '', 1, 'ETB won the toss and elected to Bowl', 0, 0, 0, 0, 0, 'PL - Won by 35 runs', '07:30:00', 1, 0, 3, 0, 2, 'Elvis Vincent', 4, 2, 1, 'Match 11'),
(15, 1, 1, 'RM vs TM(H)', '', 2, '2016-06-05 07:30:06', '', 1, 'TM won the toss and elected to Bat', 0, 0, 0, 0, 0, 'RM - Won by 5 wickets', '07:30:00', 1, 0, 4, 0, 1, 'Elvis Vincent', 4, 2, 1, 'Match 12'),
(16, 1, 1, 'LOB vs PL(H)', '', 2, '2016-06-11 07:30:06', '', 1, 'PL won the toss and elected to Bowl', 0, 0, 0, 0, 0, 'PL - Won by 6 wickets', '07:30:00', 1, 0, 3, 0, 2, 'Elvis Vincent', 4, 2, 1, 'Match 13'),
(17, 1, 1, 'RM vs TLJ(H)', '', 2, '2016-06-11 07:30:10', '', 1, 'RM won the toss and elected to Bat', 0, 0, 0, 0, 0, 'RM - Won by 60 runs', '00:00:01', 1, 0, 4, 0, 1, 'Elvis Vincent', 4, 2, 1, 'Match 14'),
(18, 1, 1, 'TM vs ETB(H)', '', 2, '2016-06-12 07:30:45', '', 1, 'ETB won the toss and elected to Bat', 0, 0, 0, 0, 0, 'TM - Won by 4 wickets', '00:00:01', 1, 0, 8, 0, 1, 'Elvis Vincent', 4, 2, 1, 'Match 15'),
(19, 1, 1, 'MW vs ACC(H)', '', 2, '2016-06-12 07:30:57', '', 1, 'ACC won the toss and elected to Bat', 0, 0, 0, 0, 0, 'MW - Won by 7 wickets', '00:00:01', 1, 0, 7, 0, 2, 'Elvis Vincent', 4, 2, 1, 'Match 16'),
(20, 1, 1, 'TLJ vs TM (H)', '', 2, '2016-06-18 07:30:30', '', 1, 'TM won the toss and elected to Bowl', 0, 0, 0, 0, 0, 'TM - Won by 5 wickets', '00:00:01', 1, 0, 8, 0, 1, 'Elvis Vincent', 4, 2, 1, 'Match 18'),
(21, 1, 1, 'PL vs MW(H)', '', 2, '2016-06-18 07:30:16', '', 1, 'PL won the toss and elected to Bat', 0, 0, 0, 0, 0, 'PL - Won by 45 runs', '00:00:01', 1, 0, 3, 0, 2, 'Elvis Vincent', 4, 2, 1, 'Match 17'),
(22, 1, 1, 'ETB vs ACC (H)', '', 2, '2016-06-19 07:30:32', '', 1, 'ACC won the toss and elected to Bat first', 0, 0, 0, 0, 0, 'ETB - Won by 8 wickets', '00:00:01', 1, 0, 1, 0, 1, 'Elvis Vincent', 4, 2, 1, 'Match 20'),
(23, 1, 1, 'LOB vs RM (H)', '', 2, '2016-06-19 07:30:07', '', 1, 'RM won the toss and elected to Bat', 0, 0, 0, 0, 0, 'LOB - Won by 5 wickets', '00:00:01', 1, 0, 5, 0, 2, 'Elvis Vincent', 4, 2, 1, 'Match 19'),
(24, 1, 1, 'TM vs PL(H)', '', 2, '2016-06-25 07:30:34', '', 1, 'PL won the toss and elected to Bat', 0, 0, 0, 0, 0, 'PL - Won by 76 runs', '00:00:01', 1, 0, 3, 0, 1, 'Elvise Vincent', 4, 2, 1, 'Match 21'),
(25, 1, 1, 'ACC vs TLJ(H)', '', 2, '2016-06-25 07:30:55', '', 1, 'TLJ won the toss and elected to Bat', 0, 0, 0, 0, 0, 'ACC - Won by 6 wickets', '00:00:01', 1, 0, 2, 0, 2, 'Elvis Vincent', 4, 2, 1, 'Match 22'),
(26, 1, 1, 'ETB vs RM(H)', '', 2, '2016-06-26 07:30:34', '', 1, 'RM won the toss and elected to Bat', 0, 0, 0, 0, 0, 'ETB - Won by 7 wickets', '00:00:01', 1, 0, 1, 0, 1, 'Elvis Vincent', 4, 2, 1, 'Match 24'),
(27, 1, 1, 'MW vs LOB (H)', '', 2, '2016-06-26 07:30:29', '', 1, 'MW won the toss and elected to Bowl', 0, 0, 0, 0, 0, 'LOB - Won by 24 runs', '00:00:01', 1, 0, 5, 0, 2, 'Elvis Vincent', 4, 2, 1, 'Match 23'),
(28, 1, 1, 'TLJ vs ETB (H)', '', 2, '2016-07-02 07:30:09', '', 1, 'TLJ won the toss and elected to Bat', 0, 0, 0, 0, 0, 'ETB - Won by 8 wickets', '00:00:01', 1, 0, 1, 0, 1, 'Elvis Vincent', 4, 2, 1, 'Match 25'),
(29, 1, 1, 'PL vs TM (H)', '', 2, '2016-07-02 07:30:20', '', 1, 'PL won the toss and elected to Bat', 0, 0, 0, 0, 0, 'PL - Won by 67 runs', '00:00:01', 1, 0, 3, 0, 2, 'Elvis Vincent', 4, 2, 1, 'Match 26'),
(30, 1, 1, 'RM vs MW (H)', '', 2, '2016-07-03 07:30:24', '', 1, 'RM won the toss and elected to Bat', 0, 0, 0, 0, 0, 'RM - Won by 8 runs', '00:00:01', 1, 0, 4, 0, 1, 'Elvis Vincent', 4, 2, 1, 'Match 27'),
(31, 1, 1, 'LOB vs ETB (H)', '', 2, '2016-07-03 07:30:27', '', 1, 'ETB won the toss and elected to Bat', 0, 0, 0, 0, 0, 'ETB - Won by 15 runs', '00:00:01', 1, 0, 1, 0, 2, 'Elvis Vincent', 4, 2, 1, 'Match 28'),
(32, 1, 1, 'PL vs LOB (H)', '', 2, '2016-07-09 07:30:43', '', 1, 'PL won the toss and elected to Bat', 0, 0, 0, 0, 0, 'PL - Won by 65 runs', '00:00:01', 1, 0, 3, 0, 1, 'Elvis Vincent', 4, 2, 1, 'Match 29'),
(33, 1, 1, 'MW vs RM (H)', '', 2, '2016-07-09 07:30:47', '', 1, 'MW won the toss and elected to Bat', 0, 0, 0, 0, 0, 'RM - Won by 3 wickets', '00:00:01', 1, 0, 4, 0, 2, 'Elvis Vincent', 4, 2, 1, 'Match 30'),
(34, 1, 1, 'ETB vs TLJ (H)', '', 2, '2016-07-10 07:30:10', '', 1, 'TLJ won the toss and elected to Bat', 0, 0, 0, 0, 0, 'ETB - Won by 6 wickets', '07:30:00', 1, 0, 1, 0, 1, 'Elvis Vincent', 4, 2, 1, 'Match 31'),
(35, 1, 1, 'ACC vs TM (H)', '', 2, '2016-07-10 07:30:23', '', 1, 'TM won the toss and elected to Bat', 0, 0, 0, 0, 0, 'ACC - Won by 5 wickets', '07:30:00', 1, 0, 2, 0, 2, 'Elvis Vincent', 4, 2, 1, 'Match 32'),
(36, 1, 1, 'ACC vs PL (H)', '', 2, '2016-07-16 07:30:56', '', 1, 'PL won the toss and elected to Bat', 0, 0, 0, 0, 0, 'PL - Won by 79 runs', '00:00:01', 1, 0, 3, 0, 1, 'Elvis Vincent', 4, 2, 1, 'Match 34'),
(37, 1, 1, 'TM vs RM (H)', '', 2, '2016-07-16 07:30:10', '', 1, 'RM won the toss and elected to Bat', 0, 0, 0, 0, 0, 'TM - Won by 3 wickets', '00:00:01', 1, 0, 8, 0, 2, 'Elvis Vincent', 4, 2, 1, 'Match 33'),
(38, 1, 1, 'ETB vs MW (H)', '', 2, '2016-07-17 07:30:21', '', 1, 'ETB won the toss and elected to Bat', 0, 0, 0, 0, 0, 'ETB - Won by 159 runs', '00:00:01', 1, 0, 1, 0, 1, 'Elvis Vincent', 4, 2, 1, 'Match 35'),
(39, 1, 1, 'TLJ vs LOB (H)', '', 2, '2016-07-17 07:30:51', '', 1, 'TLJ won the toss and elected to Bat', 0, 0, 0, 0, 0, 'TLJ - Won by 12 runs', '00:00:01', 1, 0, 6, 0, 2, 'Elvis Vincent', 4, 2, 1, 'Match 36'),
(40, 1, 1, 'RM vs PL (H)', '', 2, '2016-07-23 07:30:08', '', 1, 'PL won the toss and elected to Bat', 0, 0, 0, 0, 0, 'PL - Won by 25 runs', '00:00:01', 1, 0, 3, 0, 1, 'Elvis Vincent', 4, 2, 1, 'Match 37'),
(41, 1, 1, 'LOB vs TM (H)', '', 2, '2016-07-23 07:30:15', '', 1, 'TM won the toss and elected to Bowl', 0, 0, 0, 0, 0, 'TM - Won by 1 wicket', '00:00:01', 1, 0, 8, 0, 2, 'Elvis Vincent', 4, 2, 1, 'Match 38'),
(42, 1, 1, 'LOB vs ACC (H)', '', 2, '2016-07-24 07:30:48', '', 1, 'ACC won the toss and elected to Bat', 0, 0, 0, 0, 0, 'ACC - Won by 91 runs', '00:00:01', 1, 0, 2, 0, 1, 'Elvis Vincent', 4, 2, 1, 'Match 39'),
(43, 1, 1, 'MW vs ETB (H)', '', 2, '2016-07-24 07:30:53', '', 1, 'No Toss', 0, 0, 0, 0, 0, 'MW lost on forfeit. ETB Won on forfeit ', '00:00:01', 1, 0, 1, 0, 2, '', 4, 2, 1, 'Match 40'),
(44, 1, 1, 'TLJ vs PL (H)', '', 2, '2016-07-30 07:30:07', '', 1, 'No Toss', 0, 0, 0, 0, 0, 'TLJ Lost on forfeit. PL Won on forfeit', '00:00:01', 1, 0, 3, 0, 1, '', 4, 2, 1, 'Match 41'),
(45, 1, 1, 'TM vs MW (H)', '', 2, '2016-07-30 07:30:39', '', 1, 'MW won the toss and elected to Bat', 0, 0, 0, 0, 0, 'TM - Won by 9 wickets', '00:00:01', 1, 0, 8, 0, 2, 'Elvis Vincent', 4, 2, 1, 'Match 42'),
(46, 1, 1, 'ACC vs RM (H)', '', 2, '2016-07-31 07:30:45', '', 1, 'ACC won the toss and elected to Bat', 0, 0, 0, 0, 0, 'ACC - Won by 35 runs', '00:00:01', 1, 0, 2, 0, 1, 'Elvis Vincent', 4, 2, 1, 'Match 43'),
(47, 1, 1, 'ETB vs LOB (H)', '', 2, '2016-07-31 07:30:56', '', 1, 'LOB won the toss and elected to Bat', 0, 0, 0, 0, 0, 'ETB - Won by 7 wickets', '00:00:01', 1, 0, 1, 0, 2, 'Elvis Vincent', 4, 2, 1, 'Match 44'),
(48, 1, 1, 'TM vs ACC (H)', '', 2, '2016-08-06 07:30:32', '', 1, 'ACC won the toss and elected to Bat', 0, 0, 0, 0, 0, 'TM -Won by 2 wickets', '00:00:01', 1, 0, 8, 0, 1, 'Elvis Vincent', 4, 2, 1, 'Match 45'),
(49, 1, 1, 'PL vs TLJ (H)', '', 2, '2016-08-06 07:30:55', '', 1, 'TLJ won the toss and elected to Bat', 0, 0, 0, 0, 0, 'PL - Won by 6 wickets', '00:00:01', 1, 0, 3, 0, 2, 'Elvis Vincent', 4, 2, 1, 'Match 46'),
(50, 1, 1, 'MW vs TLJ (H)', '', 2, '2016-08-07 07:30:40', '', 1, 'MW won the toss and elected to Bat', 0, 0, 0, 0, 0, 'TLJ - Won by 3 wickets', '00:00:01', 1, 0, 6, 0, 1, 'Elvis Vincent', 4, 2, 1, 'Match 47'),
(51, 1, 1, 'RM vs ACC (H)', '', 2, '2016-08-07 07:30:40', '', 1, 'RM won the toss and elected to Bat', 0, 0, 0, 0, 0, 'ACC - Won by 7 wickets', '00:00:01', 1, 0, 2, 0, 2, 'Elvis Vincent', 4, 2, 1, 'Match 48'),
(52, 1, 1, 'ACC vs LOB (H)', '', 2, '2016-08-13 07:30:38', '', 0, '', 0, 0, 0, 0, 0, '', '00:00:01', 1, 0, 0, 0, 1, '', 1, 1, 0, 'Match 49'),
(53, 1, 1, 'TLJ vs MW (H)', '', 2, '2016-08-13 07:30:58', '', 0, '', 0, 0, 0, 0, 0, '', '00:00:01', 1, 0, 0, 0, 2, '', 1, 1, 0, 'Match 50'),
(54, 1, 1, 'PL vs RM (H)', '', 2, '2016-08-14 07:30:13', '', 0, '', 0, 0, 0, 0, 0, '', '00:00:01', 1, 0, 0, 0, 1, '', 1, 1, 0, 'Match 51'),
(55, 1, 1, 'ETB vs TM (H)', '', 2, '2016-08-14 07:30:39', '', 0, '', 0, 0, 0, 0, 0, '', '00:00:01', 1, 0, 0, 0, 2, '', 1, 1, 0, 'Match 52'),
(56, 1, 1, 'ETB vs PL (H)', '', 2, '2016-08-20 07:30:42', '', 0, '', 0, 0, 0, 0, 0, '', '00:00:01', 1, 0, 0, 0, 1, '', 1, 1, 0, 'Match 53'),
(57, 1, 1, 'TM vs LOB (H)', '', 2, '2016-08-20 07:30:59', '', 0, '', 0, 0, 0, 0, 0, '', '00:00:01', 1, 0, 0, 0, 2, '', 1, 1, 0, 'Match 54'),
(58, 1, 1, 'ACC vs MW (H)', '', 2, '2016-08-21 07:30:01', '', 0, '', 0, 0, 0, 0, 0, '', '00:00:01', 1, 0, 0, 0, 1, '', 1, 1, 0, 'Match 55'),
(59, 1, 1, 'TLJ vs RM (H)', '', 2, '2016-08-21 07:30:12', '', 0, '', 0, 0, 0, 0, 0, '', '00:00:01', 1, 0, 0, 0, 2, '', 1, 1, 0, 'Match 56'),
(60, 1, 1, 'Play Offs SF (A1 - D4)', '', 2, '2016-08-27 07:30:35', '', 0, '', 0, 0, 0, 0, 0, '', '00:00:01', 1, 0, 0, 0, 1, '', 1, 1, 0, 'Play off 1'),
(61, 1, 1, 'Play Offs SF (B2 - C3)', '', 2, '2016-08-27 07:30:44', '', 0, '', 0, 0, 0, 0, 0, '', '00:00:01', 1, 0, 0, 0, 2, '', 1, 1, 0, 'Play off 2'),
(62, 1, 1, 'Play Offs for Third place', '', 2, '2016-09-03 07:30:38', '', 0, '', 0, 0, 0, 0, 0, '', '00:00:01', 1, 0, 0, 0, 1, '', 1, 1, 0, 'Play off 4'),
(63, 1, 1, 'Play Offs 5 th place(E5-F6)', '', 2, '2016-09-03 07:30:03', '', 0, '', 0, 0, 0, 0, 0, '', '00:00:01', 1, 0, 0, 0, 2, '', 1, 1, 0, 'Play off 3'),
(64, 1, 1, 'Finals', '', 2, '2016-09-04 07:30:05', '', 0, '', 0, 0, 0, 0, 0, '', '00:00:01', 1, 0, 0, 0, 1, '', 1, 1, 0, 'Final'),
(65, 1, 1, 'Reserve day for Finals', '', 2, '2016-09-10 07:30:15', '', 0, '', 0, 0, 0, 0, 0, '', '00:00:01', 1, 0, 0, 0, 1, '', 1, 1, 0, 'Reserve day for Finals'),
(66, 1, 1, 'Exhibition Match', '', 2, '2016-09-04 07:30:44', '', 0, '', 0, 0, 0, 0, 0, '', '00:00:01', 1, 0, 0, 0, 2, '', 1, 1, 0, 'Exhibition'),
(69, 1, 2, 'Test Match 1', '', 2, '2016-05-15 17:00:22', '', 1, 'Test Team 1 won the toss1', 0, 0, 0, 0, 0, 'Test Team 1 won the match by 3 wickets', '00:00:01', 1, 4, 9, 0, 1, 'Scorer', 2, 1, 1, ''),
(70, 1, 2, 'Test Match 2', '', 2, '2016-05-15 17:15:17', '', 1, 'Test team2 won the toss choose to bat first', 0, 0, 0, 0, 0, 'Test team1 won by  2 wickets', '00:00:01', 1, 4, 9, 0, 2, '', 4, 1, 1, ''),
(71, 1, 2, 'Test match', '', 2, '2016-05-18 14:18:25', 'cricket', 1, 'Team 1 won toss', 0, 0, 0, 0, 0, 'team1 won the match', '00:00:01', 1, 29, 9, 0, 1, '', 2, 1, 1, ''),
(73, 2, 5, 'My Test', '', 2, '2016-05-19 17:20:52', '', 0, '', 0, 0, 0, 0, 0, '', '00:00:00', 1, 0, 0, 0, 1, '', 1, 1, 0, ''),
(74, 1, 1, 'MW vs TM(H)', '', 2, '2016-05-28 07:30:53', '', 1, 'TM won the toss and elected to bat', 0, 0, 0, 0, 0, 'TM - Won by 17 runs', '00:00:01', 1, 0, 8, 0, 2, 'Elvis Vincent', 4, 2, 1, 'Match 6'),
(75, 1, 10, 'LOB vs ITB (H)', '', 2, '2017-05-13 07:30:17', '', 0, '', 0, 0, 0, 0, 0, '', '00:00:01', 1, 0, 0, 0, 1, '', 1, 1, 1, 'Warm up Match 1'),
(76, 1, 10, 'TL vs RM (H)', '', 2, '2017-05-13 07:30:08', '', 0, '', 0, 0, 0, 0, 0, '', '00:00:01', 1, 0, 0, 0, 2, '', 1, 1, 1, 'Warm up Match 2'),
(77, 1, 10, 'ACC vs MW (H)', '', 2, '2017-05-14 07:30:06', '', 0, '', 0, 0, 0, 0, 0, '', '00:00:01', 1, 0, 0, 0, 1, '', 1, 1, 1, 'Warm up Match 3'),
(78, 1, 10, 'TM vs PL (H)', '', 2, '2017-05-14 07:30:49', '', 0, '', 0, 0, 0, 0, 0, '', '00:00:01', 1, 0, 0, 0, 2, '', 1, 1, 1, 'Warm up Match 4'),
(79, 1, 10, 'PL vs ACC (H)', '', 2, '2017-05-20 07:30:01', '', 0, '', 0, 0, 0, 0, 0, '', '00:00:01', 1, 0, 0, 0, 1, '', 1, 1, 1, 'Warm up Match 5'),
(80, 1, 10, 'RM vs LOB (H)', '', 2, '2017-05-20 07:30:34', '', 0, '', 0, 0, 0, 0, 0, '', '00:00:01', 1, 0, 0, 0, 2, '', 1, 1, 1, 'Warm up Match 6'),
(81, 1, 10, 'MW vs TL (H)', '', 2, '2017-05-21 07:30:19', '', 0, '', 0, 0, 0, 0, 0, '', '00:00:01', 1, 0, 0, 0, 1, '', 1, 1, 1, 'Warm up Match 7'),
(82, 1, 10, 'ITB vs TM (H)', '', 2, '2017-05-21 07:30:37', '', 0, '', 0, 0, 0, 0, 0, '', '00:00:01', 1, 0, 0, 0, 2, '', 1, 1, 1, 'Warm up Match 8'),
(83, 1, 10, 'TL vs RM (H)', '', 2, '2017-05-27 07:30:50', '', 0, '', 0, 0, 0, 0, 0, '', '00:00:01', 1, 0, 0, 0, 1, '', 1, 1, 1, 'Match 1'),
(84, 1, 10, 'PL vs LOB (H)', '', 2, '2017-05-27 07:30:32', '', 0, '', 0, 0, 0, 0, 0, '', '00:00:01', 1, 0, 0, 0, 2, '', 1, 1, 1, 'Match 2'),
(85, 1, 10, 'ACC vs TM (H)', '', 2, '2017-05-28 07:30:55', '', 0, '', 0, 0, 0, 0, 0, '', '00:00:01', 1, 0, 0, 0, 1, '', 1, 1, 1, 'Match 3'),
(86, 1, 10, 'MW vs ITB (H)', '', 2, '2017-05-28 07:30:40', '', 0, '', 0, 0, 0, 0, 0, '', '00:00:01', 1, 0, 0, 0, 2, '', 1, 1, 1, 'Match 4'),
(87, 1, 10, 'TM vs LOB (H)', '', 2, '2017-06-03 07:30:17', '', 0, '', 0, 0, 0, 0, 0, '', '00:00:01', 1, 0, 0, 0, 1, '', 1, 1, 1, 'Match 5'),
(88, 1, 10, 'PL vs MW (H)', '', 2, '2017-06-03 07:30:05', '', 0, '', 0, 0, 0, 0, 0, '', '00:00:01', 1, 0, 0, 0, 2, '', 1, 1, 1, 'Match 6'),
(89, 1, 10, 'LOB vs RM (H)', '', 2, '2017-06-04 07:30:23', '', 0, '', 0, 0, 0, 0, 0, '', '00:00:01', 1, 0, 0, 0, 1, '', 1, 1, 1, 'Match 7'),
(90, 1, 10, 'ITB vs ACC (H)', '', 2, '2017-06-04 07:30:22', '', 0, '', 0, 0, 0, 0, 0, '', '00:00:01', 1, 0, 0, 0, 2, '', 1, 1, 1, 'Match 8'),
(91, 1, 10, 'ACC vs TL (H)', '', 2, '2017-06-10 07:30:31', '', 0, '', 0, 0, 0, 0, 0, '', '00:00:01', 1, 0, 0, 0, 1, '', 1, 1, 1, 'Match 9'),
(92, 1, 10, 'TM vs PL (H)', '', 2, '2017-06-10 07:30:44', '', 0, '', 0, 0, 0, 0, 0, '', '00:00:01', 1, 0, 0, 0, 2, '', 1, 1, 1, 'Match 10'),
(93, 1, 10, 'ITB vs RM (H)', '', 2, '2017-06-11 07:30:00', '', 0, '', 0, 0, 0, 0, 0, '', '00:00:01', 1, 0, 0, 0, 1, '', 1, 1, 1, 'Match 11'),
(94, 1, 10, 'MW vs LOB (H)', '', 2, '2017-06-11 07:30:00', '', 0, '', 0, 0, 0, 0, 0, '', '00:00:01', 1, 0, 0, 0, 2, '', 1, 1, 1, 'Match 12'),
(95, 1, 10, 'ITB vs TM (H)', '', 2, '2017-06-17 07:30:00', '', 0, '', 0, 0, 0, 0, 0, '', '00:00:01', 1, 0, 0, 0, 1, '', 1, 1, 0, 'Match 13'),
(96, 1, 10, 'TL vs PL (H)', '', 2, '2017-06-17 07:30:00', '', 0, '', 0, 0, 0, 0, 0, '', '00:00:01', 1, 0, 0, 0, 2, '', 1, 1, 0, 'Match 14'),
(97, 1, 10, 'ACC vs MW (H)', '', 2, '2017-06-18 07:30:00', '', 0, '', 0, 0, 0, 0, 0, '', '00:00:01', 1, 0, 0, 0, 1, '', 1, 1, 0, 'Match 15'),
(98, 1, 10, 'TM vs RM (H)', '', 2, '2017-06-18 07:30:00', '', 0, '', 0, 0, 0, 0, 0, '', '00:00:01', 1, 0, 0, 0, 2, '', 1, 1, 0, 'Match 16'),
(99, 1, 10, 'LOB vs TL (H)', '', 2, '2017-06-24 07:30:00', '', 0, '', 0, 0, 0, 0, 0, '', '00:00:01', 1, 0, 0, 0, 1, '', 1, 1, 0, 'Match 17'),
(100, 1, 10, 'ACC vs RM (H)', '', 2, '2017-06-24 07:30:00', '', 0, '', 0, 0, 0, 0, 0, '', '00:00:01', 1, 0, 0, 0, 2, '', 1, 1, 0, 'Match 18'),
(101, 1, 10, 'ITB vs PL (H)', '', 2, '2017-06-25 07:30:00', '', 0, '', 0, 0, 0, 0, 0, '', '00:00:01', 1, 0, 0, 0, 1, '', 1, 1, 0, 'Match 19'),
(102, 1, 10, 'TM vs MW (H)', '', 2, '2017-06-25 07:30:00', '', 0, '', 0, 0, 0, 0, 0, '', '00:00:01', 1, 0, 0, 0, 2, '', 1, 1, 0, 'Match 20'),
(103, 1, 10, 'MW vs RM (H)', '', 2, '2017-07-08 07:30:00', '', 0, '', 0, 0, 0, 0, 0, '', '00:00:01', 1, 0, 0, 0, 1, '', 1, 1, 0, 'Match 21'),
(104, 1, 10, 'ACC vs PL (H)', '', 2, '2017-07-08 07:30:00', '', 0, '', 0, 0, 0, 0, 0, '', '00:00:01', 1, 0, 0, 0, 2, '', 1, 1, 0, 'Match 22'),
(105, 1, 10, 'ITB vs MW (H)', '', 2, '2017-07-09 07:30:00', '', 0, '', 0, 0, 0, 0, 0, '', '00:00:01', 1, 0, 0, 0, 1, '', 1, 1, 0, 'Match 23'),
(106, 1, 10, 'TM vs TL (H)', '', 2, '2017-07-09 07:30:00', '', 0, '', 0, 0, 0, 0, 0, '', '00:00:01', 1, 0, 0, 0, 2, '', 1, 1, 0, 'Match 24'),
(107, 1, 10, 'PL vs RM (H)', '', 2, '2017-07-15 07:30:00', '', 0, '', 0, 0, 0, 0, 0, '', '00:00:01', 1, 0, 0, 0, 1, '', 1, 1, 0, 'Match 25'),
(108, 1, 10, 'TL vs MW (H)', '', 2, '2017-07-15 07:30:00', '', 0, '', 0, 0, 0, 0, 0, '', '00:00:01', 1, 0, 0, 0, 2, '', 1, 1, 0, 'Match 26'),
(109, 1, 10, 'ACC vs LOB (H)', '', 2, '2017-07-16 07:30:00', '', 0, '', 0, 0, 0, 0, 0, '', '00:00:01', 1, 0, 0, 0, 1, '', 1, 1, 0, 'Match 27'),
(110, 1, 10, 'ITB vs TL (H)', '', 2, '2017-07-16 07:30:00', '', 0, '', 0, 0, 0, 0, 0, '', '00:00:01', 1, 0, 0, 0, 2, '', 1, 1, 0, 'Match 28'),
(111, 1, 10, 'MW vs TM (H)', '', 2, '2017-07-22 07:30:00', '', 0, '', 0, 0, 0, 0, 0, '', '00:00:01', 1, 0, 0, 0, 1, '', 1, 1, 0, 'Match 29'),
(112, 1, 10, 'PL vs ITB (H)', '', 2, '2017-07-22 07:30:00', '', 0, '', 0, 0, 0, 0, 0, '', '00:00:01', 1, 0, 0, 0, 2, '', 1, 1, 0, 'Match 30'),
(113, 1, 10, 'LOB vs ITB (H)', '', 2, '2017-07-23 07:30:00', '', 0, '', 0, 0, 0, 0, 0, '', '00:00:01', 1, 0, 0, 0, 1, '', 1, 1, 0, 'Match 31'),
(114, 1, 10, 'RM vs ACC (H)', '', 2, '2017-07-23 07:30:00', '', 0, '', 0, 0, 0, 0, 0, '', '00:00:01', 1, 0, 0, 0, 2, '', 1, 1, 0, 'Match 32'),
(115, 1, 10, 'MW vs PL (H)', '', 2, '2017-07-29 07:30:00', '', 0, '', 0, 0, 0, 0, 0, '', '00:00:01', 1, 0, 0, 0, 1, '', 1, 1, 0, 'Match 33'),
(116, 1, 10, 'RM vs LOB (H)', '', 2, '2017-07-29 07:30:00', '', 0, '', 0, 0, 0, 0, 0, '', '00:00:01', 1, 0, 0, 0, 2, '', 1, 1, 0, 'Match 34'),
(117, 1, 10, 'ACC vs ITB (H)', '', 2, '2017-07-30 07:30:00', '', 0, '', 0, 0, 0, 0, 0, '', '00:00:01', 1, 0, 0, 0, 1, '', 1, 1, 0, 'Match 35'),
(118, 1, 10, 'TL vs TM (H)', '', 2, '2017-07-30 07:30:00', '', 0, '', 0, 0, 0, 0, 0, '', '00:00:01', 1, 0, 0, 0, 2, '', 1, 1, 0, 'Match 36'),
(119, 1, 10, 'LOB vs PL (H)', '', 2, '2017-08-05 07:30:00', '', 0, '', 0, 0, 0, 0, 0, '', '00:00:01', 1, 0, 0, 0, 1, '', 1, 1, 0, 'Match 37'),
(120, 1, 10, 'RM vs MW (H)', '', 2, '2017-08-05 07:30:00', '', 0, '', 0, 0, 0, 0, 0, '', '00:00:01', 1, 0, 0, 0, 2, '', 1, 1, 0, 'Match 38'),
(121, 1, 10, 'TM vs ACC (H)', '', 2, '2017-08-06 07:30:00', '', 0, '', 0, 0, 0, 0, 0, '', '00:00:01', 1, 0, 0, 0, 1, '', 1, 1, 0, 'Match 39'),
(122, 1, 10, 'TL vs ITB (H)', '', 2, '2017-08-06 07:30:00', '', 0, '', 0, 0, 0, 0, 0, '', '00:00:01', 1, 0, 0, 0, 2, '', 1, 1, 0, 'Match 40'),
(123, 1, 10, 'PL vs TM (H)', '', 2, '2017-08-12 07:30:00', '', 0, '', 0, 0, 0, 0, 0, '', '00:00:01', 1, 0, 0, 0, 1, '', 1, 1, 0, 'Match 41'),
(124, 1, 10, 'LOB vs MW (H)', '', 2, '2017-08-12 07:30:00', '', 0, '', 0, 0, 0, 0, 0, '', '00:00:01', 1, 0, 0, 0, 2, '', 1, 1, 0, 'Match 42'),
(125, 1, 10, 'TL vs ACC (H)', '', 2, '2017-08-13 07:30:00', '', 0, '', 0, 0, 0, 0, 0, '', '00:00:01', 1, 0, 0, 0, 1, '', 1, 1, 0, 'Match 43'),
(126, 1, 10, 'RM vs ITB (H)', '', 2, '2017-08-13 07:30:00', '', 0, '', 0, 0, 0, 0, 0, '', '00:00:01', 1, 0, 0, 0, 2, '', 1, 1, 0, 'Match 44'),
(127, 1, 10, 'MW vs ACC (H)', '', 2, '2017-08-19 07:30:00', '', 0, '', 0, 0, 0, 0, 0, '', '00:00:01', 1, 0, 0, 0, 1, '', 1, 1, 0, 'Match 45'),
(128, 1, 10, 'PL vs TL (H)', '', 2, '2017-08-19 07:30:00', '', 0, '', 0, 0, 0, 0, 0, '', '00:00:01', 1, 0, 0, 0, 2, '', 1, 1, 0, 'Match 46'),
(129, 1, 10, 'ITB vs LOB (H)', '', 2, '2017-08-20 07:30:00', '', 0, '', 0, 0, 0, 0, 0, '', '00:00:01', 1, 0, 0, 0, 1, '', 1, 1, 0, 'Match 47'),
(130, 1, 10, 'RM vs TM (H)', '', 2, '2017-08-20 07:30:00', '', 0, '', 0, 0, 0, 0, 0, '', '00:00:01', 1, 0, 0, 0, 2, '', 1, 1, 0, 'Match 48'),
(131, 1, 10, 'RM vs TL (H)', '', 2, '2017-08-26 07:30:00', '', 0, '', 0, 0, 0, 0, 0, '', '00:00:01', 1, 0, 0, 0, 1, '', 1, 1, 0, 'Match 49'),
(132, 1, 10, 'LOB vs TM (H)', '', 2, '2017-08-26 07:30:00', '', 0, '', 0, 0, 0, 0, 0, '', '00:00:01', 1, 0, 0, 0, 2, '', 1, 1, 0, 'Match 50'),
(133, 1, 10, 'TL vs LOB (H)', '', 2, '2017-08-27 07:30:00', '', 0, '', 0, 0, 0, 0, 0, '', '00:00:01', 1, 0, 0, 0, 1, '', 1, 1, 0, 'Match 51'),
(134, 1, 10, 'PL vs ACC (H)', '', 2, '2017-08-27 07:30:00', '', 0, '', 0, 0, 0, 0, 0, '', '00:00:01', 1, 0, 0, 0, 2, '', 1, 1, 0, 'Match 52'),
(135, 1, 10, 'RM vs PL (H)', '', 2, '2017-09-09 07:30:00', '', 0, '', 0, 0, 0, 0, 0, '', '00:00:01', 1, 0, 0, 0, 1, '', 1, 1, 0, 'Match 53'),
(136, 1, 10, 'LOB vs ACC (H)', '', 2, '2017-09-09 07:30:00', '', 0, '', 0, 0, 0, 0, 0, '', '00:00:01', 1, 0, 0, 0, 2, '', 1, 1, 0, 'Match 54'),
(137, 1, 10, 'MW vs TL (H)', '', 2, '2017-09-10 07:30:00', '', 0, '', 0, 0, 0, 0, 0, '', '00:00:01', 1, 0, 0, 0, 1, '', 1, 1, 0, 'Match 55'),
(138, 1, 10, 'TM vs ITB (H)', '', 2, '2017-09-10 07:30:00', '', 0, '', 0, 0, 0, 0, 0, '', '00:00:01', 1, 0, 0, 0, 2, '', 1, 1, 0, 'Match 56'),
(139, 1, 10, 'Semifinal 1', '', 2, '2017-09-16 07:30:44', '', 0, '', 0, 0, 0, 0, 0, '', '00:00:01', 1, 0, 0, 0, 1, '', 1, 1, 0, 'Match 57'),
(140, 1, 10, 'Semifinal 2', '', 2, '2017-09-16 07:30:30', '', 0, '', 0, 0, 0, 0, 0, '', '00:00:01', 1, 0, 0, 0, 2, '', 1, 1, 0, 'Match 58'),
(142, 1, 10, 'Finals', '', 2, '2017-09-23 07:30:27', '', 0, '', 0, 0, 0, 0, 0, '', '00:00:01', 1, 0, 0, 0, 2, '', 1, 1, 0, 'Match 60'),
(143, 1, 11, 'MW vs CCC (H)', '', 2, '2018-05-12 07:30:57', '', 0, '', 0, 0, 0, 0, 0, '', '07:30:00', 1, 0, 0, 0, 1, '', 1, 1, 0, 'Match 1'),
(144, 1, 11, 'RM vs ITL (H)', '', 2, '2018-05-12 07:30:28', '', 0, '', 0, 0, 0, 0, 0, '', '00:00:01', 1, 0, 0, 0, 2, '', 1, 1, 0, 'Match 2'),
(145, 1, 11, 'PCC vs LOB (H)', '', 2, '2018-05-13 07:30:57', '', 0, '', 0, 0, 0, 0, 0, '', '00:00:01', 1, 0, 0, 0, 1, '', 1, 1, 0, 'Match 3'),
(146, 1, 11, 'SCC vs ITB (H)', '', 2, '2018-05-13 07:30:28', '', 0, '', 0, 0, 0, 0, 0, '', '00:00:01', 1, 0, 0, 0, 2, '', 1, 1, 0, 'Match 4'),
(147, 1, 11, 'ITB vs RM (H)', '', 2, '2018-05-19 07:30:55', '', 0, '', 0, 0, 0, 0, 0, '', '00:00:01', 1, 0, 0, 0, 1, '', 1, 1, 0, 'Match 5'),
(148, 1, 11, 'MW vs LOB (H)', '', 2, '2018-05-19 07:30:49', '', 0, '', 0, 0, 0, 0, 0, '', '00:00:01', 1, 0, 0, 0, 2, '', 1, 1, 0, 'Match 6'),
(149, 1, 11, 'SCC vs TM (H)', '', 2, '2018-05-20 07:30:12', '', 0, '', 0, 0, 0, 0, 0, '', '00:00:01', 1, 0, 0, 0, 1, '', 1, 1, 0, 'Match 7'),
(150, 1, 11, 'ITL vs PCC (H)', '', 2, '2018-05-20 07:30:37', '', 0, '', 0, 0, 0, 0, 0, '', '00:00:01', 1, 0, 0, 0, 2, '', 1, 1, 0, 'Match 8'),
(151, 1, 11, 'MW vs SCC (H)', '', 2, '2018-05-26 07:30:53', '', 0, '', 0, 0, 0, 0, 0, '', '00:00:01', 1, 0, 0, 0, 1, '', 1, 1, 0, 'Match 9'),
(152, 1, 11, 'RM vs PCC (H)', '', 2, '2018-05-26 07:30:57', '', 0, '', 0, 0, 0, 0, 0, '', '00:00:01', 1, 0, 0, 0, 2, '', 1, 1, 0, 'Match 10'),
(153, 1, 11, 'TM vs CCC (H)', '', 2, '2018-05-27 07:30:04', '', 0, '', 0, 0, 0, 0, 0, '', '00:00:01', 1, 0, 0, 0, 1, '', 1, 1, 0, 'Match 11'),
(154, 1, 11, 'LOB vs ITB (H)', '', 2, '2018-05-27 07:30:07', '', 0, '', 0, 0, 0, 0, 0, '', '00:00:01', 1, 0, 0, 0, 2, '', 1, 1, 0, 'Match 12'),
(155, 1, 11, 'SCC vs RM (H)', '', 2, '2018-06-02 07:30:53', '', 0, '', 0, 0, 0, 0, 0, '', '00:00:01', 1, 0, 0, 0, 1, '', 1, 1, 0, 'Match 13'),
(156, 1, 11, 'ITB vs LOB (H)', '', 2, '2018-06-02 07:30:53', '', 0, '', 0, 0, 0, 0, 0, '', '00:00:01', 1, 0, 0, 0, 2, '', 1, 1, 0, 'Match 14'),
(157, 1, 11, 'ITL vs TM (H)', '', 2, '2018-06-03 07:30:40', '', 0, '', 0, 0, 0, 0, 0, '', '00:00:01', 1, 0, 0, 0, 1, '', 1, 1, 0, 'Match 15'),
(158, 1, 11, 'MW vs PCC (H)', '', 2, '2018-06-03 07:30:29', '', 0, '', 0, 0, 0, 0, 0, '', '00:00:01', 1, 0, 0, 0, 2, '', 1, 1, 0, 'Match 16'),
(159, 1, 11, 'PCC vs CCC (H)', '', 2, '2018-06-09 07:30:05', '', 0, '', 0, 0, 0, 0, 0, '', '00:00:01', 1, 0, 0, 0, 1, '', 1, 1, 0, 'Match 17'),
(160, 1, 11, 'RM vs LOB (H)', '', 2, '2018-06-09 07:30:31', '', 0, '', 0, 0, 0, 0, 0, '', '00:00:01', 1, 0, 0, 0, 2, '', 1, 1, 0, 'Match 18'),
(161, 1, 11, 'MW vs ITL (H)', '', 2, '2018-06-10 07:30:14', '', 0, '', 0, 0, 0, 0, 0, '', '00:00:01', 1, 0, 0, 0, 1, '', 1, 1, 0, 'Match 19'),
(162, 1, 11, 'TM vs SCC (H)', '', 2, '2018-06-10 07:30:30', '', 0, '', 0, 0, 0, 0, 0, '', '00:00:01', 1, 0, 0, 0, 2, '', 1, 1, 0, 'Match 20'),
(163, 1, 11, 'ITL vs ITB (H)', '', 2, '2018-06-16 07:30:50', '', 0, '', 0, 0, 0, 0, 0, '', '00:00:01', 1, 0, 0, 0, 1, '', 1, 1, 0, 'Match 21'),
(164, 1, 11, 'SCC vs PCC (H)', '', 2, '2018-06-16 07:30:37', '', 0, '', 0, 0, 0, 0, 0, '', '00:00:01', 1, 0, 0, 0, 2, '', 1, 1, 0, 'Match 22'),
(165, 1, 11, 'TM vs MW (H)', '', 2, '2018-06-17 07:30:39', '', 0, '', 0, 0, 0, 0, 0, '', '00:00:01', 1, 0, 0, 0, 1, '', 1, 1, 0, 'Match 23'),
(166, 1, 11, 'CCC vs RM (H)', '', 2, '2018-06-17 07:30:40', '', 0, '', 0, 0, 0, 0, 0, '', '00:00:01', 1, 0, 0, 0, 2, '', 1, 1, 0, 'Match 24'),
(167, 1, 11, 'LOB vs TM (H)', '', 2, '2018-06-23 07:30:29', '', 0, '', 0, 0, 0, 0, 0, '', '00:00:01', 1, 0, 0, 0, 1, '', 1, 1, 0, 'Match 25'),
(168, 1, 11, 'RM vs MW (H)', '', 2, '2018-06-23 07:30:39', '', 0, '', 0, 0, 0, 0, 0, '', '00:00:01', 1, 0, 0, 0, 2, '', 1, 1, 0, 'Match 26'),
(169, 1, 11, 'ITB vs CCC (H)', '', 2, '2018-06-24 07:30:53', '', 0, '', 0, 0, 0, 0, 0, '', '00:00:01', 1, 0, 0, 0, 1, '', 1, 1, 0, 'Match 27'),
(170, 1, 11, 'ITL vs SCC (H)', '', 2, '2018-06-24 07:30:07', '', 0, '', 0, 0, 0, 0, 0, '', '00:00:01', 1, 0, 0, 0, 2, '', 1, 1, 0, 'Match 28'),
(171, 1, 11, 'PCC vs MW (H)', '', 2, '2018-06-30 07:30:59', '', 0, '', 0, 0, 0, 0, 0, '', '00:00:01', 1, 0, 0, 0, 1, '', 1, 1, 0, 'Match 29'),
(172, 1, 11, 'TM vs ITB (H)', '', 2, '2018-06-30 07:30:11', '', 0, '', 0, 0, 0, 0, 0, '', '00:00:01', 1, 0, 0, 0, 2, '', 1, 1, 0, 'Match 30'),
(173, 1, 11, 'LOB vs ITL (H)', '', 2, '2018-07-01 07:30:09', '', 0, '', 0, 0, 0, 0, 0, '', '00:00:01', 1, 0, 0, 0, 1, '', 1, 1, 0, 'Match 31'),
(174, 1, 11, 'SCC vs CCC (H)', '', 2, '2018-07-01 07:30:34', '', 0, '', 0, 0, 0, 0, 0, '', '00:00:01', 1, 0, 0, 0, 2, '', 1, 1, 0, 'Match 32'),
(175, 1, 11, 'MW vs ITB (H)', '', 2, '2018-07-07 07:30:43', '', 0, '', 0, 0, 0, 0, 0, '', '00:00:01', 1, 0, 0, 0, 1, '', 1, 1, 0, 'Match 33'),
(176, 1, 11, 'LOB vs SCC (H)', '', 2, '2018-07-07 07:30:01', '', 0, '', 0, 0, 0, 0, 0, '', '00:00:01', 1, 0, 0, 0, 2, '', 1, 1, 0, 'Match 34'),
(177, 1, 11, 'PCC vs TM (H)', '', 2, '2018-07-08 07:30:22', '', 0, '', 0, 0, 0, 0, 0, '', '00:00:01', 1, 0, 0, 0, 1, '', 1, 1, 0, 'Match 35'),
(178, 1, 11, 'CCC vs ITL (H)', '', 2, '2018-07-08 07:30:19', '', 0, '', 0, 0, 0, 0, 0, '', '00:00:01', 1, 0, 0, 0, 2, '', 1, 1, 0, 'Match 36'),
(179, 1, 11, 'RM vs SCC (H)', '', 2, '2018-07-14 07:30:27', '', 0, '', 0, 0, 0, 0, 0, '', '00:00:01', 1, 0, 0, 0, 1, '', 1, 1, 0, 'Match 37'),
(180, 1, 11, 'CCC vs TM (H)', '', 2, '2018-07-14 07:30:34', '', 0, '', 0, 0, 0, 0, 0, '', '00:00:01', 1, 0, 0, 0, 2, '', 1, 1, 0, 'Match 38'),
(181, 1, 11, 'ITB vs PCC (H)', '', 2, '2018-07-15 07:30:36', '', 0, '', 0, 0, 0, 0, 0, '', '00:00:01', 1, 0, 0, 0, 1, '', 1, 1, 0, 'Match 39'),
(182, 1, 11, 'LOB vs MW (H)', '', 2, '2018-07-15 07:30:39', '', 0, '', 0, 0, 0, 0, 0, '', '00:00:01', 1, 0, 0, 0, 2, '', 1, 1, 0, 'Match 40'),
(183, 1, 11, 'ITL vs RM (H)', '', 2, '2018-07-21 07:30:07', '', 0, '', 0, 0, 0, 0, 0, '', '00:00:01', 1, 0, 0, 0, 1, '', 1, 1, 0, 'Match 41'),
(184, 1, 11, 'CCC vs ITB (H)', '', 2, '2018-07-21 07:30:00', '', 0, '', 0, 0, 0, 0, 0, '', '00:00:01', 1, 0, 0, 0, 2, '', 1, 1, 0, 'Match 42'),
(185, 1, 11, 'TM vs LOB (H)', '', 2, '2018-07-22 07:30:39', '', 0, '', 0, 0, 0, 0, 0, '', '00:00:01', 1, 0, 0, 0, 1, '', 1, 1, 0, 'Match 43'),
(186, 1, 11, 'PCC vs SCC (H)', '', 2, '2018-07-22 07:30:45', '', 0, '', 0, 0, 0, 0, 0, '', '00:00:01', 1, 0, 0, 0, 2, '', 1, 1, 0, 'Match 44'),
(187, 1, 11, 'CCC vs PCC (H)', '', 2, '2018-07-28 07:30:55', '', 0, '', 0, 0, 0, 0, 0, '', '00:00:01', 1, 0, 0, 0, 1, '', 1, 1, 0, 'Match 45'),
(188, 1, 11, 'RM vs ITB (H)', '', 2, '2018-07-28 07:30:22', '', 0, '', 0, 0, 0, 0, 0, '', '00:00:01', 1, 0, 0, 0, 2, '', 1, 1, 0, 'Match 46'),
(189, 1, 11, 'SCC vs MW (H)', '', 2, '2018-07-29 07:30:03', '', 0, '', 0, 0, 0, 0, 0, '', '00:00:01', 1, 0, 0, 0, 1, '', 1, 1, 0, 'Match 47'),
(190, 1, 11, 'ITL vs LOB (H)', '', 2, '2018-07-29 07:30:03', '', 0, '', 0, 0, 0, 0, 0, '', '00:00:01', 1, 0, 0, 0, 2, '', 1, 1, 0, 'Match 48'),
(191, 1, 11, 'LOB vs CCC (H)', '', 2, '2018-08-04 07:30:21', '', 0, '', 0, 0, 0, 0, 0, '', '00:00:01', 1, 0, 0, 0, 1, '', 1, 1, 0, 'Match 49'),
(192, 1, 11, 'ITL vs MW (H)', '', 2, '2018-08-04 07:30:45', '', 0, '', 0, 0, 0, 0, 0, '', '00:00:01', 1, 0, 0, 0, 2, '', 1, 1, 0, 'Match 50'),
(193, 1, 11, 'PCC vs ITB (H)', '', 2, '2018-08-05 07:30:05', '', 0, '', 0, 0, 0, 0, 0, '', '00:00:01', 1, 0, 0, 0, 1, '', 1, 1, 0, 'Match 51'),
(194, 1, 11, 'TM vs RM (H)', '', 2, '2018-08-05 07:30:16', '', 0, '', 0, 0, 0, 0, 0, '', '00:00:01', 1, 0, 0, 0, 2, '', 1, 1, 0, 'Match 52'),
(195, 1, 11, 'ITB vs SCC  (H)', '', 2, '2018-08-11 07:30:49', '', 0, '', 0, 0, 0, 0, 0, '', '00:00:01', 1, 0, 0, 0, 1, '', 1, 1, 0, 'Match 53'),
(196, 1, 11, 'TM vs PCC (H)', '', 2, '2018-08-11 07:30:22', '', 0, '', 0, 0, 0, 0, 0, '', '00:00:01', 1, 0, 0, 0, 2, '', 1, 1, 0, 'Match 54'),
(197, 1, 11, 'ITL vs CCC (H)', '', 2, '2018-08-12 07:30:26', '', 0, '', 0, 0, 0, 0, 0, '', '00:00:01', 1, 0, 0, 0, 1, '', 1, 1, 0, 'Match 55'),
(198, 1, 11, 'LOB vs RM (H)', '', 2, '2018-08-12 07:30:40', '', 0, '', 0, 0, 0, 0, 0, '', '00:00:01', 1, 0, 0, 0, 2, '', 1, 1, 0, 'Match 56'),
(199, 1, 11, 'RM vs CCC (H)', '', 2, '2018-08-18 07:30:52', '', 0, '', 0, 0, 0, 0, 0, '', '00:00:01', 1, 0, 0, 0, 1, '', 1, 1, 0, 'Match 57'),
(200, 1, 11, 'ITB vs ITL (H)', '', 2, '2018-08-18 07:30:10', '', 0, '', 0, 0, 0, 0, 0, '', '00:00:01', 1, 0, 0, 0, 2, '', 1, 1, 0, 'Match 58'),
(201, 1, 11, 'SCC vs LOB (H)', '', 2, '2018-08-19 07:30:55', '', 0, '', 0, 0, 0, 0, 0, '', '00:00:01', 1, 0, 0, 0, 1, '', 1, 1, 0, 'Match 59'),
(202, 1, 11, 'MW vs TM (H)', '', 2, '2018-08-19 07:30:35', '', 0, '', 0, 0, 0, 0, 0, '', '00:00:01', 1, 0, 0, 0, 2, '', 1, 1, 0, 'Match 60'),
(203, 1, 11, 'TM vs ITL (H)', '', 2, '2018-08-25 07:30:56', '', 0, '', 0, 0, 0, 0, 0, '', '00:00:01', 1, 0, 0, 0, 1, '', 1, 1, 0, 'Match 61'),
(204, 1, 11, 'ITB vs MW (H)', '', 2, '2018-08-25 07:30:11', '', 0, '', 0, 0, 0, 0, 0, '', '00:00:01', 1, 0, 0, 0, 2, '', 1, 1, 0, 'Match 62'),
(205, 1, 11, 'PCC vs RM (H)', '', 2, '2018-08-26 07:30:20', '', 0, '', 0, 0, 0, 0, 0, '', '00:00:01', 1, 0, 0, 0, 1, '', 1, 1, 0, 'Match 63'),
(206, 1, 11, 'CCC vs LOB (H)', '', 2, '2018-08-26 07:30:36', '', 0, '', 0, 0, 0, 0, 0, '', '00:00:01', 1, 0, 0, 0, 2, '', 1, 1, 0, 'Match 64'),
(207, 1, 11, 'LOB vs PCC (H)', '', 2, '2018-09-01 07:30:58', '', 0, '', 0, 0, 0, 0, 0, '', '00:00:01', 1, 0, 0, 0, 1, '', 1, 1, 0, 'Match 65'),
(208, 1, 11, 'SCC vs ITL (H)', '', 2, '2018-09-01 07:30:45', '', 0, '', 0, 0, 0, 0, 0, '', '00:00:01', 1, 0, 0, 0, 2, '', 1, 1, 0, 'Match 66'),
(209, 1, 11, 'RM vs TM (H)', '', 2, '2018-09-02 07:30:40', '', 0, '', 0, 0, 0, 0, 0, '', '00:00:01', 1, 0, 0, 0, 1, '', 1, 1, 0, 'Match 67'),
(210, 1, 11, 'CCC vs MW (H)', '', 2, '2018-09-02 07:30:38', '', 0, '', 0, 0, 0, 0, 0, '', '00:00:01', 1, 0, 0, 0, 2, '', 1, 1, 0, 'Match 68'),
(211, 1, 11, 'CCC vs SCC (H)', '', 2, '2018-09-08 07:30:32', '', 0, '', 0, 0, 0, 0, 0, '', '00:00:01', 1, 0, 0, 0, 1, '', 1, 1, 0, 'Match 69'),
(212, 1, 11, 'ITB vs TM (H)', '', 2, '2018-09-08 07:30:46', '', 0, '', 0, 0, 0, 0, 0, '', '00:00:01', 1, 0, 0, 0, 2, '', 1, 1, 0, 'Match 70'),
(213, 1, 11, 'MW vs RM (H)', '', 2, '2018-09-09 07:30:19', '', 0, '', 0, 0, 0, 0, 0, '', '00:00:01', 1, 0, 0, 0, 1, '', 1, 1, 0, 'Match 71'),
(214, 1, 11, 'PCC vs ITL (H)', '', 2, '2018-09-09 07:30:22', '', 0, '', 0, 0, 0, 0, 0, '', '00:00:01', 1, 0, 0, 0, 2, '', 1, 1, 0, 'Match 72'),
(215, 1, 11, 'Semifinals', '', 2, '2018-09-15 07:30:01', '', 0, '', 0, 0, 0, 0, 0, '', '00:00:01', 1, 0, 0, 0, 1, '', 1, 1, 0, 'Match 73'),
(216, 1, 11, 'Semifinals', '', 2, '2018-09-15 07:30:15', '', 0, '', 0, 0, 0, 0, 0, '', '00:00:01', 1, 0, 0, 0, 2, '', 1, 1, 0, 'Match 74'),
(217, 1, 11, 'Finals', '', 1, '2018-09-22 07:30:17', '', 0, '', 0, 0, 0, 0, 0, '', '00:00:01', 1, 0, 0, 0, 1, '', 1, 1, 0, 'Match 75');

-- --------------------------------------------------------

--
-- Table structure for table `country`
--

CREATE TABLE `country` (
  `id` int(11) NOT NULL,
  `iso` char(2) NOT NULL,
  `name` varchar(80) NOT NULL,
  `nicename` varchar(80) NOT NULL,
  `iso3` char(3) DEFAULT NULL,
  `numcode` smallint(6) DEFAULT NULL,
  `phonecode` int(5) NOT NULL,
  `flagPath` varchar(30) NOT NULL,
  `status` int(11) NOT NULL DEFAULT '1'
) ENGINE=MyISAM DEFAULT CHARSET=latin1;

--
-- Dumping data for table `country`
--

INSERT INTO `country` (`id`, `iso`, `name`, `nicename`, `iso3`, `numcode`, `phonecode`, `flagPath`, `status`) VALUES
(1, 'AF', 'AFGHANISTAN', 'Afghanistan', 'AFG', 4, 93, '/flags/af.png', 0),
(2, 'AL', 'ALBANIA', 'Albania', 'ALB', 8, 355, '/flags/al.png', 0),
(3, 'DZ', 'ALGERIA', 'Algeria', 'DZA', 12, 213, '/flags/dz.png', 0),
(4, 'AS', 'AMERICAN SAMOA', 'American Samoa', 'ASM', 16, 1684, '/flags/as.png', 1),
(5, 'AD', 'ANDORRA', 'Andorra', 'AND', 20, 376, '/flags/ad.png', 1),
(6, 'AO', 'ANGOLA', 'Angola', 'AGO', 24, 244, '/flags/ao.png', 1),
(7, 'AI', 'ANGUILLA', 'Anguilla', 'AIA', 660, 1264, '/flags/ai.png', 1),
(8, 'AQ', 'ANTARCTICA', 'Antarctica', 'ATA', 10, 672, '/flags/aq.png', 1),
(9, 'AG', 'ANTIGUA AND BARBUDA', 'Antigua and Barbuda', 'ATG', 28, 1268, '/flags/ag.png', 1),
(10, 'AR', 'ARGENTINA', 'Argentina', 'ARG', 32, 54, '/flags/ar.png', 1),
(11, 'AM', 'ARMENIA', 'Armenia', 'ARM', 51, 374, '/flags/am.png', 1),
(12, 'AW', 'ARUBA', 'Aruba', 'ABW', 533, 297, '/flags/aw.png', 1),
(13, 'AU', 'AUSTRALIA', 'Australia', 'AUS', 36, 61, '/flags/au.png', 1),
(14, 'AT', 'AUSTRIA', 'Austria', 'AUT', 40, 43, '/flags/at.png', 1),
(15, 'AZ', 'AZERBAIJAN', 'Azerbaijan', 'AZE', 31, 994, '/flags/az.png', 1),
(16, 'BS', 'BAHAMAS', 'Bahamas', 'BHS', 44, 1242, '/flags/bs.png', 1),
(17, 'BH', 'BAHRAIN', 'Bahrain', 'BHR', 48, 973, '/flags/bh.png', 1),
(18, 'BD', 'BANGLADESH', 'Bangladesh', 'BGD', 50, 880, '/flags/bd.png', 1),
(19, 'BB', 'BARBADOS', 'Barbados', 'BRB', 52, 1246, '/flags/bb.png', 1),
(20, 'BY', 'BELARUS', 'Belarus', 'BLR', 112, 375, '/flags/by.png', 1),
(21, 'BE', 'BELGIUM', 'Belgium', 'BEL', 56, 32, '/flags/be.png', 1),
(22, 'BZ', 'BELIZE', 'Belize', 'BLZ', 84, 501, '/flags/bz.png', 1),
(23, 'BJ', 'BENIN', 'Benin', 'BEN', 204, 229, '/flags/bj.png', 1),
(24, 'BM', 'BERMUDA', 'Bermuda', 'BMU', 60, 1441, '/flags/bm.png', 1),
(25, 'BT', 'BHUTAN', 'Bhutan', 'BTN', 64, 975, '/flags/bt.png', 1),
(26, 'BO', 'BOLIVIA', 'Bolivia', 'BOL', 68, 591, '/flags/bo.png', 1),
(27, 'BA', 'BOSNIA AND HERZEGOVINA', 'Bosnia and Herzegovina', 'BIH', 70, 387, '/flags/ba.png', 1),
(28, 'BW', 'BOTSWANA', 'Botswana', 'BWA', 72, 267, '/flags/bw.png', 1),
(29, 'BV', 'BOUVET ISLAND', 'Bouvet Island', '', 0, 0, '/flags/bv.png', 1),
(30, 'BR', 'BRAZIL', 'Brazil', 'BRA', 76, 55, '/flags/br.png', 1),
(31, 'IO', 'BRITISH INDIAN OCEAN TERRITORY', 'British Indian Ocean Territory', '', 0, 246, '/flags/io.png', 1),
(32, 'BN', 'BRUNEI DARUSSALAM', 'Brunei Darussalam', 'BRN', 96, 673, '/flags/bn.png', 1),
(33, 'BG', 'BULGARIA', 'Bulgaria', 'BGR', 100, 359, '/flags/bg.png', 1),
(34, 'BF', 'BURKINA FASO', 'Burkina Faso', 'BFA', 854, 226, '/flags/bf.png', 1),
(35, 'BI', 'BURUNDI', 'Burundi', 'BDI', 108, 257, '/flags/bi.png', 1),
(36, 'KH', 'CAMBODIA', 'Cambodia', 'KHM', 116, 855, '/flags/kh.png', 1),
(37, 'CM', 'CAMEROON', 'Cameroon', 'CMR', 120, 237, '/flags/cm.png', 1),
(38, 'CA', 'CANADA', 'Canada', 'CAN', 124, 1, '/flags/ca.png', 1),
(39, 'CV', 'CAPE VERDE', 'Cape Verde', 'CPV', 132, 238, '/flags/cv.png', 1),
(40, 'KY', 'CAYMAN ISLANDS', 'Cayman Islands', 'CYM', 136, 1345, '/flags/ky.png', 1),
(41, 'CF', 'CENTRAL AFRICAN REPUBLIC', 'Central African Republic', 'CAF', 140, 236, '/flags/cf.png', 1),
(42, 'TD', 'CHAD', 'Chad', 'TCD', 148, 235, '/flags/td.png', 1),
(43, 'CL', 'CHILE', 'Chile', 'CHL', 152, 56, '/flags/cl.png', 1),
(44, 'CN', 'CHINA', 'China', 'CHN', 156, 86, '/flags/cn.png', 1),
(45, 'CX', 'CHRISTMAS ISLAND', 'Christmas Island', '', 0, 61, '/flags/cx.png', 1),
(46, 'CC', 'COCOS (KEELING) ISLANDS', 'Cocos (Keeling) Islands', '', 0, 672, '/flags/cc.png', 1),
(47, 'CO', 'COLOMBIA', 'Colombia', 'COL', 170, 57, '/flags/co.png', 1),
(48, 'KM', 'COMOROS', 'Comoros', 'COM', 174, 269, '/flags/km.png', 1),
(49, 'CG', 'CONGO', 'Congo', 'COG', 178, 242, '/flags/cg.png', 1),
(50, 'CD', 'CONGO, THE DEMOCRATIC REPUBLIC OF THE', 'Congo, the Democratic Republic of the', 'COD', 180, 242, '/flags/cd.png', 1),
(51, 'CK', 'COOK ISLANDS', 'Cook Islands', 'COK', 184, 682, '/flags/ck.png', 1),
(52, 'CR', 'COSTA RICA', 'Costa Rica', 'CRI', 188, 506, '/flags/cr.png', 1),
(53, 'CI', 'COTE D\'IVOIRE', 'Cote D\'Ivoire', 'CIV', 384, 225, '/flags/ci.png', 1),
(54, 'HR', 'CROATIA', 'Croatia', 'HRV', 191, 385, '/flags/hr.png', 1),
(55, 'CU', 'CUBA', 'Cuba', 'CUB', 192, 53, '/flags/cu.png', 1),
(56, 'CY', 'CYPRUS', 'Cyprus', 'CYP', 196, 357, '/flags/cy.png', 1),
(57, 'CZ', 'CZECH REPUBLIC', 'Czech Republic', 'CZE', 203, 420, '/flags/cz.png', 1),
(58, 'DK', 'DENMARK', 'Denmark', 'DNK', 208, 45, '/flags/dk.png', 1),
(59, 'DJ', 'DJIBOUTI', 'Djibouti', 'DJI', 262, 253, '/flags/dj.png', 1),
(60, 'DM', 'DOMINICA', 'Dominica', 'DMA', 212, 1767, '/flags/dm.png', 1),
(61, 'DO', 'DOMINICAN REPUBLIC', 'Dominican Republic', 'DOM', 214, 1809, '/flags/do.png', 1),
(62, 'EC', 'ECUADOR', 'Ecuador', 'ECU', 218, 593, '/flags/ec.png', 1),
(63, 'EG', 'EGYPT', 'Egypt', 'EGY', 818, 20, '/flags/eg.png', 1),
(64, 'SV', 'EL SALVADOR', 'El Salvador', 'SLV', 222, 503, '/flags/sv.png', 1),
(65, 'GQ', 'EQUATORIAL GUINEA', 'Equatorial Guinea', 'GNQ', 226, 240, '/flags/gq.png', 1),
(66, 'ER', 'ERITREA', 'Eritrea', 'ERI', 232, 291, '/flags/er.png', 1),
(67, 'EE', 'ESTONIA', 'Estonia', 'EST', 233, 372, '/flags/ee.png', 1),
(68, 'ET', 'ETHIOPIA', 'Ethiopia', 'ETH', 231, 251, '/flags/et.png', 1),
(69, 'FK', 'FALKLAND ISLANDS (MALVINAS)', 'Falkland Islands (Malvinas)', 'FLK', 238, 500, '/flags/fk.png', 1),
(70, 'FO', 'FAROE ISLANDS', 'Faroe Islands', 'FRO', 234, 298, '/flags/fo.png', 1),
(71, 'FJ', 'FIJI', 'Fiji', 'FJI', 242, 679, '/flags/fj.png', 1),
(72, 'FI', 'FINLAND', 'Finland', 'FIN', 246, 358, '/flags/fi.png', 1),
(73, 'FR', 'FRANCE', 'France', 'FRA', 250, 33, '/flags/fr.png', 1),
(74, 'GF', 'FRENCH GUIANA', 'French Guiana', 'GUF', 254, 594, '/flags/gf.png', 1),
(75, 'PF', 'FRENCH POLYNESIA', 'French Polynesia', 'PYF', 258, 689, '/flags/pf.png', 1),
(76, 'TF', 'FRENCH SOUTHERN TERRITORIES', 'French Southern Territories', '', 0, 0, '/flags/tf.png', 1),
(77, 'GA', 'GABON', 'Gabon', 'GAB', 266, 241, '/flags/ga.png', 1),
(78, 'GM', 'GAMBIA', 'Gambia', 'GMB', 270, 220, '/flags/gm.png', 1),
(79, 'GE', 'GEORGIA', 'Georgia', 'GEO', 268, 995, '/flags/ge.png', 1),
(80, 'DE', 'GERMANY', 'Germany', 'DEU', 276, 49, '/flags/de.png', 1),
(81, 'GH', 'GHANA', 'Ghana', 'GHA', 288, 233, '/flags/gh.png', 1),
(82, 'GI', 'GIBRALTAR', 'Gibraltar', 'GIB', 292, 350, '/flags/gi.png', 1),
(83, 'GR', 'GREECE', 'Greece', 'GRC', 300, 30, '/flags/gr.png', 1),
(84, 'GL', 'GREENLAND', 'Greenland', 'GRL', 304, 299, '/flags/gl.png', 1),
(85, 'GD', 'GRENADA', 'Grenada', 'GRD', 308, 1473, '/flags/gd.png', 1),
(86, 'GP', 'GUADELOUPE', 'Guadeloupe', 'GLP', 312, 590, '/flags/gp.png', 1),
(87, 'GU', 'GUAM', 'Guam', 'GUM', 316, 1671, '/flags/gu.png', 1),
(88, 'GT', 'GUATEMALA', 'Guatemala', 'GTM', 320, 502, '/flags/gt.png', 1),
(89, 'GN', 'GUINEA', 'Guinea', 'GIN', 324, 224, '/flags/gn.png', 1),
(90, 'GW', 'GUINEA-BISSAU', 'Guinea-Bissau', 'GNB', 624, 245, '/flags/gw.png', 1),
(91, 'GY', 'GUYANA', 'Guyana', 'GUY', 328, 592, '/flags/gy.png', 1),
(92, 'HT', 'HAITI', 'Haiti', 'HTI', 332, 509, '/flags/ht.png', 1),
(93, 'HM', 'HEARD ISLAND AND MCDONALD ISLANDS', 'Heard Island and Mcdonald Islands', '', 0, 0, '/flags/hm.png', 1),
(94, 'VA', 'HOLY SEE (VATICAN CITY STATE)', 'Holy See (Vatican City State)', 'VAT', 336, 39, '/flags/va.png', 1),
(95, 'HN', 'HONDURAS', 'Honduras', 'HND', 340, 504, '/flags/hn.png', 1),
(96, 'HK', 'HONG KONG', 'Hong Kong', 'HKG', 344, 852, '/flags/hk.png', 1),
(97, 'HU', 'HUNGARY', 'Hungary', 'HUN', 348, 36, '/flags/hu.png', 1),
(98, 'IS', 'ICELAND', 'Iceland', 'ISL', 352, 354, '/flags/is.png', 1),
(99, 'IN', 'INDIA', 'India', 'IND', 356, 91, '/flags/in.png', 1),
(100, 'ID', 'INDONESIA', 'Indonesia', 'IDN', 360, 62, '/flags/id.png', 1),
(101, 'IR', 'IRAN, ISLAMIC REPUBLIC OF', 'Iran, Islamic Republic of', 'IRN', 364, 98, '/flags/ir.png', 1),
(102, 'IQ', 'IRAQ', 'Iraq', 'IRQ', 368, 964, '/flags/iq.png', 1),
(103, 'IE', 'IRELAND', 'Ireland', 'IRL', 372, 353, '/flags/ie.png', 1),
(104, 'IL', 'ISRAEL', 'Israel', 'ISR', 376, 972, '/flags/il.png', 1),
(105, 'IT', 'ITALY', 'Italy', 'ITA', 380, 39, '/flags/it.png', 1),
(106, 'JM', 'JAMAICA', 'Jamaica', 'JAM', 388, 1876, '/flags/jm.png', 1),
(107, 'JP', 'JAPAN', 'Japan', 'JPN', 392, 81, '/flags/jp.png', 1),
(108, 'JO', 'JORDAN', 'Jordan', 'JOR', 400, 962, '/flags/jo.png', 1),
(109, 'KZ', 'KAZAKHSTAN', 'Kazakhstan', 'KAZ', 398, 7, '/flags/kz.png', 1),
(110, 'KE', 'KENYA', 'Kenya', 'KEN', 404, 254, '/flags/ke.png', 1),
(111, 'KI', 'KIRIBATI', 'Kiribati', 'KIR', 296, 686, '/flags/ki.png', 1),
(112, 'KP', 'KOREA, DEMOCRATIC PEOPLE\'S REPUBLIC OF', 'Korea, Democratic People\'s Republic of', 'PRK', 408, 850, '/flags/kp.png', 1),
(113, 'KR', 'KOREA, REPUBLIC OF', 'Korea, Republic of', 'KOR', 410, 82, '/flags/kr.png', 1),
(114, 'KW', 'KUWAIT', 'Kuwait', 'KWT', 414, 965, '/flags/kw.png', 1),
(115, 'KG', 'KYRGYZSTAN', 'Kyrgyzstan', 'KGZ', 417, 996, '/flags/kg.png', 1),
(116, 'LA', 'LAO PEOPLE\'S DEMOCRATIC REPUBLIC', 'Lao People\'s Democratic Republic', 'LAO', 418, 856, '/flags/la.png', 1),
(117, 'LV', 'LATVIA', 'Latvia', 'LVA', 428, 371, '/flags/lv.png', 1),
(118, 'LB', 'LEBANON', 'Lebanon', 'LBN', 422, 961, '/flags/lb.png', 1),
(119, 'LS', 'LESOTHO', 'Lesotho', 'LSO', 426, 266, '/flags/ls.png', 1),
(120, 'LR', 'LIBERIA', 'Liberia', 'LBR', 430, 231, '/flags/lr.png', 1),
(121, 'LY', 'LIBYAN ARAB JAMAHIRIYA', 'Libyan Arab Jamahiriya', 'LBY', 434, 218, '/flags/ly.png', 1),
(122, 'LI', 'LIECHTENSTEIN', 'Liechtenstein', 'LIE', 438, 423, '/flags/li.png', 1),
(123, 'LT', 'LITHUANIA', 'Lithuania', 'LTU', 440, 370, '/flags/lt.png', 1),
(124, 'LU', 'LUXEMBOURG', 'Luxembourg', 'LUX', 442, 352, '/flags/lu.png', 1),
(125, 'MO', 'MACAO', 'Macao', 'MAC', 446, 853, '/flags/mo.png', 1),
(126, 'MK', 'MACEDONIA, THE FORMER YUGOSLAV REPUBLIC OF', 'Macedonia, the Former Yugoslav Republic of', 'MKD', 807, 389, '/flags/mk.png', 1),
(127, 'MG', 'MADAGASCAR', 'Madagascar', 'MDG', 450, 261, '/flags/mg.png', 1),
(128, 'MW', 'MALAWI', 'Malawi', 'MWI', 454, 265, '/flags/mw.png', 1),
(129, 'MY', 'MALAYSIA', 'Malaysia', 'MYS', 458, 60, '/flags/my.png', 1),
(130, 'MV', 'MALDIVES', 'Maldives', 'MDV', 462, 960, '/flags/mv.png', 1),
(131, 'ML', 'MALI', 'Mali', 'MLI', 466, 223, '/flags/ml.png', 1),
(132, 'MT', 'MALTA', 'Malta', 'MLT', 470, 356, '/flags/mt.png', 1),
(133, 'MH', 'MARSHALL ISLANDS', 'Marshall Islands', 'MHL', 584, 692, '/flags/mh.png', 1),
(134, 'MQ', 'MARTINIQUE', 'Martinique', 'MTQ', 474, 596, '/flags/mq.png', 1),
(135, 'MR', 'MAURITANIA', 'Mauritania', 'MRT', 478, 222, '/flags/mr.png', 1),
(136, 'MU', 'MAURITIUS', 'Mauritius', 'MUS', 480, 230, '/flags/mu.png', 1),
(137, 'YT', 'MAYOTTE', 'Mayotte', '', 0, 269, '/flags/yt.png', 1),
(138, 'MX', 'MEXICO', 'Mexico', 'MEX', 484, 52, '/flags/mx.png', 1),
(139, 'FM', 'MICRONESIA, FEDERATED STATES OF', 'Micronesia, Federated States of', 'FSM', 583, 691, '/flags/fm.png', 1),
(140, 'MD', 'MOLDOVA, REPUBLIC OF', 'Moldova, Republic of', 'MDA', 498, 373, '/flags/md.png', 1),
(141, 'MC', 'MONACO', 'Monaco', 'MCO', 492, 377, '/flags/mc.png', 1),
(142, 'MN', 'MONGOLIA', 'Mongolia', 'MNG', 496, 976, '/flags/mn.png', 1),
(143, 'MS', 'MONTSERRAT', 'Montserrat', 'MSR', 500, 1664, '/flags/ms.png', 1),
(144, 'MA', 'MOROCCO', 'Morocco', 'MAR', 504, 212, '/flags/ma.png', 1),
(145, 'MZ', 'MOZAMBIQUE', 'Mozambique', 'MOZ', 508, 258, '/flags/mz.png', 1),
(146, 'MM', 'MYANMAR', 'Myanmar', 'MMR', 104, 95, '/flags/mm.png', 1),
(147, 'NA', 'NAMIBIA', 'Namibia', 'NAM', 516, 264, '/flags/na.png', 1),
(148, 'NR', 'NAURU', 'Nauru', 'NRU', 520, 674, '/flags/nr.png', 1),
(149, 'NP', 'NEPAL', 'Nepal', 'NPL', 524, 977, '/flags/np.png', 1),
(150, 'NL', 'NETHERLANDS', 'Netherlands', 'NLD', 528, 31, '/flags/nl.png', 1),
(151, 'AN', 'NETHERLANDS ANTILLES', 'Netherlands Antilles', 'ANT', 530, 599, '/flags/an.png', 1),
(152, 'NC', 'NEW CALEDONIA', 'New Caledonia', 'NCL', 540, 687, '/flags/nc.png', 1),
(153, 'NZ', 'NEW ZEALAND', 'New Zealand', 'NZL', 554, 64, '/flags/nz.png', 1),
(154, 'NI', 'NICARAGUA', 'Nicaragua', 'NIC', 558, 505, '/flags/ni.png', 1),
(155, 'NE', 'NIGER', 'Niger', 'NER', 562, 227, '/flags/ne.png', 1),
(156, 'NG', 'NIGERIA', 'Nigeria', 'NGA', 566, 234, '/flags/ng.png', 1),
(157, 'NU', 'NIUE', 'Niue', 'NIU', 570, 683, '/flags/nu.png', 1),
(158, 'NF', 'NORFOLK ISLAND', 'Norfolk Island', 'NFK', 574, 672, '/flags/nf.png', 1),
(159, 'MP', 'NORTHERN MARIANA ISLANDS', 'Northern Mariana Islands', 'MNP', 580, 1670, '/flags/mp.png', 1),
(160, 'NO', 'NORWAY', 'Norway', 'NOR', 578, 47, '/flags/no.png', 1),
(161, 'OM', 'OMAN', 'Oman', 'OMN', 512, 968, '/flags/om.png', 1),
(162, 'PK', 'PAKISTAN', 'Pakistan', 'PAK', 586, 92, '/flags/pk.png', 1),
(163, 'PW', 'PALAU', 'Palau', 'PLW', 585, 680, '/flags/pw.png', 1),
(164, 'PS', 'PALESTINIAN TERRITORY, OCCUPIED', 'Palestinian Territory, Occupied', '', 0, 970, '/flags/ps.png', 1),
(165, 'PA', 'PANAMA', 'Panama', 'PAN', 591, 507, '/flags/pa.png', 1),
(166, 'PG', 'PAPUA NEW GUINEA', 'Papua New Guinea', 'PNG', 598, 675, '/flags/pg.png', 1),
(167, 'PY', 'PARAGUAY', 'Paraguay', 'PRY', 600, 595, '/flags/py.png', 1),
(168, 'PE', 'PERU', 'Peru', 'PER', 604, 51, '/flags/pe.png', 1),
(169, 'PH', 'PHILIPPINES', 'Philippines', 'PHL', 608, 63, '/flags/ph.png', 1),
(170, 'PN', 'PITCAIRN', 'Pitcairn', 'PCN', 612, 0, '/flags/pn.png', 1),
(171, 'PL', 'POLAND', 'Poland', 'POL', 616, 48, '/flags/pl.png', 1),
(172, 'PT', 'PORTUGAL', 'Portugal', 'PRT', 620, 351, '/flags/pt.png', 1),
(173, 'PR', 'PUERTO RICO', 'Puerto Rico', 'PRI', 630, 1787, '/flags/pr.png', 1),
(174, 'QA', 'QATAR', 'Qatar', 'QAT', 634, 974, '/flags/qa.png', 1),
(175, 'RE', 'REUNION', 'Reunion', 'REU', 638, 262, '/flags/re.png', 1),
(176, 'RO', 'ROMANIA', 'Romania', 'ROM', 642, 40, '/flags/ro.png', 1),
(177, 'RU', 'RUSSIAN FEDERATION', 'Russian Federation', 'RUS', 643, 70, '/flags/ru.png', 1),
(178, 'RW', 'RWANDA', 'Rwanda', 'RWA', 646, 250, '/flags/rw.png', 1),
(179, 'SH', 'SAINT HELENA', 'Saint Helena', 'SHN', 654, 290, '/flags/sh.png', 1),
(180, 'KN', 'SAINT KITTS AND NEVIS', 'Saint Kitts and Nevis', 'KNA', 659, 1869, '/flags/kn.png', 1),
(181, 'LC', 'SAINT LUCIA', 'Saint Lucia', 'LCA', 662, 1758, '/flags/lc.png', 1),
(182, 'PM', 'SAINT PIERRE AND MIQUELON', 'Saint Pierre and Miquelon', 'SPM', 666, 508, '/flags/pm.png', 1),
(183, 'VC', 'SAINT VINCENT AND THE GRENADINES', 'Saint Vincent and the Grenadines', 'VCT', 670, 1784, '/flags/vc.png', 1),
(184, 'WS', 'SAMOA', 'Samoa', 'WSM', 882, 684, '/flags/ws.png', 1),
(185, 'SM', 'SAN MARINO', 'San Marino', 'SMR', 674, 378, '/flags/sm.png', 1),
(186, 'ST', 'SAO TOME AND PRINCIPE', 'Sao Tome and Principe', 'STP', 678, 239, '/flags/st.png', 1),
(187, 'SA', 'SAUDI ARABIA', 'Saudi Arabia', 'SAU', 682, 966, '/flags/sa.png', 1),
(188, 'SN', 'SENEGAL', 'Senegal', 'SEN', 686, 221, '/flags/sn.png', 1),
(189, 'CS', 'SERBIA AND MONTENEGRO', 'Serbia and Montenegro', '', 0, 381, '/flags/cs.png', 1),
(190, 'SC', 'SEYCHELLES', 'Seychelles', 'SYC', 690, 248, '/flags/sc.png', 1),
(191, 'SL', 'SIERRA LEONE', 'Sierra Leone', 'SLE', 694, 232, '/flags/sl.png', 1),
(192, 'SG', 'SINGAPORE', 'Singapore', 'SGP', 702, 65, '/flags/sg.png', 1),
(193, 'SK', 'SLOVAKIA', 'Slovakia', 'SVK', 703, 421, '/flags/sk.png', 1),
(194, 'SI', 'SLOVENIA', 'Slovenia', 'SVN', 705, 386, '/flags/si.png', 1),
(195, 'SB', 'SOLOMON ISLANDS', 'Solomon Islands', 'SLB', 90, 677, '/flags/sb.png', 1),
(196, 'SO', 'SOMALIA', 'Somalia', 'SOM', 706, 252, '/flags/so.png', 1),
(197, 'ZA', 'SOUTH AFRICA', 'South Africa', 'ZAF', 710, 27, '/flags/za.png', 1),
(198, 'GS', 'SOUTH GEORGIA AND THE SOUTH SANDWICH ISLANDS', 'South Georgia and the South Sandwich Islands', '', 0, 0, '/flags/gs.png', 1),
(199, 'ES', 'SPAIN', 'Spain', 'ESP', 724, 34, '/flags/es.png', 1),
(200, 'LK', 'SRI LANKA', 'Sri Lanka', 'LKA', 144, 94, '/flags/lk.png', 1),
(201, 'SD', 'SUDAN', 'Sudan', 'SDN', 736, 249, '/flags/sd.png', 1),
(202, 'SR', 'SURINAME', 'Suriname', 'SUR', 740, 597, '/flags/sr.png', 1),
(203, 'SJ', 'SVALBARD AND JAN MAYEN', 'Svalbard and Jan Mayen', 'SJM', 744, 47, '/flags/sj.png', 1),
(204, 'SZ', 'SWAZILAND', 'Swaziland', 'SWZ', 748, 268, '/flags/sz.png', 1),
(205, 'SE', 'SWEDEN', 'Sweden', 'SWE', 752, 46, '/flags/se.png', 1),
(206, 'CH', 'SWITZERLAND', 'Switzerland', 'CHE', 756, 41, '/flags/ch.png', 1),
(207, 'SY', 'SYRIAN ARAB REPUBLIC', 'Syrian Arab Republic', 'SYR', 760, 963, '/flags/sy.png', 1),
(208, 'TW', 'TAIWAN, PROVINCE OF CHINA', 'Taiwan, Province of China', 'TWN', 158, 886, '/flags/tw.png', 1),
(209, 'TJ', 'TAJIKISTAN', 'Tajikistan', 'TJK', 762, 992, '/flags/tj.png', 1),
(210, 'TZ', 'TANZANIA, UNITED REPUBLIC OF', 'Tanzania, United Republic of', 'TZA', 834, 255, '/flags/tz.png', 1),
(211, 'TH', 'THAILAND', 'Thailand', 'THA', 764, 66, '/flags/th.png', 1),
(212, 'TL', 'TIMOR-LESTE', 'Timor-Leste', '', 0, 670, '/flags/tl.png', 1),
(213, 'TG', 'TOGO', 'Togo', 'TGO', 768, 228, '/flags/tg.png', 1),
(214, 'TK', 'TOKELAU', 'Tokelau', 'TKL', 772, 690, '/flags/tk.png', 1),
(215, 'TO', 'TONGA', 'Tonga', 'TON', 776, 676, '/flags/to.png', 1),
(216, 'TT', 'TRINIDAD AND TOBAGO', 'Trinidad and Tobago', 'TTO', 780, 1868, '/flags/tt.png', 1),
(217, 'TN', 'TUNISIA', 'Tunisia', 'TUN', 788, 216, '/flags/tn.png', 1),
(218, 'TR', 'TURKEY', 'Turkey', 'TUR', 792, 90, '/flags/tr.png', 1),
(219, 'TM', 'TURKMENISTAN', 'Turkmenistan', 'TKM', 795, 7370, '/flags/tm.png', 1),
(220, 'TC', 'TURKS AND CAICOS ISLANDS', 'Turks and Caicos Islands', 'TCA', 796, 1649, '/flags/tc.png', 1),
(221, 'TV', 'TUVALU', 'Tuvalu', 'TUV', 798, 688, '/flags/tv.png', 1),
(222, 'UG', 'UGANDA', 'Uganda', 'UGA', 800, 256, '/flags/ug.png', 1),
(223, 'UA', 'UKRAINE', 'Ukraine', 'UKR', 804, 380, '/flags/ua.png', 1),
(224, 'AE', 'UNITED ARAB EMIRATES', 'United Arab Emirates', 'ARE', 784, 971, '/flags/ae.png', 1),
(225, 'GB', 'UNITED KINGDOM', 'United Kingdom', 'GBR', 826, 44, '/flags/gb.png', 1),
(226, 'US', 'UNITED STATES', 'United States', 'USA', 840, 1, '/flags/us.png', 1),
(227, 'UM', 'UNITED STATES MINOR OUTLYING ISLANDS', 'United States Minor Outlying Islands', '', 0, 1, '/flags/um.png', 1),
(228, 'UY', 'URUGUAY', 'Uruguay', 'URY', 858, 598, '/flags/uy.png', 1),
(229, 'UZ', 'UZBEKISTAN', 'Uzbekistan', 'UZB', 860, 998, '/flags/uz.png', 1),
(230, 'VU', 'VANUATU', 'Vanuatu', 'VUT', 548, 678, '/flags/vu.png', 1),
(231, 'VE', 'VENEZUELA', 'Venezuela', 'VEN', 862, 58, '/flags/ve.png', 1),
(232, 'VN', 'VIET NAM', 'Viet Nam', 'VNM', 704, 84, '/flags/vn.png', 1),
(233, 'VG', 'VIRGIN ISLANDS, BRITISH', 'Virgin Islands, British', 'VGB', 92, 1284, '/flags/vg.png', 1),
(234, 'VI', 'VIRGIN ISLANDS, U.S.', 'Virgin Islands, U.s.', 'VIR', 850, 1340, '/flags/vi.png', 1),
(235, 'WF', 'WALLIS AND FUTUNA', 'Wallis and Futuna', 'WLF', 876, 681, '/flags/wf.png', 1),
(236, 'EH', 'WESTERN SAHARA', 'Western Sahara', 'ESH', 732, 212, '/flags/eh.png', 1),
(237, 'YE', 'YEMEN', 'Yemen', 'YEM', 887, 967, '/flags/ye.png', 1),
(238, 'ZM', 'ZAMBIA', 'Zambia', 'ZMB', 894, 260, '/flags/zm.png', 0),
(239, 'ZW', 'ZIMBABWE', 'Zimbabwe', 'ZWE', 716, 263, '/flags/zw.png', 0);

-- --------------------------------------------------------

--
-- Table structure for table `matchschedule`
--

CREATE TABLE `matchschedule` (
  `schedule_id` int(10) NOT NULL,
  `match_id` int(10) NOT NULL,
  `start_date` datetime NOT NULL,
  `local_time` time NOT NULL,
  `description` varchar(200) NOT NULL
) ENGINE=InnoDB DEFAULT CHARSET=latin1;

-- --------------------------------------------------------

--
-- Table structure for table `match_has_player`
--

CREATE TABLE `match_has_player` (
  `mhp_id` int(11) NOT NULL,
  `match_id` int(10) NOT NULL,
  `player_id` int(10) NOT NULL,
  `team_id` int(10) NOT NULL,
  `bat_seq` int(10) NOT NULL,
  `bowl_seq` int(10) NOT NULL,
  `inngs` int(10) NOT NULL,
  `score` int(4) NOT NULL,
  `balls` int(4) NOT NULL,
  `out_str` varchar(100) NOT NULL,
  `fours` int(4) NOT NULL,
  `sixes` int(4) NOT NULL,
  `overs` double NOT NULL,
  `madin` int(3) NOT NULL,
  `b_runs` int(4) NOT NULL,
  `wicks` int(2) NOT NULL,
  `wides` int(3) NOT NULL,
  `nobals` int(3) NOT NULL,
  `this_over_runs` int(3) NOT NULL,
  `b_sixes` int(3) NOT NULL,
  `b_fours` int(3) NOT NULL,
  `candb` int(3) NOT NULL,
  `f_catches` int(3) NOT NULL,
  `f_IR` int(3) NOT NULL,
  `w_keeper` int(3) NOT NULL,
  `f_DR` int(3) NOT NULL,
  `keeper_stumps` int(3) NOT NULL,
  `captain` int(3) NOT NULL,
  `in_final` int(11) NOT NULL DEFAULT '0'
) ENGINE=InnoDB DEFAULT CHARSET=latin1;

--
-- Dumping data for table `match_has_player`
--

INSERT INTO `match_has_player` (`mhp_id`, `match_id`, `player_id`, `team_id`, `bat_seq`, `bowl_seq`, `inngs`, `score`, `balls`, `out_str`, `fours`, `sixes`, `overs`, `madin`, `b_runs`, `wicks`, `wides`, `nobals`, `this_over_runs`, `b_sixes`, `b_fours`, `candb`, `f_catches`, `f_IR`, `w_keeper`, `f_DR`, `keeper_stumps`, `captain`, `in_final`) VALUES
(1, 69, 1, 9, 1, 0, 1, 32, 30, 'B taresh', 2, 1, 0, 0, 0, 0, 0, 0, 0, 0, 0, 0, 0, 0, 0, 0, 0, 1, 0),
(2, 69, 2, 9, 2, 0, 1, 36, 40, 'B taresh', 1, 0, 0, 0, 0, 0, 0, 0, 0, 0, 0, 0, 0, 0, 0, 0, 0, 0, 0),
(3, 69, 3, 9, 3, 0, 1, 25, 30, 'B kumar', 1, 0, 0, 0, 0, 0, 0, 0, 0, 0, 0, 0, 0, 0, 0, 0, 0, 0, 0),
(4, 69, 4, 9, 4, 0, 1, 37, 30, 'B sing', 2, 2, 0, 0, 0, 0, 0, 0, 0, 0, 0, 0, 0, 0, 0, 0, 0, 0, 0),
(5, 69, 5, 9, 0, 0, 1, 0, 0, '', 0, 0, 0, 0, 0, 0, 0, 0, 0, 0, 0, 0, 0, 0, 0, 0, 0, 0, 0),
(6, 69, 6, 9, 0, 0, 1, 0, 0, '', 0, 0, 0, 0, 0, 0, 0, 0, 0, 0, 0, 0, 0, 0, 0, 0, 0, 0, 0),
(7, 69, 7, 9, 0, 0, 1, 0, 0, '', 0, 0, 0, 0, 0, 0, 0, 0, 0, 0, 0, 0, 0, 0, 0, 0, 0, 0, 0),
(8, 69, 8, 9, 0, 0, 1, 0, 0, '', 0, 0, 0, 0, 0, 0, 0, 0, 0, 0, 0, 0, 0, 0, 0, 0, 0, 0, 0),
(9, 69, 9, 9, 0, 0, 1, 0, 0, '', 0, 0, 0, 0, 0, 0, 0, 0, 0, 0, 0, 0, 0, 0, 0, 0, 0, 0, 0),
(10, 69, 12, 9, 0, 3, 1, 0, 0, '', 0, 0, 5, 0, 36, 1, 2, 2, 0, 0, 0, 0, 0, 0, 1, 0, 0, 0, 0),
(11, 69, 13, 9, 0, 2, 1, 0, 0, '', 0, 0, 5, 0, 30, 1, 2, 1, 0, 0, 0, 0, 0, 0, 0, 0, 0, 0, 0),
(12, 69, 14, 9, 0, 1, 1, 0, 0, '', 0, 0, 5, 0, 35, 1, 2, 2, 0, 0, 0, 0, 0, 0, 0, 0, 0, 0, 0),
(13, 69, 19, 10, 1, 0, 1, 32, 30, 'B rahul', 2, 1, 0, 0, 0, 0, 0, 0, 0, 0, 0, 0, 0, 0, 0, 0, 0, 0, 0),
(14, 69, 20, 10, 2, 0, 1, 36, 40, 'B ravat', 1, 0, 0, 0, 0, 0, 0, 0, 0, 0, 0, 0, 0, 0, 0, 0, 0, 0, 0),
(15, 69, 26, 10, 3, 0, 1, 25, 30, 'B kohli', 1, 0, 0, 0, 0, 0, 0, 0, 0, 0, 0, 0, 0, 0, 0, 0, 0, 0, 0),
(16, 69, 29, 10, 4, 0, 1, 37, 30, 'Not out', 2, 2, 0, 0, 0, 0, 0, 0, 0, 0, 0, 0, 0, 0, 0, 0, 0, 0, 0),
(17, 69, 30, 10, 0, 0, 1, 0, 0, '', 0, 0, 0, 0, 0, 0, 0, 0, 0, 0, 0, 0, 0, 0, 0, 0, 0, 0, 0),
(18, 69, 31, 10, 0, 0, 1, 0, 0, '', 0, 0, 0, 0, 0, 0, 0, 0, 0, 0, 0, 0, 0, 0, 0, 0, 0, 0, 0),
(19, 69, 32, 10, 0, 2, 1, 0, 0, '', 0, 0, 5, 0, 30, 1, 2, 1, 0, 0, 0, 0, 0, 0, 0, 0, 0, 0, 0),
(20, 69, 33, 10, 0, 0, 1, 0, 0, '', 0, 0, 0, 0, 0, 0, 0, 0, 0, 0, 0, 0, 0, 0, 0, 0, 0, 1, 0),
(21, 69, 34, 10, 0, 0, 1, 0, 0, '', 0, 0, 0, 0, 0, 0, 0, 0, 0, 0, 0, 0, 0, 0, 0, 0, 0, 0, 0),
(22, 69, 35, 10, 0, 0, 1, 0, 0, '', 0, 0, 0, 0, 0, 0, 0, 0, 0, 0, 0, 0, 0, 0, 1, 0, 0, 0, 0),
(23, 69, 36, 10, 0, 3, 1, 0, 0, '', 0, 0, 5, 0, 36, 1, 2, 2, 0, 0, 0, 0, 0, 0, 0, 0, 0, 0, 0),
(24, 69, 37, 10, 0, 1, 1, 0, 0, '', 0, 0, 5, 0, 35, 2, 2, 2, 0, 0, 0, 0, 0, 0, 0, 0, 0, 0, 0),
(25, 70, 1, 9, 0, 0, 1, 0, 0, '', 0, 0, 0, 0, 0, 0, 0, 0, 0, 0, 0, 0, 0, 0, 0, 0, 0, 0, 0),
(26, 70, 2, 9, 0, 0, 1, 0, 0, '', 0, 0, 0, 0, 0, 0, 0, 0, 0, 0, 0, 0, 0, 0, 0, 0, 0, 0, 0),
(27, 70, 3, 9, 0, 0, 1, 0, 0, '', 0, 0, 0, 0, 0, 0, 0, 0, 0, 0, 0, 0, 0, 0, 0, 0, 0, 0, 0),
(28, 70, 4, 9, 0, 0, 1, 0, 0, '', 0, 0, 0, 0, 0, 0, 0, 0, 0, 0, 0, 0, 0, 0, 0, 0, 0, 1, 0),
(29, 70, 5, 9, 0, 0, 1, 0, 0, '', 0, 0, 0, 0, 0, 0, 0, 0, 0, 0, 0, 0, 0, 0, 0, 0, 0, 0, 0),
(30, 70, 6, 9, 0, 0, 1, 0, 0, '', 0, 0, 0, 0, 0, 0, 0, 0, 0, 0, 0, 0, 0, 0, 0, 0, 0, 0, 0),
(31, 70, 7, 9, 0, 0, 1, 0, 0, '', 0, 0, 0, 0, 0, 0, 0, 0, 0, 0, 0, 0, 0, 0, 0, 0, 0, 0, 0),
(32, 70, 8, 9, 0, 0, 1, 0, 0, '', 0, 0, 0, 0, 0, 0, 0, 0, 0, 0, 0, 0, 0, 0, 0, 0, 0, 0, 0),
(33, 70, 9, 9, 0, 0, 1, 0, 0, '', 0, 0, 0, 0, 0, 0, 0, 0, 0, 0, 0, 0, 0, 0, 1, 0, 0, 0, 0),
(34, 70, 12, 9, 0, 0, 1, 0, 0, '', 0, 0, 0, 0, 0, 0, 0, 0, 0, 0, 0, 0, 0, 0, 0, 0, 0, 0, 0),
(39, 70, 30, 10, 0, 0, 1, 0, 0, '', 0, 0, 0, 0, 0, 0, 0, 0, 0, 0, 0, 0, 0, 0, 0, 0, 0, 0, 0),
(41, 70, 32, 10, 0, 0, 1, 0, 0, '', 0, 0, 0, 0, 0, 0, 0, 0, 0, 0, 0, 0, 0, 0, 1, 0, 0, 0, 0),
(44, 70, 35, 10, 0, 0, 1, 0, 0, '', 0, 0, 0, 0, 0, 0, 0, 0, 0, 0, 0, 0, 0, 0, 0, 0, 0, 0, 0),
(47, 70, 34, 10, 0, 0, 1, 0, 0, '', 0, 0, 0, 0, 0, 0, 0, 0, 0, 0, 0, 0, 0, 0, 0, 0, 0, 1, 0),
(48, 71, 1, 9, 0, 0, 1, 0, 0, '', 0, 0, 0, 0, 0, 0, 0, 0, 0, 0, 0, 0, 0, 0, 0, 0, 0, 0, 0),
(49, 71, 2, 9, 0, 0, 1, 0, 0, '', 0, 0, 0, 0, 0, 0, 0, 0, 0, 0, 0, 0, 0, 0, 0, 0, 0, 0, 0),
(50, 71, 3, 9, 0, 0, 1, 0, 0, '', 0, 0, 0, 0, 0, 0, 0, 0, 0, 0, 0, 0, 0, 0, 0, 0, 0, 0, 0),
(51, 71, 4, 9, 0, 0, 1, 0, 0, '', 0, 0, 0, 0, 0, 0, 0, 0, 0, 0, 0, 0, 0, 0, 0, 0, 0, 0, 0),
(52, 71, 5, 9, 0, 0, 1, 0, 0, '', 0, 0, 0, 0, 0, 0, 0, 0, 0, 0, 0, 0, 0, 0, 0, 0, 0, 0, 0),
(53, 71, 6, 9, 0, 0, 1, 0, 0, '', 0, 0, 0, 0, 0, 0, 0, 0, 0, 0, 0, 0, 0, 0, 0, 0, 0, 0, 0),
(54, 71, 7, 9, 0, 0, 1, 0, 0, '', 0, 0, 0, 0, 0, 0, 0, 0, 0, 0, 0, 0, 0, 0, 0, 0, 0, 0, 0),
(55, 71, 8, 9, 0, 0, 1, 0, 0, '', 0, 0, 0, 0, 0, 0, 0, 0, 0, 0, 0, 0, 0, 0, 0, 0, 0, 0, 0),
(57, 71, 20, 10, 0, 0, 1, 0, 0, '', 0, 0, 0, 0, 0, 0, 0, 0, 0, 0, 0, 0, 0, 0, 0, 0, 0, 1, 0),
(79, 71, 32, 10, 0, 0, 1, 0, 0, '', 0, 0, 0, 0, 0, 0, 0, 0, 0, 0, 0, 0, 0, 0, 0, 0, 0, 0, 0),
(80, 71, 29, 10, 0, 0, 1, 0, 0, '', 0, 0, 0, 0, 0, 0, 0, 0, 0, 0, 0, 0, 0, 0, 0, 0, 0, 0, 0),
(81, 71, 36, 10, 0, 0, 1, 0, 0, '', 0, 0, 0, 0, 0, 0, 0, 0, 0, 0, 0, 0, 0, 0, 1, 0, 0, 0, 0),
(82, 8, 8, 8, 0, 0, 4, 0, 0, '', 0, 0, 0, 0, 0, 0, 0, 0, 0, 0, 0, 0, 0, 0, 0, 0, 0, 0, 0),
(83, 2, 197, 7, 7, 4, 1, 4, 0, 'b', 0, 0, 1, 0, 12, 0, 0, 1, 0, 0, 0, 0, 0, 0, 0, 0, 0, 1, 0),
(84, 2, 199, 7, 6, 5, 1, 7, 0, 'c & b', 0, 0, 1, 0, 7, 0, 0, 0, 0, 0, 0, 0, 0, 0, 0, 0, 0, 0, 0),
(85, 2, 202, 7, 1, 0, 1, 15, 0, 'st unsure b', 0, 0, 0, 0, 0, 0, 0, 0, 0, 0, 0, 0, 0, 0, 0, 0, 0, 0, 0),
(86, 2, 204, 7, 0, 1, 1, 0, 0, '', 0, 0, 5, 0, 16, 3, 1, 0, 0, 0, 0, 0, 0, 0, 0, 0, 0, 0, 0),
(87, 2, 205, 7, 0, 7, 1, 0, 0, '', 0, 0, 1, 0, 2, 3, 1, 0, 0, 0, 0, 0, 0, 0, 0, 0, 0, 0, 0),
(88, 2, 207, 7, 8, 0, 1, 0, 0, 'not out', 0, 0, 0, 0, 0, 0, 0, 0, 0, 0, 0, 0, 0, 0, 0, 0, 0, 0, 0),
(89, 2, 208, 7, 4, 2, 1, 8, 0, 'c & b', 0, 0, 4, 0, 12, 1, 0, 0, 0, 0, 0, 0, 0, 0, 0, 0, 0, 0, 0),
(90, 2, 210, 7, 5, 0, 1, 23, 0, 'run out ()', 0, 0, 0, 0, 0, 0, 0, 0, 0, 0, 0, 0, 0, 0, 0, 0, 0, 0, 0),
(91, 2, 211, 7, 3, 0, 1, 3, 0, 'b', 0, 0, 0, 0, 0, 0, 0, 0, 0, 0, 0, 0, 0, 0, 0, 0, 0, 0, 0),
(92, 2, 212, 7, 9, 3, 1, 0, 0, 'run out ()', 0, 0, 3.1, 0, 15, 0, 0, 0, 0, 0, 0, 0, 0, 0, 0, 0, 0, 0, 0),
(93, 2, 217, 7, 2, 6, 1, 9, 0, 'c & b', 0, 0, 1, 0, 7, 0, 0, 0, 0, 0, 0, 0, 0, 0, 0, 0, 0, 0, 0),
(94, 2, 78, 3, 9, 3, 1, 1, 0, 'not out ', 0, 0, 5, 0, 20, 1, 6, 0, 0, 0, 0, 0, 0, 0, 0, 0, 0, 1, 0),
(95, 2, 79, 3, 7, 2, 1, 1, 0, 'c unsure b K Diwekar', 0, 0, 5, 0, 21, 0, 4, 0, 0, 0, 0, 0, 0, 0, 0, 0, 0, 0, 0),
(96, 2, 81, 3, 11, 5, 1, 0, 0, 'not out ', 0, 0, 1, 0, 8, 0, 4, 0, 0, 0, 0, 0, 0, 0, 0, 0, 0, 0, 0),
(97, 2, 82, 3, 6, 6, 1, 17, 0, 'lbw b K Diwekar', 0, 0, 4, 0, 13, 1, 0, 0, 0, 0, 0, 0, 0, 0, 0, 0, 0, 0, 0),
(98, 2, 85, 3, 1, 1, 1, 6, 0, 'b M Padhye', 0, 0, 5, 0, 20, 2, 1, 0, 0, 0, 0, 0, 0, 0, 0, 0, 0, 0, 0),
(99, 2, 86, 3, 8, 4, 1, 0, 0, ' run out () ', 0, 0, 5, 0, 13, 2, 2, 0, 0, 0, 0, 0, 0, 0, 0, 0, 0, 0, 0),
(100, 2, 87, 3, 4, 0, 1, 46, 0, 'c unsure b A Gujare', 5, 0, 0, 0, 0, 0, 0, 0, 0, 0, 0, 0, 0, 0, 0, 0, 0, 0, 0),
(101, 2, 90, 3, 5, 0, 1, 2, 0, 'lbw b A Gujare', 0, 0, 0, 0, 0, 0, 0, 0, 0, 0, 0, 0, 0, 0, 0, 0, 0, 0, 0),
(102, 2, 93, 3, 3, 0, 1, 6, 0, 'c unsure b A Gujare', 1, 0, 0, 0, 0, 0, 0, 0, 0, 0, 0, 0, 0, 0, 0, 0, 0, 0, 0),
(103, 2, 94, 3, 10, 0, 1, 0, 0, 'b K Diwekar', 0, 0, 0, 0, 0, 0, 0, 0, 0, 0, 0, 0, 0, 0, 0, 0, 0, 0, 0),
(104, 2, 99, 3, 2, 0, 1, 2, 0, 'b A Bhalerao', 0, 0, 0, 0, 0, 0, 0, 0, 0, 0, 0, 0, 0, 0, 0, 0, 0, 0, 0),
(105, 1, 135, 5, 5, 1, 1, 17, 0, 'b G Kapoor', 1, 0, 5, 0, 20, 3, 0, 0, 0, 0, 0, 0, 0, 0, 0, 0, 0, 1, 0),
(106, 1, 138, 5, 3, 0, 1, 39, 0, 'b G Kapoor', 4, 0, 0, 0, 0, 0, 0, 0, 0, 0, 0, 0, 0, 0, 0, 0, 0, 0, 0),
(107, 1, 139, 5, 8, 7, 1, 0, 0, 'not out', 0, 0, 0.2, 0, 2, 1, 0, 0, 0, 0, 0, 0, 0, 0, 0, 0, 0, 0, 0),
(108, 1, 140, 5, 6, 4, 1, 3, 0, 'c unsure b G Kapoor', 0, 0, 4, 0, 12, 1, 0, 0, 0, 0, 0, 0, 0, 0, 0, 0, 0, 0, 0),
(109, 1, 141, 5, 1, 0, 1, 36, 0, 'b S Sukumaran', 2, 0, 0, 0, 0, 0, 0, 0, 0, 0, 0, 0, 0, 0, 0, 0, 0, 0, 0),
(110, 1, 142, 5, 0, 3, 1, 0, 0, '', 0, 0, 5, 0, 17, 1, 0, 0, 0, 0, 0, 0, 0, 0, 0, 0, 0, 0, 0),
(111, 1, 145, 5, 7, 0, 1, 0, 0, 'run out()', 0, 0, 0, 0, 0, 0, 0, 0, 0, 0, 0, 0, 0, 0, 0, 0, 0, 0, 0),
(112, 1, 147, 5, 2, 6, 1, 46, 0, 'c unsure b S Sitambaram', 3, 0, 2, 0, 15, 0, 0, 0, 0, 0, 0, 0, 0, 0, 0, 0, 0, 0, 0),
(113, 1, 151, 5, 4, 0, 1, 1, 0, 'b AReddy', 0, 0, 0, 0, 0, 0, 0, 0, 0, 0, 0, 0, 0, 0, 0, 0, 0, 0, 0),
(114, 1, 152, 5, 0, 2, 1, 0, 0, '', 0, 0, 5, 0, 11, 1, 0, 0, 0, 0, 0, 0, 0, 0, 0, 0, 0, 0, 0),
(115, 1, 159, 5, 0, 5, 1, 0, 0, '', 0, 0, 3, 0, 26, 1, 0, 0, 0, 0, 0, 0, 0, 0, 0, 0, 0, 0, 0),
(116, 1, 105, 4, 6, 4, 1, 0, 0, 'run out ()', 0, 0, 4, 0, 38, 0, 0, 0, 0, 0, 0, 0, 0, 0, 0, 0, 0, 1, 0),
(117, 1, 106, 4, 10, 2, 1, 8, 0, 'c unsure b G khanna', 0, 0, 4, 0, 20, 3, 0, 0, 0, 0, 0, 0, 0, 0, 0, 0, 0, 0, 0),
(118, 1, 109, 4, 8, 3, 1, 11, 0, 'lbw b C Shah', 1, 1, 4, 0, 28, 0, 0, 0, 0, 0, 0, 0, 0, 0, 0, 0, 0, 0, 0),
(119, 1, 111, 4, 4, 7, 1, 2, 0, 'c unsure b J Brar', 0, 0, 1, 0, 8, 0, 0, 0, 0, 0, 0, 0, 0, 0, 0, 0, 0, 0, 0),
(120, 1, 112, 4, 5, 8, 1, 9, 0, 'b G Sohi*', 0, 0, 1, 0, 8, 0, 0, 0, 0, 0, 0, 0, 0, 0, 0, 0, 0, 0, 0),
(121, 1, 113, 4, 7, 5, 1, 36, 40, 'c M Soni b G Sohi*', 0, 0, 3, 0, 20, 1, 0, 0, 0, 0, 0, 0, 0, 0, 0, 0, 0, 0, 0),
(122, 1, 114, 4, 11, 6, 1, 2, 0, 'not out', 0, 0, 3, 0, 21, 1, 0, 0, 0, 0, 0, 0, 0, 0, 0, 0, 0, 0, 0),
(123, 1, 118, 4, 3, 0, 1, 21, 0, 'c unsure b G Sohi*', 1, 0, 0, 0, 0, 0, 0, 0, 0, 0, 0, 0, 0, 0, 0, 0, 0, 0, 0),
(124, 1, 121, 4, 2, 0, 1, 0, 0, 'run out ()', 0, 0, 0, 0, 0, 0, 0, 0, 0, 0, 0, 0, 0, 0, 0, 0, 0, 0, 0),
(125, 1, 122, 4, 1, 0, 1, 1, 0, 'lbw b A Gandhi', 0, 0, 0, 0, 0, 0, 0, 0, 0, 0, 0, 0, 0, 0, 0, 0, 0, 0, 0),
(126, 1, 131, 4, 9, 1, 1, 0, 0, 'b A Goel', 0, 0, 5, 0, 17, 1, 0, 0, 0, 0, 0, 0, 0, 0, 0, 0, 0, 0, 0),
(127, 3, 1, 1, 2, 7, 1, 20, 25, 'b R Bains', 1, 0, 1, 0, 4, 1, 0, 0, 0, 0, 0, 0, 0, 0, 0, 0, 0, 1, 0),
(128, 3, 2, 1, 10, 3, 1, 7, 15, 'st G Sing b D Roberts', 0, 0, 2, 0, 5, 1, 0, 0, 0, 0, 0, 0, 0, 0, 0, 0, 0, 0, 0),
(129, 3, 13, 1, 9, 0, 1, 10, 30, 'run out(B Habib)', 0, 0, 0, 0, 0, 0, 0, 0, 0, 0, 0, 0, 0, 0, 0, 0, 0, 0, 0),
(130, 3, 14, 1, 8, 2, 1, 14, 16, 'st G Sing b R Lall*', 1, 0, 3, 0, 14, 1, 0, 0, 0, 0, 0, 0, 0, 0, 0, 0, 0, 0, 0),
(131, 3, 20, 1, 4, 1, 1, 14, 18, 'c V Kukreja b B Gopalan', 1, 0, 3, 0, 12, 2, 0, 0, 0, 0, 0, 0, 0, 0, 0, 0, 0, 0, 0),
(132, 3, 26, 1, 5, 0, 1, 15, 12, 'c B Habib b B Gopalan', 1, 0, 0, 0, 0, 0, 0, 0, 0, 0, 0, 0, 0, 0, 0, 0, 0, 0, 0),
(133, 3, 29, 1, 11, 5, 1, 0, 4, 'not out', 0, 0, 2.3, 0, 6, 1, 0, 0, 0, 0, 0, 0, 0, 0, 0, 0, 0, 0, 0),
(134, 3, 30, 1, 1, 0, 1, 10, 12, 'b A Bhaktiar', 0, 1, 0, 0, 0, 0, 0, 0, 0, 0, 0, 0, 0, 0, 0, 0, 0, 0, 0),
(135, 3, 31, 1, 3, 4, 1, 15, 20, 'b D Roberts', 0, 0, 2, 0, 12, 1, 0, 0, 0, 0, 0, 0, 0, 0, 0, 0, 0, 0, 0),
(136, 3, 32, 1, 7, 6, 1, 13, 15, 'c B Habib b A Bhaktiar', 1, 0, 1, 0, 1, 2, 0, 0, 0, 0, 0, 0, 0, 0, 0, 0, 0, 0, 0),
(137, 3, 35, 1, 6, 0, 1, 3, 3, 'c V Kukreja b B Gopalan', 0, 0, 0, 0, 0, 0, 0, 0, 0, 0, 0, 0, 0, 0, 1, 0, 0, 0, 0),
(138, 3, 49, 2, 10, 2, 1, 1, 0, 'c K Erramilli b R Raihan*', 0, 0, 5, 0, 25, 1, 0, 0, 0, 0, 0, 0, 0, 0, 0, 0, 0, 1, 0),
(139, 3, 50, 2, 9, 5, 1, 3, 0, 'b D Dar', 0, 0, 3, 0, 17, 1, 0, 0, 0, 0, 0, 0, 0, 0, 0, 0, 0, 0, 0),
(140, 3, 51, 2, 3, 0, 1, 6, 0, 'lbw b Raza', 0, 0, 0, 0, 0, 0, 0, 0, 0, 0, 0, 0, 0, 0, 0, 0, 0, 0, 0),
(141, 3, 52, 2, 5, 3, 1, 12, 0, 'b A Gera', 1, 0, 4.5, 0, 19, 0, 0, 0, 0, 0, 0, 0, 0, 0, 0, 0, 0, 0, 0),
(142, 3, 53, 2, 1, 0, 1, 1, 0, 'st Y Rao b Shah', 0, 0, 0, 0, 0, 0, 0, 0, 0, 0, 0, 0, 0, 0, 0, 0, 0, 0, 0),
(143, 3, 57, 2, 8, 0, 1, 0, 0, 'b K Erramilli', 0, 0, 0, 0, 0, 0, 0, 0, 0, 0, 0, 0, 0, 0, 0, 0, 0, 0, 0),
(144, 3, 58, 2, 7, 0, 1, 0, 0, 'c A Reddy b K Erramilli', 0, 0, 0, 0, 0, 0, 0, 0, 0, 0, 0, 0, 0, 0, 0, 0, 0, 0, 0),
(145, 3, 60, 2, 2, 4, 1, 2, 0, 'lbw b E Vincent', 0, 0, 4, 0, 19, 2, 0, 0, 0, 0, 0, 0, 0, 0, 0, 0, 0, 0, 0),
(146, 3, 63, 2, 0, 6, 1, 0, 0, '', 0, 0, 3, 0, 18, 3, 0, 0, 0, 0, 0, 0, 0, 0, 0, 0, 0, 0, 0),
(147, 3, 64, 2, 6, 0, 1, 5, 0, 'c A Erramilli b A Raza', 1, 0, 0, 0, 0, 0, 0, 0, 0, 0, 0, 0, 0, 0, 0, 0, 0, 0, 0),
(148, 3, 73, 2, 4, 1, 1, 15, 0, 'b A Erramilli', 1, 0, 5, 0, 31, 2, 0, 0, 0, 0, 0, 0, 0, 0, 0, 0, 0, 0, 0),
(149, 8, 166, 6, 0, 0, 1, 0, 0, '', 0, 0, 0, 0, 0, 0, 0, 0, 0, 0, 0, 0, 0, 0, 0, 0, 0, 0, 0),
(150, 8, 167, 6, 6, 0, 1, 0, 0, 'c S Goyal b S Joshi', 0, 0, 0, 0, 0, 0, 0, 0, 0, 0, 0, 0, 0, 0, 0, 0, 0, 0, 0),
(151, 8, 170, 6, 7, 5, 1, 0, 0, 'not out', 0, 0, 3, 0, 15, 0, 0, 0, 0, 0, 0, 0, 0, 0, 0, 0, 0, 0, 0),
(152, 8, 171, 6, 0, 7, 1, 0, 0, '', 0, 0, 2, 0, 6, 0, 0, 0, 0, 0, 0, 0, 0, 0, 0, 0, 0, 0, 0),
(153, 8, 172, 6, 3, 4, 1, 4, 5, 'c S Goyal b S Vishwanathan', 0, 0, 3, 0, 20, 2, 6, 0, 0, 0, 0, 0, 0, 0, 0, 0, 0, 0, 0),
(154, 8, 179, 6, 2, 0, 1, 11, 20, 'c S Goyal b S Vishwanathan', 1, 0, 0, 0, 0, 0, 0, 0, 0, 0, 0, 0, 0, 0, 0, 0, 0, 0, 0),
(155, 8, 183, 6, 0, 1, 1, 0, 0, '', 0, 0, 5, 0, 9, 4, 0, 0, 0, 0, 0, 0, 0, 0, 0, 0, 0, 0, 0),
(156, 8, 186, 6, 4, 3, 1, 33, 45, 'not out', 3, 0, 4, 0, 20, 0, 0, 0, 0, 0, 0, 0, 0, 0, 0, 0, 0, 0, 0),
(157, 8, 191, 6, 5, 0, 1, 3, 5, 'b S Vishwanathan', 0, 0, 0, 0, 0, 0, 0, 0, 0, 0, 0, 0, 0, 0, 0, 0, 0, 0, 0),
(158, 8, 192, 6, 1, 2, 1, 64, 45, 'c S Goyal b S Sarkar*', 8, 3, 5, 0, 21, 4, 2, 0, 0, 0, 0, 0, 0, 0, 0, 0, 0, 0, 0),
(159, 8, 194, 6, 0, 6, 1, 0, 0, '', 0, 0, 2, 0, 19, 0, 0, 0, 0, 0, 0, 0, 0, 0, 0, 0, 0, 0, 0),
(160, 8, 223, 8, 11, 4, 1, 0, 6, 'c S Shah b S Thakur', 0, 0, 1, 0, 14, 0, 0, 0, 0, 0, 0, 0, 0, 0, 0, 0, 0, 0, 0),
(161, 8, 224, 8, 10, 0, 1, 4, 9, 'not out', 0, 0, 0, 0, 0, 0, 0, 0, 0, 0, 0, 0, 0, 0, 0, 0, 0, 0, 0),
(162, 8, 225, 8, 8, 2, 1, 7, 12, 'c S Shah b S Thakur', 0, 0, 2, 0, 20, 0, 0, 0, 0, 0, 0, 0, 0, 0, 0, 0, 0, 0, 0),
(163, 8, 228, 8, 5, 5, 1, 5, 10, 'c & b S Shah', 1, 0, 1, 0, 10, 0, 0, 0, 0, 0, 0, 0, 0, 0, 0, 0, 0, 0, 0),
(164, 8, 229, 8, 3, 0, 1, 39, 45, 'lbw b S Shah', 2, 0, 0, 0, 0, 0, 0, 0, 0, 0, 0, 0, 0, 0, 0, 0, 0, 0, 0),
(165, 8, 231, 8, 6, 3, 1, 4, 8, 'c & b S Shah', 0, 0, 2, 0, 17, 0, 0, 0, 0, 0, 0, 0, 0, 0, 0, 0, 0, 0, 0),
(166, 8, 232, 8, 9, 6, 1, 25, 34, 'c S Shah b S Thakur', 2, 0, 2, 0, 15, 1, 0, 0, 0, 0, 0, 0, 0, 0, 0, 0, 0, 0, 0),
(167, 8, 235, 8, 7, 0, 1, 8, 19, 'c & b S Shah', 0, 0, 0, 0, 0, 0, 0, 0, 0, 0, 0, 0, 0, 0, 0, 0, 0, 0, 0),
(168, 8, 236, 8, 1, 0, 1, 0, 0, 'lbw b S Thakur', 0, 0, 0, 0, 0, 0, 0, 0, 0, 0, 0, 0, 0, 0, 0, 0, 0, 0, 0),
(169, 8, 238, 8, 4, 1, 1, 6, 10, 'c S Shah b J Dwivedi', 1, 0, 2.2, 0, 21, 1, 0, 0, 0, 0, 0, 0, 0, 0, 0, 0, 0, 1, 0),
(170, 8, 239, 8, 2, 0, 1, 0, 0, 'b J Dwivedi', 0, 0, 0, 0, 0, 0, 0, 0, 0, 0, 0, 0, 0, 0, 0, 0, 0, 0, 0),
(179, 7, 79, 3, 6, 2, 1, 4, 8, 'st V Kukreja b R Lall', 1, 0, 4, 0, 21, 1, 1, 0, 0, 0, 0, 0, 0, 0, 0, 0, 0, 0, 0),
(180, 7, 80, 3, 8, 0, 1, 1, 3, 'b R Lall', 0, 0, 0, 0, 0, 0, 0, 0, 0, 0, 0, 0, 0, 0, 0, 0, 0, 1, 0),
(181, 7, 82, 3, 5, 5, 1, 8, 30, 'b A Bhaktiar', 0, 0, 1, 0, 6, 0, 0, 0, 0, 0, 0, 0, 0, 0, 0, 0, 0, 0, 0),
(182, 7, 84, 3, 11, 0, 1, 2, 4, 'c V Kukreja b V Raju', 0, 0, 0, 0, 0, 0, 0, 0, 0, 0, 0, 0, 0, 0, 0, 0, 0, 0, 0),
(183, 7, 85, 3, 1, 1, 1, 1, 4, 'c G Singh b Z Baig', 0, 0, 4, 0, 23, 4, 2, 0, 0, 0, 0, 0, 0, 0, 0, 0, 0, 0, 0),
(184, 7, 86, 3, 10, 4, 1, 8, 20, 'not out', 0, 0, 2, 0, 10, 0, 0, 0, 0, 0, 0, 0, 0, 0, 0, 0, 0, 0, 0),
(185, 7, 90, 3, 7, 0, 1, 4, 12, 'b S Sidhu', 0, 0, 0, 0, 0, 0, 0, 0, 0, 0, 0, 0, 0, 0, 0, 0, 0, 0, 0),
(186, 7, 93, 3, 3, 0, 1, 20, 18, 'b R Lall', 0, 0, 0, 0, 0, 0, 0, 0, 0, 0, 0, 0, 0, 0, 0, 0, 0, 0, 0),
(187, 7, 96, 3, 4, 3, 1, 2, 4, 'lbw b Z Baig', 0, 0, 2, 0, 12, 0, 0, 0, 0, 0, 0, 0, 0, 0, 0, 0, 0, 0, 0),
(188, 7, 99, 3, 2, 0, 1, 6, 6, 'c & b Z Baig', 1, 0, 0, 0, 0, 0, 0, 0, 0, 0, 0, 0, 0, 0, 0, 0, 0, 0, 0),
(189, 7, 101, 3, 9, 0, 1, 3, 5, 'c A Bhaktiar b R Lall', 0, 0, 0, 0, 0, 0, 0, 0, 0, 0, 0, 0, 0, 0, 0, 0, 0, 0, 0),
(190, 7, 49, 2, 0, 5, 1, 0, 0, '', 0, 0, 5, 0, 16, 4, 0, 0, 0, 0, 0, 0, 0, 0, 0, 0, 0, 1, 0),
(191, 7, 53, 2, 2, 0, 1, 2, 6, 'c A S Deol b H Dhillon', 0, 0, 0, 0, 0, 0, 0, 0, 0, 0, 0, 0, 0, 0, 0, 0, 0, 0, 0),
(192, 7, 55, 2, 1, 0, 1, 0, 1, 'c V Kumar b H Dhillon', 0, 0, 0, 0, 0, 0, 0, 0, 0, 0, 0, 0, 0, 0, 0, 0, 0, 0, 0),
(193, 7, 57, 2, 9, 0, 1, 4, 1, 'not out', 1, 0, 0, 0, 0, 0, 0, 0, 0, 0, 0, 0, 0, 0, 1, 0, 0, 0, 0),
(194, 7, 60, 2, 5, 0, 1, 1, 2, 'b A S Deol', 0, 0, 0, 0, 0, 0, 0, 0, 0, 0, 0, 0, 0, 0, 0, 0, 0, 0, 0),
(195, 7, 61, 2, 8, 6, 1, 0, 1, 'b H Dhillon', 0, 0, 1, 0, 2, 1, 0, 0, 0, 0, 0, 0, 0, 0, 0, 0, 0, 0, 0),
(196, 7, 64, 2, 4, 1, 1, 21, 20, 'run out ( M S Bhatti )', 2, 0, 3, 0, 13, 0, 3, 0, 0, 0, 0, 0, 0, 0, 0, 0, 0, 0, 0),
(197, 7, 67, 2, 3, 2, 1, 24, 31, 'handled ball', 1, 0, 4, 0, 10, 3, 0, 0, 0, 0, 0, 0, 0, 0, 0, 0, 0, 0, 0),
(198, 7, 68, 2, 0, 7, 1, 0, 0, '', 0, 0, 1, 0, 2, 1, 0, 0, 0, 0, 0, 0, 0, 0, 0, 0, 0, 0, 0),
(199, 7, 73, 2, 6, 4, 1, 7, 7, 'not out', 1, 0, 5, 0, 13, 1, 0, 0, 0, 0, 0, 0, 0, 0, 0, 0, 0, 0, 0),
(200, 7, 74, 2, 7, 3, 1, 5, 5, 'b H Dhillon', 0, 0, 2, 0, 11, 0, 2, 0, 0, 0, 0, 0, 0, 0, 0, 0, 0, 0, 0),
(201, 74, 224, 8, 0, 5, 1, 0, 0, '', 0, 0, 5, 0, 24, 1, 0, 0, 0, 0, 0, 0, 0, 0, 0, 0, 0, 0, 0),
(202, 74, 225, 8, 7, 3, 1, 12, 16, 'b S More', 0, 0, 4, 0, 18, 1, 0, 0, 0, 0, 0, 0, 0, 0, 0, 0, 0, 0, 0),
(203, 74, 228, 8, 6, 0, 1, 20, 30, 'run out ( P Patel )', 0, 0, 0, 0, 0, 0, 0, 0, 0, 0, 0, 0, 0, 0, 0, 0, 0, 0, 0),
(204, 74, 229, 8, 5, 0, 1, 10, 11, 'lbw b A Christopher', 2, 0, 0, 0, 0, 0, 0, 0, 0, 0, 0, 0, 0, 0, 0, 0, 0, 0, 0),
(205, 74, 230, 8, 3, 0, 1, 9, 7, 'c A Karandikar b M Padhye', 1, 0, 0, 0, 0, 0, 0, 0, 0, 0, 0, 0, 0, 0, 0, 0, 0, 0, 0),
(206, 74, 231, 8, 0, 6, 1, 0, 0, '', 0, 0, 3, 0, 18, 3, 0, 0, 0, 0, 0, 0, 0, 0, 0, 0, 0, 0, 0),
(207, 74, 232, 8, 0, 4, 1, 0, 0, '', 0, 0, 3, 0, 17, 0, 0, 0, 0, 0, 0, 0, 0, 0, 0, 0, 0, 0, 0),
(208, 74, 233, 8, 1, 1, 1, 18, 14, 'b M Padhye', 2, 0, 5, 0, 21, 3, 0, 0, 0, 0, 0, 0, 0, 0, 0, 0, 0, 0, 0),
(209, 74, 235, 8, 0, 0, 1, 0, 0, '', 0, 0, 0, 0, 0, 0, 0, 0, 0, 0, 0, 0, 0, 0, 0, 0, 0, 0, 0),
(210, 74, 236, 8, 2, 0, 1, 27, 48, 'c Y Pathare b J Vaishnav', 1, 1, 0, 0, 0, 0, 0, 0, 0, 0, 0, 0, 0, 0, 0, 0, 0, 0, 0),
(211, 74, 238, 8, 4, 2, 1, 4, 8, 'b P Patel', 0, 0, 2, 0, 15, 0, 0, 0, 0, 0, 0, 0, 0, 0, 0, 0, 0, 1, 0),
(212, 74, 196, 7, 4, 0, 1, 10, 16, 'lbw b A Sundaram', 0, 0, 0, 0, 0, 0, 0, 0, 0, 0, 0, 0, 0, 0, 0, 0, 0, 0, 0),
(213, 74, 197, 7, 10, 5, 1, 0, 2, 'c S Sarkar b N Punia', 0, 0, 1, 0, 3, 1, 0, 0, 0, 0, 0, 0, 0, 0, 0, 0, 0, 1, 0),
(214, 74, 198, 7, 5, 0, 1, 0, 2, 'run out( K Bapat )', 0, 0, 0, 0, 0, 0, 0, 0, 0, 0, 0, 0, 0, 0, 0, 0, 0, 0, 0),
(215, 74, 199, 7, 8, 3, 1, 11, 16, 'not out', 1, 0, 2, 0, 10, 1, 0, 0, 0, 0, 0, 0, 0, 0, 0, 0, 0, 0, 0),
(216, 74, 202, 7, 1, 0, 1, 0, 6, 'c A Sundaram b G Dhiman', 0, 0, 0, 0, 0, 0, 0, 0, 0, 0, 0, 0, 0, 0, 0, 0, 0, 0, 0),
(217, 74, 204, 7, 11, 6, 1, 2, 6, 'c R Vijay Kumar b N Punia', 0, 0, 5, 0, 26, 0, 0, 0, 0, 0, 0, 0, 0, 0, 0, 0, 0, 0, 0),
(218, 74, 208, 7, 2, 1, 1, 42, 22, 'c N Punia b R Vijay Kumar', 3, 0, 5, 0, 25, 2, 0, 0, 0, 0, 0, 0, 0, 0, 0, 0, 0, 0, 0),
(219, 74, 209, 7, 3, 0, 1, 1, 8, 'b RVijay Kumar', 0, 0, 0, 0, 0, 0, 0, 0, 0, 0, 0, 0, 0, 0, 0, 0, 0, 0, 0),
(220, 74, 210, 7, 7, 0, 1, 1, 5, 'run out(R Ranade/S Goyal)', 0, 0, 0, 0, 0, 0, 0, 0, 0, 0, 0, 0, 0, 0, 0, 0, 0, 0, 0),
(221, 74, 212, 7, 0, 7, 1, 0, 0, '', 0, 0, 5, 0, 36, 1, 0, 0, 0, 0, 0, 0, 0, 0, 0, 0, 0, 0, 0),
(222, 74, 215, 7, 6, 2, 1, 22, 23, 'c G Dhiman b R Vijay Kumar', 1, 0, 5, 0, 17, 1, 0, 0, 0, 0, 0, 0, 0, 0, 0, 0, 0, 0, 0),
(223, 74, 221, 7, 9, 4, 1, 2, 6, 'c K Bapat b N Punia', 0, 0, 2, 0, 10, 1, 0, 0, 0, 0, 0, 0, 0, 0, 0, 0, 0, 0, 0),
(224, 10, 134, 4, 5, 0, 1, 3, 9, 'b K Erramilli', 0, 0, 0, 0, 0, 0, 0, 0, 0, 0, 0, 0, 0, 0, 0, 0, 0, 0, 0),
(225, 10, 108, 4, 2, 1, 1, 7, 6, 'c S Goverdhan b D Vinnakota', 0, 0, 4, 0, 22, 0, 1, 1, 0, 0, 0, 0, 0, 0, 0, 0, 0, 0, 0),
(226, 10, 121, 4, 3, 6, 1, 1, 5, 'c S Goverdhan b R Shah', 0, 0, 2, 0, 14, 0, 0, 0, 0, 0, 0, 0, 0, 0, 0, 0, 0, 0, 0),
(227, 10, 107, 4, 1, 2, 1, 26, 27, 'c Akshay Reddy b A Raza', 3, 0, 5, 0, 19, 2, 2, 0, 0, 0, 0, 0, 0, 0, 0, 0, 0, 1, 0),
(228, 10, 109, 4, 9, 5, 1, 0, 2, 'c A Reddy b K Erramilli', 0, 0, 3, 0, 18, 1, 0, 1, 0, 0, 0, 0, 0, 0, 0, 0, 0, 0, 0),
(229, 10, 112, 4, 7, 7, 1, 4, 7, 'b K Erramilli', 0, 0, 1, 0, 9, 0, 0, 0, 0, 0, 0, 0, 0, 0, 0, 0, 0, 0, 0),
(230, 10, 111, 4, 8, 0, 1, 19, 18, 'b A Reddy', 3, 0, 0, 0, 0, 0, 0, 0, 0, 0, 0, 0, 0, 0, 0, 0, 0, 0, 0),
(231, 10, 114, 4, 10, 4, 1, 5, 27, 'not out', 0, 0, 5, 0, 37, 3, 3, 0, 0, 0, 0, 0, 0, 0, 0, 0, 0, 0, 0),
(232, 10, 115, 4, 11, 0, 1, 3, 10, 'b M Singh', 0, 0, 0, 0, 0, 0, 0, 0, 0, 0, 0, 0, 0, 0, 0, 0, 0, 0, 0),
(233, 10, 113, 4, 6, 3, 1, 7, 9, 'c D Vinnakota b K Erramilli', 1, 0, 5, 0, 41, 1, 3, 0, 0, 0, 0, 0, 0, 0, 0, 0, 0, 0, 0),
(234, 10, 116, 4, 4, 0, 1, 5, 8, 'c A Raza b A Reddy', 0, 0, 0, 0, 0, 0, 0, 0, 0, 0, 0, 0, 0, 0, 1, 0, 0, 0, 0),
(235, 10, 30, 1, 2, 0, 1, 10, 18, 'b S Sitambaram', 0, 0, 0, 0, 0, 0, 0, 0, 0, 0, 0, 0, 0, 0, 0, 0, 0, 0, 0),
(236, 10, 19, 1, 6, 0, 1, 5, 4, 'c G Kannan b S Sitambaram', 0, 0, 0, 0, 0, 0, 0, 0, 0, 0, 0, 0, 0, 0, 0, 0, 0, 0, 0),
(237, 10, 20, 1, 4, 4, 1, 0, 2, 'lbw b S Sukumaran', 0, 0, 4, 0, 9, 1, 3, 0, 0, 0, 0, 0, 0, 0, 0, 0, 0, 0, 0),
(238, 10, 26, 1, 3, 3, 1, 70, 58, 'not out', 5, 0, 4, 0, 15, 2, 2, 2, 0, 0, 0, 0, 0, 0, 0, 0, 0, 0, 0),
(239, 10, 8, 1, 0, 1, 1, 0, 0, '', 0, 0, 3, 0, 18, 1, 2, 0, 0, 0, 0, 0, 0, 0, 0, 0, 0, 0, 0),
(240, 10, 2, 1, 0, 7, 1, 0, 0, '', 0, 0, 0.5, 0, 9, 0, 0, 0, 0, 0, 0, 0, 0, 0, 0, 0, 0, 1, 0),
(241, 10, 32, 1, 7, 5, 1, 39, 29, 'st V Anil Save b H Porwal', 1, 2, 5, 0, 13, 4, 1, 0, 0, 0, 0, 0, 0, 0, 0, 0, 0, 0, 0),
(242, 10, 6, 1, 5, 8, 1, 18, 15, 'lbw b C Muthukumaran', 0, 0, 0.4, 0, 0, 1, 0, 0, 0, 0, 0, 0, 0, 0, 0, 0, 0, 0, 0),
(243, 10, 13, 1, 8, 0, 1, 5, 4, 'c R Subramanian b SSitambaram', 0, 0, 0, 0, 0, 0, 0, 0, 0, 0, 0, 0, 0, 0, 0, 0, 0, 0, 0),
(244, 10, 12, 1, 0, 6, 1, 0, 0, '', 0, 0, 2.1, 0, 16, 0, 0, 0, 0, 0, 0, 0, 0, 0, 0, 0, 0, 0, 0),
(245, 10, 14, 1, 0, 2, 1, 0, 0, '', 0, 0, 3, 0, 18, 1, 5, 0, 0, 0, 0, 0, 0, 0, 0, 0, 0, 0, 0),
(246, 10, 40, 1, 1, 0, 1, 4, 9, 'b H Porwal', 0, 0, 0, 0, 0, 0, 0, 0, 0, 0, 0, 0, 0, 0, 1, 0, 0, 0, 0),
(247, 8, 237, 8, 0, 7, 1, 0, 0, '', 0, 0, 5, 0, 19, 3, 1, 0, 0, 0, 0, 0, 0, 0, 0, 0, 0, 0, 0),
(248, 11, 175, 6, 5, 4, 1, 20, 27, 'st V Botcha b M Soni', 2, 0, 1, 0, 9, 0, 0, 0, 0, 0, 0, 0, 0, 0, 0, 0, 0, 0, 0),
(249, 11, 165, 6, 9, 0, 1, 0, 2, 'st V Botcha b H Peermohammed', 0, 0, 0, 0, 0, 0, 0, 0, 0, 0, 0, 0, 0, 0, 1, 0, 0, 1, 0),
(250, 11, 167, 6, 7, 0, 1, 10, 20, 'st V Botcha b A Goel', 0, 0, 0, 0, 0, 0, 0, 0, 0, 0, 0, 0, 0, 0, 0, 0, 0, 0, 0),
(251, 11, 169, 6, 2, 2, 1, 4, 8, 'c J Sandhu b G Sohi', 0, 0, 3, 0, 15, 0, 0, 0, 0, 0, 0, 0, 0, 0, 0, 0, 0, 0, 0),
(252, 11, 170, 6, 8, 6, 1, 5, 5, 'run out (H Peermohammed)', 0, 0, 2, 0, 11, 1, 0, 0, 0, 0, 0, 0, 0, 0, 0, 0, 0, 0, 0),
(253, 11, 168, 6, 0, 0, 1, 0, 0, '', 0, 0, 0, 0, 0, 0, 0, 0, 0, 0, 0, 0, 0, 0, 0, 0, 0, 0, 0),
(254, 11, 186, 6, 6, 5, 1, 19, 18, 'c J Sandhu b H Peermohammed', 2, 0, 4.5, 0, 15, 5, 0, 0, 0, 0, 0, 0, 0, 0, 0, 0, 0, 0, 0),
(255, 11, 179, 6, 3, 0, 1, 43, 49, 'b Q Khan', 3, 0, 0, 0, 0, 0, 0, 0, 0, 0, 0, 0, 0, 0, 0, 0, 0, 0, 0),
(256, 11, 192, 6, 1, 1, 1, 20, 19, 'c H Peermohammed b G Sohi', 3, 0, 5, 0, 11, 3, 0, 0, 0, 0, 0, 0, 0, 0, 0, 0, 0, 0, 0),
(257, 11, 178, 6, 4, 3, 1, 0, 2, 'c H Peermohammed b G Sohi', 0, 0, 1, 0, 2, 1, 0, 0, 0, 0, 0, 0, 0, 0, 0, 0, 0, 0, 0),
(259, 11, 152, 5, 9, 5, 1, 0, 2, 'b S Shah', 0, 0, 2, 0, 18, 1, 0, 0, 0, 0, 0, 0, 0, 0, 0, 0, 0, 0, 0),
(260, 11, 135, 5, 5, 4, 1, 3, 5, 'b S Shah', 0, 0, 5, 0, 20, 3, 0, 0, 0, 0, 0, 0, 0, 0, 0, 0, 0, 1, 0),
(261, 11, 136, 5, 3, 2, 1, 12, 17, 'c S Shah b V Monga', 0, 0, 4, 0, 19, 2, 0, 0, 0, 0, 0, 0, 0, 0, 0, 0, 0, 0, 0),
(262, 11, 142, 5, 11, 7, 1, 1, 2, 'c S Shah b P Chohan', 0, 0, 4, 0, 25, 0, 0, 0, 0, 0, 0, 0, 0, 0, 0, 0, 0, 0, 0),
(263, 11, 147, 5, 2, 1, 1, 1, 3, 'c P Chohan b J Nayak', 0, 0, 3, 0, 17, 0, 0, 0, 0, 0, 0, 0, 0, 0, 0, 0, 0, 0, 0),
(264, 11, 141, 5, 4, 3, 1, 8, 16, 'b P Chohan', 1, 0, 4, 0, 21, 1, 0, 0, 0, 0, 0, 0, 0, 0, 0, 0, 0, 0, 0),
(265, 11, 151, 5, 7, 0, 1, 2, 7, 'lbw b P Chohan', 0, 0, 0, 0, 0, 0, 0, 0, 0, 0, 0, 0, 0, 0, 0, 0, 0, 0, 0),
(266, 11, 150, 5, 8, 0, 1, 1, 9, 'b P Chohan', 0, 0, 0, 0, 0, 0, 0, 0, 0, 0, 0, 0, 0, 0, 0, 0, 0, 0, 0),
(267, 11, 146, 5, 10, 6, 1, 5, 9, 'not out', 0, 0, 3, 0, 23, 1, 0, 0, 0, 0, 0, 0, 0, 0, 0, 0, 0, 0, 0),
(268, 11, 145, 5, 6, 0, 1, 1, 5, 'c A Dubey b S Shah', 0, 0, 0, 0, 0, 0, 0, 0, 0, 0, 0, 0, 0, 0, 1, 0, 0, 0, 0),
(269, 11, 160, 5, 1, 0, 1, 8, 23, 'st A Gupta b P Chohan', 0, 0, 0, 0, 0, 0, 0, 0, 0, 0, 0, 0, 0, 0, 0, 0, 0, 0, 0),
(270, 13, 200, 7, 11, 1, 1, 2, 5, 'not out', 0, 0, 3, 0, 17, 0, 2, 0, 0, 0, 0, 0, 0, 0, 0, 0, 0, 0, 0),
(271, 13, 221, 7, 10, 7, 1, 2, 6, 'c G Sohi* b H Peermohammed', 0, 0, 1, 0, 6, 0, 0, 0, 0, 0, 0, 0, 0, 0, 0, 0, 0, 0, 0),
(272, 13, 211, 7, 8, 0, 1, 5, 8, 'c N Ghotra b G Sohi', 0, 0, 0, 0, 0, 0, 0, 0, 0, 0, 0, 0, 0, 0, 0, 0, 0, 0, 0),
(273, 13, 205, 7, 0, 5, 1, 0, 0, '', 0, 0, 1, 0, 11, 0, 0, 1, 0, 0, 0, 0, 0, 0, 0, 0, 0, 0, 0),
(274, 13, 217, 7, 5, 3, 1, 4, 11, 'c N Ghotra b J Sandhu', 0, 0, 2, 0, 12, 0, 0, 1, 0, 0, 0, 0, 0, 0, 0, 0, 0, 0, 0),
(275, 13, 208, 7, 2, 2, 1, 7, 7, 'b N Ghotra', 1, 0, 5, 0, 18, 2, 0, 0, 0, 0, 0, 0, 0, 0, 0, 0, 0, 0, 0),
(276, 13, 215, 7, 6, 6, 1, 7, 11, 'c H Peermohammed b J Sandhu', 0, 0, 1, 0, 8, 0, 7, 0, 0, 0, 0, 0, 0, 0, 0, 0, 0, 0, 0),
(277, 13, 214, 7, 3, 0, 1, 25, 35, 'c D Jain b J Sandhu', 4, 0, 0, 0, 0, 0, 0, 0, 0, 0, 0, 0, 0, 0, 0, 0, 0, 0, 0),
(278, 13, 199, 7, 9, 4, 1, 9, 13, 'run out (H Peermohammed/G Sohi)', 0, 0, 2, 0, 8, 1, 0, 0, 0, 0, 0, 0, 0, 0, 0, 0, 0, 0, 0),
(279, 13, 206, 7, 1, 8, 1, 10, 9, 'c O Nasir b G Sohi', 1, 0, 1.2, 0, 15, 0, 1, 0, 0, 0, 0, 0, 0, 0, 0, 0, 0, 0, 0),
(280, 13, 210, 7, 7, 0, 1, 0, 2, 'c K Kousyal b H Peermohammed', 0, 0, 0, 0, 0, 0, 0, 0, 0, 0, 0, 0, 0, 0, 0, 0, 0, 0, 0),
(281, 13, 196, 7, 4, 9, 1, 20, 31, 'c G Sohi b J Sandhu', 2, 0, 1, 0, 8, 0, 0, 1, 0, 0, 0, 0, 0, 0, 0, 0, 0, 1, 0),
(282, 13, 148, 5, 0, 4, 1, 0, 0, '', 0, 0, 4, 0, 19, 0, 3, 0, 0, 0, 0, 0, 0, 0, 0, 0, 0, 0, 0),
(283, 13, 139, 5, 0, 0, 1, 0, 0, '', 0, 0, 0, 0, 0, 0, 0, 0, 0, 0, 0, 0, 0, 0, 0, 0, 0, 0, 0),
(284, 13, 135, 5, 4, 2, 1, 4, 7, 'c S Raj b S More', 0, 0, 4.2, 0, 18, 2, 4, 0, 0, 0, 0, 0, 0, 0, 0, 0, 0, 1, 0),
(285, 13, 136, 5, 0, 6, 1, 0, 0, '', 0, 0, 4, 0, 14, 2, 0, 0, 0, 0, 0, 0, 0, 0, 0, 0, 0, 0, 0),
(286, 13, 147, 5, 5, 5, 1, 29, 30, 'not out', 4, 0, 5, 0, 21, 4, 2, 0, 0, 0, 0, 0, 0, 0, 0, 0, 0, 0, 0),
(287, 13, 164, 5, 3, 0, 1, 13, 17, 'c Y Pathare b M Padhye', 0, 0, 0, 0, 0, 0, 0, 0, 0, 0, 0, 0, 0, 0, 0, 0, 0, 0, 0),
(288, 13, 156, 5, 2, 1, 1, 38, 46, 'not out', 3, 0, 4, 0, 16, 1, 0, 0, 0, 0, 0, 0, 0, 0, 0, 0, 0, 0, 0),
(289, 13, 151, 5, 1, 0, 1, 7, 6, 'c M Jadhav b M Padhye', 0, 0, 0, 0, 0, 0, 0, 0, 0, 0, 0, 0, 0, 0, 0, 0, 0, 0, 0),
(290, 13, 146, 5, 0, 3, 1, 0, 0, '', 0, 0, 2, 0, 10, 0, 1, 0, 0, 0, 0, 0, 0, 0, 0, 0, 0, 0, 0),
(291, 13, 163, 5, 0, 0, 1, 0, 0, '', 0, 0, 0, 0, 0, 0, 0, 0, 0, 0, 0, 0, 0, 0, 0, 0, 0, 0, 0),
(292, 13, 145, 5, 0, 0, 1, 0, 0, '', 0, 0, 0, 0, 0, 0, 0, 0, 0, 0, 0, 0, 0, 0, 1, 0, 0, 0, 0),
(293, 12, 187, 6, 9, 6, 1, 35, 50, 'not out', 4, 0, 4, 0, 33, 0, 2, 0, 0, 0, 0, 0, 0, 0, 0, 0, 0, 0, 0),
(294, 12, 175, 6, 10, 0, 1, 22, 30, 'c Z Baig b S Patel', 1, 0, 0, 0, 0, 0, 0, 0, 0, 0, 0, 0, 0, 0, 0, 0, 0, 0, 0),
(295, 12, 165, 6, 6, 0, 1, 1, 3, 'c K Patel b P G', 0, 0, 0, 0, 0, 0, 0, 0, 0, 0, 0, 0, 0, 0, 1, 0, 0, 1, 0),
(296, 12, 169, 6, 1, 1, 1, 23, 19, 'st V Kukreja b R Lall', 2, 0, 5, 0, 41, 2, 2, 0, 0, 0, 0, 0, 0, 0, 0, 0, 0, 0, 0),
(297, 12, 185, 6, 4, 0, 1, 6, 6, 'st V Kukreja b G Singh', 0, 0, 0, 0, 0, 0, 0, 0, 0, 0, 0, 0, 0, 0, 0, 0, 0, 0, 0),
(298, 12, 180, 6, 2, 2, 1, 1, 5, 'c V Kukreja b Z Baig', 0, 0, 4, 0, 22, 0, 0, 0, 0, 0, 0, 0, 0, 0, 0, 0, 0, 0, 0),
(299, 12, 177, 6, 3, 3, 1, 8, 13, 'c V Kukreja b G Singh', 1, 0, 4, 0, 29, 1, 0, 0, 0, 0, 0, 0, 0, 0, 0, 0, 0, 0, 0),
(300, 12, 166, 6, 11, 0, 1, 0, 0, 'not out', 0, 0, 0, 0, 0, 0, 0, 0, 0, 0, 0, 0, 0, 0, 0, 0, 0, 0, 0),
(301, 12, 181, 6, 8, 5, 1, 5, 12, 'c V Kukreja b B Gopalan', 1, 0, 4, 0, 40, 1, 1, 0, 0, 0, 0, 0, 0, 0, 0, 0, 0, 0, 0),
(302, 12, 183, 6, 5, 4, 1, 4, 5, 'c V Kukreja b G Singh', 0, 0, 4, 0, 25, 0, 1, 0, 0, 0, 0, 0, 0, 0, 0, 0, 0, 0, 0),
(303, 12, 178, 6, 7, 0, 1, 0, 3, 'c V Kukreja b P G', 0, 0, 0, 0, 0, 0, 0, 0, 0, 0, 0, 0, 0, 0, 0, 0, 0, 0, 0),
(304, 12, 58, 2, 0, 6, 1, 0, 0, '', 0, 0, 1, 0, 10, 0, 0, 0, 0, 0, 0, 0, 0, 0, 0, 0, 0, 0, 0),
(305, 12, 63, 2, 0, 9, 1, 0, 0, '', 0, 0, 2, 0, 11, 1, 3, 0, 0, 0, 0, 0, 0, 0, 0, 0, 0, 0, 0),
(306, 12, 53, 2, 3, 0, 1, 12, 19, 'st A Gupta b S Kadir', 0, 0, 0, 0, 0, 0, 0, 0, 0, 0, 0, 0, 0, 0, 0, 0, 0, 0, 0),
(307, 12, 64, 2, 5, 4, 1, 20, 18, 'b M Narula', 2, 0, 5, 0, 17, 3, 1, 0, 0, 0, 0, 0, 0, 0, 0, 0, 0, 0, 0),
(308, 12, 51, 2, 0, 0, 1, 0, 0, '', 0, 0, 0, 0, 0, 0, 0, 0, 0, 0, 0, 0, 0, 0, 0, 0, 0, 0, 0),
(309, 12, 76, 2, 4, 3, 1, 56, 30, 'not out', 1, 3, 4, 0, 18, 2, 1, 0, 0, 0, 0, 0, 0, 0, 0, 0, 0, 0, 0),
(310, 12, 49, 2, 0, 7, 1, 0, 0, '', 0, 0, 3, 0, 19, 1, 3, 0, 0, 0, 0, 0, 0, 0, 0, 0, 0, 1, 0),
(311, 12, 70, 2, 1, 1, 1, 15, 17, 'b A Dubey', 2, 0, 2, 0, 21, 0, 6, 0, 0, 0, 0, 0, 0, 0, 0, 0, 0, 0, 0),
(312, 12, 55, 2, 2, 2, 1, 48, 50, 'b A Dubey', 5, 0, 1, 0, 5, 1, 1, 0, 0, 0, 0, 0, 0, 0, 0, 0, 0, 0, 0),
(313, 12, 61, 2, 0, 8, 1, 0, 0, '', 0, 0, 2, 0, 4, 0, 1, 0, 0, 0, 0, 0, 0, 0, 0, 0, 0, 0, 0),
(314, 12, 67, 2, 6, 5, 1, 33, 16, 'not out', 3, 1, 4, 0, 24, 1, 4, 0, 0, 0, 0, 0, 0, 0, 0, 0, 0, 0, 0),
(315, 12, 57, 2, 0, 0, 1, 0, 0, '', 0, 0, 0, 0, 0, 0, 0, 0, 0, 0, 0, 0, 0, 0, 1, 0, 0, 0, 0),
(316, 14, 79, 3, 8, 2, 1, 3, 4, 'c K Erramilli b Y Rao', 0, 0, 4, 0, 20, 0, 3, 0, 0, 0, 0, 0, 0, 0, 0, 0, 0, 0, 0),
(317, 14, 81, 3, 11, 0, 1, 1, 4, 'not out', 0, 0, 0, 0, 0, 0, 0, 0, 0, 0, 0, 0, 0, 0, 0, 0, 0, 0, 0),
(318, 14, 82, 3, 10, 5, 1, 0, 7, 'c & b Y Rao', 0, 0, 2, 0, 13, 1, 0, 0, 0, 0, 0, 0, 0, 0, 0, 0, 0, 0, 0),
(319, 14, 85, 3, 1, 7, 1, 1, 4, 'c S Goverdhan b A Gera', 0, 0, 4, 0, 13, 2, 2, 0, 0, 0, 0, 0, 0, 0, 0, 0, 0, 0, 0),
(320, 14, 86, 3, 9, 4, 1, 6, 6, 'st S Goverdhan b Y Rao', 0, 0, 5, 0, 15, 3, 1, 0, 0, 0, 0, 0, 0, 0, 0, 0, 0, 0, 0),
(321, 14, 89, 3, 6, 3, 1, 3, 7, 'c Y Rao b R Sharma', 0, 0, 1, 0, 4, 0, 0, 0, 0, 0, 0, 0, 0, 0, 0, 0, 0, 0, 0),
(322, 14, 103, 3, 4, 1, 1, 4, 11, 'st Y Rao b A Gera', 0, 0, 1, 0, 2, 0, 0, 0, 0, 0, 0, 0, 0, 0, 0, 0, 0, 0, 0),
(323, 14, 90, 3, 7, 0, 1, 3, 3, 'c S Sinha b K Erramilli', 0, 0, 0, 0, 0, 0, 0, 0, 0, 0, 0, 0, 0, 0, 0, 0, 0, 0, 0),
(324, 14, 78, 3, 5, 6, 1, 32, 36, 'b A Raza', 1, 0, 4, 0, 20, 3, 3, 0, 0, 0, 0, 0, 0, 0, 0, 0, 0, 1, 0),
(325, 14, 93, 3, 3, 0, 1, 9, 10, 'c C Madan b A Raza', 1, 0, 0, 0, 0, 0, 0, 0, 0, 0, 0, 0, 0, 0, 0, 0, 0, 0, 0),
(326, 14, 99, 3, 2, 0, 1, 49, 40, 'c C Madan b R Sharma', 5, 1, 0, 0, 0, 0, 0, 0, 0, 0, 0, 0, 0, 0, 0, 0, 0, 0, 0),
(327, 14, 19, 1, 7, 0, 1, 0, 3, 'c D Dhingra b H Sudhir', 0, 0, 0, 0, 0, 0, 0, 0, 0, 0, 0, 0, 0, 0, 0, 0, 0, 0, 0),
(328, 14, 20, 1, 4, 3, 1, 2, 5, 'c M Tomar b D Dhingra', 0, 0, 3, 0, 20, 2, 8, 0, 0, 0, 0, 0, 0, 0, 0, 0, 0, 0, 0),
(329, 14, 3, 1, 0, 1, 1, 0, 0, '', 0, 0, 5, 0, 16, 2, 1, 0, 0, 0, 0, 0, 0, 0, 0, 0, 0, 0, 0),
(330, 14, 38, 1, 8, 0, 1, 1, 8, 'b H Dhillon', 0, 0, 0, 0, 0, 0, 0, 0, 0, 0, 0, 0, 0, 0, 0, 0, 0, 0, 0),
(331, 14, 32, 1, 5, 5, 1, 26, 36, 'c D Dhingra b H Sudhir', 1, 0, 5, 0, 23, 1, 0, 0, 0, 0, 0, 0, 0, 0, 0, 0, 0, 0, 0),
(332, 14, 6, 1, 2, 0, 1, 15, 19, 'lbw b H Sudhir', 1, 0, 0, 0, 0, 0, 0, 0, 0, 0, 0, 0, 0, 0, 0, 0, 0, 0, 0),
(333, 14, 13, 1, 9, 0, 1, 5, 8, 'c V Kumar b M H.Khan', 0, 0, 0, 0, 0, 0, 0, 0, 0, 0, 0, 0, 0, 0, 0, 0, 0, 0, 0),
(334, 14, 5, 1, 11, 4, 1, 0, 1, 'c P Singh b M H.Khan', 0, 0, 4, 0, 31, 2, 1, 0, 0, 0, 0, 0, 0, 0, 0, 0, 0, 0, 0),
(335, 14, 1, 1, 1, 0, 1, 6, 15, 'run out (A S.Deol)', 0, 0, 0, 0, 0, 0, 0, 0, 0, 0, 0, 0, 0, 0, 0, 0, 0, 1, 0),
(336, 14, 33, 1, 10, 2, 1, 5, 8, 'not out', 0, 0, 2, 0, 11, 0, 0, 0, 0, 0, 0, 0, 0, 0, 0, 0, 0, 0, 0),
(337, 14, 40, 1, 6, 0, 1, 12, 14, 'b H Dhillon', 1, 0, 0, 0, 0, 0, 0, 0, 0, 0, 0, 0, 0, 0, 1, 0, 0, 0, 0),
(338, 14, 35, 1, 3, 6, 1, 4, 8, 'c M S.Bhatti b M H.Khan', 0, 0, 3, 0, 17, 3, 1, 0, 0, 0, 0, 0, 0, 0, 0, 0, 0, 0, 0),
(339, 15, 223, 8, 11, 0, 1, 2, 2, 'not out', 0, 0, 0, 0, 0, 0, 0, 0, 0, 0, 0, 0, 0, 0, 0, 0, 0, 0, 0),
(340, 15, 224, 8, 10, 0, 1, 0, 5, 'c V Anil Save b G Kannan', 0, 0, 0, 0, 0, 0, 0, 0, 0, 0, 0, 0, 0, 0, 0, 0, 0, 0, 0),
(341, 15, 225, 8, 7, 3, 1, 3, 14, 'c V Anil Save b S Thothathri', 0, 0, 5, 0, 26, 2, 9, 0, 0, 0, 0, 0, 0, 0, 0, 0, 0, 0, 0),
(342, 15, 227, 8, 9, 5, 1, 1, 2, 'b S Thothathri', 0, 0, 5, 0, 32, 0, 3, 0, 0, 0, 0, 0, 0, 0, 0, 0, 0, 0, 0),
(343, 15, 228, 8, 5, 0, 1, 0, 1, 'c & b A Thoutreddy', 0, 0, 0, 0, 0, 0, 0, 0, 0, 0, 0, 0, 0, 0, 0, 0, 0, 0, 0),
(344, 15, 230, 8, 6, 0, 1, 7, 13, 'lbw b A Thoutreddy', 1, 0, 0, 0, 0, 0, 0, 0, 0, 0, 0, 0, 0, 0, 0, 0, 0, 0, 0),
(345, 15, 232, 8, 8, 4, 1, 4, 4, 'c A Kumar Vyas b S Thothathri', 0, 0, 3, 0, 8, 0, 0, 0, 0, 0, 0, 0, 0, 0, 0, 0, 0, 0, 0),
(346, 15, 233, 8, 1, 1, 1, 27, 35, 'b A Thoutreddy', 1, 0, 5, 0, 12, 2, 4, 0, 0, 0, 0, 0, 0, 0, 0, 0, 0, 0, 0),
(347, 15, 236, 8, 2, 0, 1, 20, 26, 'b A Thoutreddy', 0, 1, 0, 0, 0, 0, 0, 0, 0, 0, 0, 0, 0, 0, 0, 0, 0, 0, 0),
(348, 15, 237, 8, 0, 6, 1, 0, 0, '', 0, 0, 2, 0, 12, 1, 0, 0, 0, 0, 0, 0, 0, 0, 0, 0, 0, 0, 0),
(349, 15, 238, 8, 4, 2, 1, 7, 9, 'b H Porwal', 0, 0, 1, 0, 6, 0, 0, 0, 0, 0, 0, 0, 0, 0, 0, 0, 0, 1, 0),
(350, 15, 239, 8, 3, 0, 1, 5, 11, 'c A Kumar Vyas b A Thoutreddy', 0, 0, 0, 0, 0, 0, 0, 0, 0, 0, 0, 0, 0, 0, 0, 0, 0, 0, 0),
(351, 15, 131, 4, 0, 6, 1, 0, 0, '', 0, 0, 5, 0, 21, 5, 3, 0, 0, 0, 0, 0, 0, 0, 0, 0, 0, 0, 0),
(352, 15, 118, 4, 4, 0, 1, 26, 32, 'lbw b R Vijay Kumar', 3, 0, 0, 0, 0, 0, 0, 0, 0, 0, 0, 0, 0, 0, 0, 0, 0, 0, 0),
(353, 15, 108, 4, 3, 2, 1, 1, 6, 'b G Dhiman', 0, 0, 4, 0, 15, 0, 1, 1, 0, 0, 0, 0, 0, 0, 0, 0, 0, 0, 0),
(354, 15, 121, 4, 5, 3, 1, 14, 18, 'not out', 0, 0, 1, 0, 2, 1, 0, 0, 0, 0, 0, 0, 0, 0, 0, 0, 0, 0, 0),
(355, 15, 107, 4, 2, 1, 1, 4, 7, 'c K Bapat b G Dhiman', 1, 0, 5, 0, 25, 1, 8, 0, 0, 0, 0, 0, 0, 0, 0, 0, 0, 0, 0),
(356, 15, 120, 4, 1, 0, 1, 30, 46, 'c S Joshi b S Vishwanathan', 2, 0, 0, 0, 0, 0, 0, 0, 0, 0, 0, 0, 0, 0, 0, 0, 0, 0, 0),
(357, 15, 112, 4, 6, 0, 1, 1, 8, 'b R Vijay Kumar', 0, 0, 0, 0, 0, 0, 0, 0, 0, 0, 0, 0, 0, 0, 0, 0, 0, 0, 0),
(358, 15, 114, 4, 0, 5, 1, 0, 0, '', 0, 0, 2, 0, 17, 0, 3, 0, 0, 0, 0, 0, 0, 0, 0, 0, 0, 0, 0),
(359, 15, 105, 4, 7, 4, 1, 4, 9, 'not out', 0, 0, 2, 0, 10, 0, 1, 0, 0, 0, 0, 0, 0, 0, 0, 0, 0, 1, 0),
(360, 15, 115, 4, 0, 7, 1, 0, 0, '', 0, 0, 1.2, 0, 3, 3, 0, 0, 0, 0, 0, 0, 0, 0, 0, 0, 0, 0, 0),
(361, 15, 116, 4, 0, 0, 1, 0, 0, '', 0, 0, 0, 0, 0, 0, 0, 0, 0, 0, 0, 0, 0, 0, 0, 0, 0, 0, 0),
(362, 16, 158, 5, 9, 5, 1, 2, 2, 'run out (M S.Bhatti)', 0, 0, 1, 0, 11, 0, 0, 0, 0, 0, 0, 0, 0, 0, 0, 0, 0, 0, 0),
(363, 16, 152, 5, 0, 7, 1, 0, 0, '', 0, 0, 3, 0, 18, 2, 2, 0, 0, 0, 0, 0, 0, 0, 0, 0, 0, 0, 0),
(364, 16, 148, 5, 2, 2, 1, 30, 46, 'c R Rana b M Sharique', 1, 0, 3.3, 0, 23, 0, 1, 0, 0, 0, 0, 0, 0, 0, 0, 0, 0, 0, 0),
(365, 16, 135, 5, 1, 1, 1, 2, 6, 'lbw b M Sharique', 0, 0, 3, 0, 24, 0, 0, 0, 0, 0, 0, 0, 0, 0, 0, 0, 0, 1, 0),
(366, 16, 147, 5, 6, 6, 1, 4, 7, 'c M S.Bhatti b M H.Khan', 0, 0, 3, 0, 19, 0, 2, 0, 0, 0, 0, 0, 0, 0, 0, 0, 0, 0, 0),
(367, 16, 156, 5, 5, 3, 1, 45, 36, 'b H Dhillon', 4, 0, 5, 0, 26, 2, 2, 0, 0, 0, 0, 0, 0, 0, 0, 0, 0, 0, 0),
(368, 16, 151, 5, 7, 0, 1, 22, 15, 'not out', 0, 0, 0, 0, 0, 0, 0, 0, 0, 0, 0, 0, 0, 0, 0, 0, 0, 0, 0),
(369, 16, 146, 5, 8, 0, 1, 0, 1, 'lbw b M H.Khan', 0, 0, 0, 0, 0, 0, 0, 0, 0, 0, 0, 0, 0, 0, 0, 0, 0, 0, 0),
(370, 16, 138, 5, 4, 0, 1, 3, 10, 'lbw b R Rana', 0, 0, 0, 0, 0, 0, 0, 0, 0, 0, 0, 0, 0, 0, 0, 0, 0, 0, 0),
(371, 16, 155, 5, 0, 4, 1, 0, 0, '', 0, 0, 2, 0, 20, 0, 2, 0, 0, 0, 0, 0, 0, 0, 0, 0, 0, 0, 0),
(372, 16, 145, 5, 3, 0, 1, 11, 25, 'run out (V Kumar/M H.Khan)', 0, 0, 0, 0, 0, 0, 0, 0, 0, 0, 0, 0, 0, 0, 1, 0, 0, 0, 0),
(373, 16, 81, 3, 0, 7, 1, 0, 0, '', 0, 0, 1, 0, 13, 0, 2, 0, 0, 0, 0, 0, 0, 0, 0, 0, 0, 0, 0),
(374, 16, 82, 3, 6, 6, 1, 6, 7, 'not out', 0, 0, 2, 0, 11, 0, 1, 0, 0, 0, 0, 0, 0, 0, 0, 0, 0, 0, 0),
(375, 16, 85, 3, 1, 2, 1, 46, 22, 'c A Shrivastava b N Ghotra', 6, 2, 5, 0, 34, 1, 5, 0, 0, 0, 0, 0, 0, 0, 0, 0, 0, 0, 0),
(376, 16, 86, 3, 0, 4, 1, 0, 0, '', 0, 0, 4, 0, 21, 0, 0, 0, 0, 0, 0, 0, 0, 0, 0, 0, 0, 0, 0),
(377, 16, 87, 3, 4, 0, 1, 7, 10, 'c N Ghotra b A Goel', 0, 0, 0, 0, 0, 0, 0, 0, 0, 0, 0, 0, 0, 0, 0, 0, 0, 0, 0),
(378, 16, 90, 3, 0, 0, 1, 0, 0, '', 0, 0, 0, 0, 0, 0, 0, 0, 0, 0, 0, 0, 0, 0, 1, 0, 0, 0, 0),
(379, 16, 92, 3, 0, 1, 1, 0, 0, '', 0, 0, 5, 0, 28, 2, 4, 0, 0, 0, 0, 0, 0, 0, 0, 0, 0, 0, 0),
(380, 16, 78, 3, 0, 3, 1, 0, 0, '', 0, 0, 5, 0, 19, 2, 5, 0, 0, 0, 0, 0, 0, 0, 0, 0, 0, 1, 0),
(381, 16, 93, 3, 3, 0, 1, 2, 4, 'c J Sandhu b N Ghotra', 0, 0, 0, 0, 0, 0, 0, 0, 0, 0, 0, 0, 0, 0, 0, 0, 0, 0, 0),
(382, 16, 96, 3, 5, 5, 1, 18, 14, 'c J Sandhu b A Goel', 2, 0, 3, 0, 13, 1, 2, 0, 0, 0, 0, 0, 0, 0, 0, 0, 0, 0, 0),
(383, 16, 99, 3, 2, 0, 1, 49, 56, 'not out', 4, 1, 0, 0, 0, 0, 0, 0, 0, 0, 0, 0, 0, 0, 0, 0, 0, 0, 0),
(384, 17, 187, 6, 5, 4, 1, 1, 6, 'c V Anil Save b H Porwal', 0, 0, 1, 0, 11, 0, 3, 0, 0, 0, 0, 0, 0, 0, 0, 0, 0, 0, 0),
(385, 17, 184, 6, 4, 3, 1, 10, 29, 'c & b G Kapoor', 0, 0, 4, 0, 31, 0, 0, 0, 0, 0, 0, 0, 0, 0, 0, 0, 0, 0, 0),
(386, 17, 175, 6, 6, 0, 1, 0, 4, 'b G Kapoor', 0, 0, 0, 0, 0, 0, 0, 0, 0, 0, 0, 0, 0, 0, 0, 0, 0, 0, 0),
(387, 17, 165, 6, 9, 0, 1, 0, 2, 'b G Kannan', 0, 0, 0, 0, 0, 0, 0, 0, 0, 0, 0, 0, 0, 0, 1, 0, 0, 1, 0),
(388, 17, 169, 6, 3, 2, 1, 38, 58, 'c G Kannan b R Subramanian', 3, 0, 3, 0, 14, 1, 0, 0, 0, 0, 0, 0, 0, 0, 0, 0, 0, 0, 0),
(389, 17, 241, 6, 7, 5, 1, 0, 2, 'run out (G Kannan)', 0, 0, 5, 0, 29, 1, 0, 0, 0, 0, 0, 0, 0, 0, 0, 0, 0, 0, 0),
(390, 17, 172, 6, 0, 8, 1, 0, 0, '', 0, 0, 4, 0, 21, 2, 3, 0, 0, 0, 0, 0, 0, 0, 0, 0, 0, 0, 0),
(391, 17, 166, 6, 11, 0, 1, 0, 1, 'not out', 0, 0, 0, 0, 0, 0, 0, 0, 0, 0, 0, 0, 0, 0, 0, 0, 0, 0, 0),
(392, 17, 173, 6, 2, 1, 1, 10, 26, 'b C Muthukumaran', 1, 0, 1, 0, 7, 0, 1, 0, 0, 0, 0, 0, 0, 0, 0, 0, 0, 0, 0),
(393, 17, 179, 6, 1, 0, 1, 0, 7, 'c V Anil Save b D Rustogi', 0, 0, 0, 0, 0, 0, 0, 0, 0, 0, 0, 0, 0, 0, 0, 0, 0, 0, 0),
(394, 17, 171, 6, 10, 7, 1, 2, 3, 'run out (V Anil Save)', 0, 0, 3, 0, 22, 0, 0, 0, 0, 0, 0, 0, 0, 0, 0, 0, 0, 0, 0),
(395, 17, 183, 6, 8, 6, 1, 6, 5, 'c U Iqbal b S Sitambaram', 0, 0, 4, 0, 23, 1, 0, 0, 0, 0, 0, 0, 0, 0, 0, 0, 0, 0, 0),
(396, 17, 118, 4, 4, 0, 1, 55, 55, 'run out (H Patel)', 6, 0, 0, 0, 0, 0, 0, 0, 0, 0, 0, 0, 0, 0, 0, 0, 0, 0, 0),
(397, 17, 108, 4, 3, 2, 1, 2, 4, 'c S M Din b S Thakur', 0, 0, 4, 0, 22, 1, 4, 2, 0, 0, 0, 0, 0, 0, 0, 0, 0, 0, 0),
(398, 17, 121, 4, 6, 3, 1, 53, 44, 'not out', 4, 0, 1, 0, 3, 1, 0, 0, 0, 0, 0, 0, 0, 0, 0, 0, 0, 0, 0),
(399, 17, 106, 4, 0, 5, 1, 0, 0, '', 0, 0, 3, 0, 9, 2, 3, 0, 0, 0, 0, 0, 0, 0, 0, 0, 0, 0, 0),
(400, 17, 107, 4, 2, 1, 1, 6, 8, 'c A Gupta b J Dwivedi', 1, 0, 4, 0, 27, 1, 12, 2, 0, 0, 0, 0, 0, 0, 0, 0, 0, 0, 0),
(401, 17, 109, 4, 0, 6, 1, 0, 0, '', 0, 0, 5, 0, 10, 1, 2, 0, 0, 0, 0, 0, 0, 0, 0, 0, 0, 0, 0),
(402, 17, 112, 4, 0, 7, 1, 0, 0, '', 0, 0, 4, 0, 14, 0, 2, 0, 0, 0, 0, 0, 0, 0, 0, 0, 0, 0, 0),
(403, 17, 111, 4, 8, 4, 1, 3, 3, 'run out (A Gupta)', 0, 0, 1, 0, 8, 1, 2, 0, 0, 0, 0, 0, 0, 0, 0, 0, 0, 0, 0),
(404, 17, 105, 4, 5, 0, 1, 9, 18, 'st A Gupta b H Patel', 0, 0, 0, 0, 0, 0, 0, 0, 0, 0, 0, 0, 0, 0, 0, 0, 0, 1, 0),
(405, 17, 119, 4, 1, 0, 1, 14, 15, 'c & b J Dwivedi', 1, 0, 0, 0, 0, 0, 0, 0, 0, 0, 0, 0, 0, 0, 0, 0, 0, 0, 0),
(406, 17, 116, 4, 7, 0, 1, 3, 3, 'b A Dubey', 0, 0, 0, 0, 0, 0, 0, 0, 0, 0, 0, 0, 0, 0, 0, 0, 0, 0, 0),
(407, 18, 224, 8, 0, 5, 1, 0, 0, '', 0, 0, 4, 0, 29, 2, 0, 0, 0, 0, 0, 0, 0, 0, 0, 0, 0, 0, 0),
(408, 18, 242, 8, 0, 6, 1, 0, 0, '', 0, 0, 3, 0, 31, 0, 1, 0, 0, 0, 0, 0, 0, 0, 0, 0, 0, 0, 0),
(409, 18, 225, 8, 0, 1, 1, 0, 0, '', 0, 0, 2, 0, 5, 0, 2, 0, 0, 0, 0, 0, 0, 0, 0, 0, 0, 0, 0),
(410, 18, 227, 8, 8, 0, 1, 5, 6, 'not out', 0, 0, 0, 0, 0, 0, 0, 0, 0, 0, 0, 0, 0, 0, 0, 0, 0, 0, 0),
(411, 18, 228, 8, 5, 0, 1, 16, 20, 'c K Erramilli b A Gera', 1, 0, 0, 0, 0, 0, 0, 0, 0, 0, 0, 0, 0, 0, 0, 0, 0, 0, 0),
(412, 18, 229, 8, 3, 0, 1, 0, 1, 'c K Erramilli b E Vincent', 0, 0, 0, 0, 0, 0, 0, 0, 0, 0, 0, 0, 0, 0, 0, 0, 0, 0, 0),
(413, 18, 230, 8, 7, 0, 1, 4, 5, 'not out', 0, 0, 0, 0, 0, 0, 0, 0, 0, 0, 0, 0, 0, 0, 0, 0, 0, 0, 0),
(414, 18, 233, 8, 1, 3, 1, 36, 28, 'c S Goverdhan b A Raza', 6, 0, 5, 0, 25, 2, 3, 0, 0, 0, 0, 0, 0, 0, 0, 0, 0, 0, 0),
(415, 18, 232, 8, 6, 2, 1, 21, 19, 'c & b T Beri', 1, 1, 5, 0, 22, 4, 1, 0, 0, 0, 0, 0, 0, 0, 0, 0, 0, 0, 0),
(416, 18, 236, 8, 2, 0, 1, 3, 6, 'lbw b D Vinnakota', 0, 0, 0, 0, 0, 0, 0, 0, 0, 0, 0, 0, 0, 0, 1, 0, 0, 0, 0),
(417, 18, 237, 8, 0, 4, 1, 0, 0, '', 0, 0, 4, 0, 30, 1, 0, 0, 0, 0, 0, 0, 0, 0, 0, 0, 0, 0, 0),
(418, 18, 238, 8, 4, 7, 1, 70, 66, 'b D Vinnakota', 4, 2, 2, 0, 28, 0, 0, 2, 0, 0, 0, 0, 0, 0, 0, 0, 0, 1, 0),
(419, 18, 19, 1, 6, 0, 1, 9, 7, 'c K Bapat b A Sundaram', 1, 0, 0, 0, 0, 0, 0, 0, 0, 0, 0, 0, 0, 0, 0, 0, 0, 0, 0),
(420, 18, 20, 1, 4, 4, 1, 18, 22, 'b S Joshi', 2, 0, 5, 0, 23, 1, 3, 0, 0, 0, 0, 0, 0, 0, 0, 0, 0, 0, 0),
(421, 18, 3, 1, 0, 6, 1, 0, 0, '', 0, 0, 4, 0, 28, 1, 1, 0, 0, 0, 0, 0, 0, 0, 0, 0, 0, 0, 0),
(422, 18, 8, 1, 9, 1, 1, 6, 9, 'c K Bapat b A Sundaram', 0, 0, 4, 0, 36, 2, 1, 0, 0, 0, 0, 0, 0, 0, 0, 0, 0, 0, 0),
(423, 18, 29, 1, 10, 0, 1, 2, 2, 'not out', 0, 0, 0, 0, 0, 0, 0, 0, 0, 0, 0, 0, 0, 0, 0, 0, 0, 0, 0),
(424, 18, 2, 1, 11, 2, 1, 2, 3, 'run out (S Goyal/A Sundaram)', 0, 0, 2, 0, 9, 1, 0, 0, 0, 0, 0, 0, 0, 0, 0, 0, 0, 0, 0),
(425, 18, 32, 1, 8, 5, 1, 4, 5, 'lbw b S Vishwanathan', 0, 0, 5, 0, 46, 0, 1, 0, 0, 0, 0, 0, 0, 0, 0, 0, 0, 0, 0),
(426, 18, 6, 1, 2, 0, 1, 78, 68, 'lbw b R Vijay Kumar', 9, 1, 0, 0, 0, 0, 0, 0, 0, 0, 0, 0, 0, 0, 0, 0, 0, 0, 0),
(427, 18, 13, 1, 7, 0, 1, 2, 3, 'lbw b R Vijay Kumar', 0, 0, 0, 0, 0, 0, 0, 0, 0, 0, 0, 0, 0, 0, 0, 0, 0, 0, 0),
(428, 18, 1, 1, 1, 0, 1, 0, 7, 'c S Goyal b S Joshi', 0, 0, 0, 0, 0, 0, 0, 0, 0, 0, 0, 0, 0, 0, 0, 0, 0, 1, 0),
(429, 18, 40, 1, 5, 0, 1, 25, 13, 'c S Goyal b S Joshi', 1, 2, 0, 0, 0, 0, 0, 0, 0, 0, 0, 0, 0, 0, 1, 0, 0, 0, 0),
(430, 18, 37, 1, 3, 3, 1, 2, 8, 'c K Bapat b S Joshi', 0, 0, 5, 0, 30, 1, 0, 0, 0, 0, 0, 0, 0, 0, 0, 0, 0, 0, 0),
(431, 19, 197, 7, 0, 4, 1, 0, 0, '', 0, 0, 5, 0, 16, 3, 0, 0, 0, 0, 0, 0, 0, 0, 0, 0, 0, 0, 0),
(432, 19, 200, 7, 0, 3, 1, 0, 0, '', 0, 0, 5, 0, 32, 0, 0, 0, 0, 0, 0, 0, 0, 0, 0, 0, 0, 0, 0),
(433, 19, 201, 7, 0, 5, 1, 0, 0, '', 0, 0, 4, 0, 24, 1, 0, 0, 0, 0, 0, 0, 0, 0, 0, 0, 0, 0, 0),
(434, 19, 211, 7, 2, 0, 1, 5, 8, 'lbw b S Sharma', 0, 0, 0, 0, 0, 0, 0, 0, 0, 0, 0, 0, 0, 0, 0, 0, 0, 0, 0),
(435, 19, 205, 7, 0, 6, 1, 0, 0, '', 0, 0, 2, 0, 24, 0, 1, 1, 0, 0, 0, 0, 0, 0, 0, 0, 0, 0, 0),
(436, 19, 208, 7, 5, 2, 1, 7, 3, 'not out', 1, 0, 5, 0, 21, 2, 0, 0, 0, 0, 0, 0, 0, 0, 0, 0, 0, 0, 0),
(437, 19, 215, 7, 4, 1, 1, 8, 6, 'not out', 1, 0, 1, 0, 15, 0, 0, 0, 0, 0, 0, 0, 0, 0, 0, 0, 0, 1, 0),
(438, 19, 202, 7, 3, 0, 1, 53, 50, 'run out (G Singh)', 3, 0, 0, 0, 0, 0, 0, 0, 0, 0, 0, 0, 0, 0, 0, 0, 0, 0, 0),
(439, 19, 199, 7, 0, 7, 1, 0, 0, '', 0, 0, 3, 0, 17, 2, 0, 0, 0, 0, 0, 0, 0, 0, 0, 0, 0, 0, 0),
(440, 19, 206, 7, 1, 0, 1, 70, 73, 'c S Sharma b R Lall', 6, 0, 0, 0, 0, 0, 0, 0, 0, 0, 0, 0, 0, 0, 0, 0, 0, 0, 0),
(441, 19, 196, 7, 0, 0, 1, 0, 0, '', 0, 0, 0, 0, 0, 0, 0, 0, 0, 0, 0, 0, 0, 0, 0, 0, 0, 0, 0),
(442, 19, 58, 2, 4, 0, 1, 12, 11, 'lbw b A Karandikar', 2, 0, 0, 0, 0, 0, 0, 0, 0, 0, 0, 0, 0, 0, 0, 0, 0, 0, 0),
(443, 19, 73, 2, 7, 4, 1, 51, 42, 'not out', 4, 2, 4.2, 0, 36, 0, 4, 0, 0, 0, 0, 0, 0, 0, 0, 0, 0, 0, 0),
(444, 19, 53, 2, 5, 0, 1, 26, 33, 'st S Raj b A Vingle', 1, 0, 0, 0, 0, 0, 0, 0, 0, 0, 0, 0, 0, 0, 0, 0, 0, 0, 0),
(445, 19, 71, 2, 2, 0, 1, 0, 2, 'c P Patel b M Padhye', 0, 0, 0, 0, 0, 0, 0, 0, 0, 0, 0, 0, 0, 0, 0, 0, 0, 0, 0),
(446, 19, 64, 2, 6, 3, 1, 5, 8, 'c S Raj b A Karandikar', 0, 0, 5, 0, 30, 0, 1, 0, 0, 0, 0, 0, 0, 0, 0, 0, 0, 0, 0),
(447, 19, 51, 2, 9, 0, 1, 0, 1, 'b S More', 0, 0, 0, 0, 0, 0, 0, 0, 0, 0, 0, 0, 0, 0, 0, 0, 0, 0, 0),
(448, 19, 76, 2, 8, 5, 1, 11, 7, 'c & b S More', 2, 0, 5, 0, 24, 0, 0, 0, 0, 0, 0, 0, 0, 0, 0, 0, 0, 0, 0),
(449, 19, 49, 2, 0, 7, 1, 0, 0, '', 0, 0, 3, 0, 17, 1, 0, 0, 0, 0, 0, 0, 0, 0, 0, 0, 0, 1, 0),
(450, 19, 55, 2, 1, 1, 1, 5, 15, 'c P Kulkarni b M Padhye', 0, 0, 1, 0, 14, 0, 0, 0, 0, 0, 0, 0, 0, 0, 0, 0, 0, 0, 0),
(451, 19, 52, 2, 3, 2, 1, 35, 28, 'b A Karandikar', 3, 2, 4, 0, 20, 1, 4, 0, 0, 0, 0, 0, 0, 0, 0, 0, 0, 0, 0),
(452, 19, 61, 2, 10, 6, 1, 2, 3, 'not out', 0, 0, 1, 0, 13, 0, 2, 0, 0, 0, 0, 0, 0, 0, 0, 0, 0, 0, 0),
(453, 2, 200, 7, 0, 8, 1, 0, 0, '', 0, 0, 5, 0, 23, 1, 9, 0, 0, 0, 0, 0, 0, 0, 0, 0, 0, 0, 0),
(454, 3, 3, 1, 0, 8, 1, 0, 0, '', 0, 0, 2, 0, 1, 1, 0, 0, 0, 0, 0, 0, 0, 0, 0, 0, 0, 0, 0),
(582, 21, 197, 7, 8, 4, 1, 18, 7, 'not out', 1, 0, 4, 0, 32, 1, 1, 0, 0, 0, 0, 0, 0, 0, 0, 0, 0, 0, 0),
(583, 21, 200, 7, 9, 1, 1, 23, 32, 'c M Sharique b R Khokhar', 1, 0, 5, 0, 42, 2, 9, 0, 0, 0, 0, 0, 0, 0, 0, 0, 0, 0, 0),
(584, 21, 221, 7, 10, 0, 1, 2, 3, 'b M H Khan', 0, 0, 0, 0, 0, 0, 0, 0, 0, 0, 0, 0, 0, 0, 0, 0, 0, 0, 0),
(585, 21, 198, 7, 3, 0, 1, 15, 24, 'c M H Khan b H Dhillon', 0, 0, 0, 0, 0, 0, 0, 0, 0, 0, 0, 0, 0, 0, 0, 0, 0, 0, 0),
(586, 21, 204, 7, 0, 3, 1, 0, 0, '', 0, 0, 5, 0, 13, 3, 0, 0, 0, 0, 0, 0, 0, 0, 0, 0, 0, 0, 0),
(587, 21, 208, 7, 6, 2, 1, 1, 5, 'c M S Bhatti b H Dhillon', 0, 0, 5, 0, 29, 1, 0, 0, 0, 0, 0, 0, 0, 0, 0, 0, 0, 0, 0),
(588, 21, 215, 7, 7, 5, 1, 2, 3, 'c A S Deol  b D Dhingra', 0, 0, 5, 0, 34, 0, 4, 0, 0, 0, 0, 0, 0, 0, 0, 0, 0, 0, 0),
(589, 21, 202, 7, 11, 0, 1, 0, 0, 'retired hurt', 0, 0, 0, 0, 0, 0, 0, 0, 0, 0, 0, 0, 0, 0, 0, 0, 0, 0, 0),
(590, 21, 199, 7, 4, 6, 1, 12, 12, 'c J S Braich b H Dhillon', 1, 0, 1, 0, 16, 0, 1, 0, 0, 0, 0, 0, 0, 0, 0, 0, 0, 0, 0),
(591, 21, 206, 7, 1, 0, 1, 29, 23, 'c V Kumar b A S Deol', 2, 0, 0, 0, 0, 0, 0, 0, 0, 0, 0, 0, 0, 0, 1, 0, 0, 0, 0),
(592, 21, 210, 7, 2, 0, 1, 5, 6, 'lbw b A S Deol', 0, 0, 0, 0, 0, 0, 0, 0, 0, 0, 0, 0, 0, 0, 0, 0, 0, 0, 0),
(593, 21, 196, 7, 5, 0, 1, 0, 5, 'c A S Deol b D Dhingra', 0, 0, 0, 0, 0, 0, 0, 0, 0, 0, 0, 0, 0, 0, 0, 0, 0, 1, 0),
(594, 21, 79, 3, 8, 2, 1, 8, 8, 'c A Christopher b A Bhalerao', 0, 0, 3, 0, 19, 2, 3, 0, 0, 0, 0, 0, 0, 0, 0, 0, 0, 0, 0),
(595, 21, 82, 3, 10, 7, 1, 1, 2, 'b M Padhye', 0, 0, 3, 0, 14, 2, 2, 0, 0, 0, 0, 0, 0, 0, 0, 0, 0, 0, 0),
(596, 21, 85, 3, 1, 6, 1, 36, 44, 'b S Raj b A Gujare', 3, 0, 4, 0, 18, 3, 5, 0, 0, 0, 0, 0, 0, 0, 0, 0, 0, 0, 0),
(597, 21, 86, 3, 11, 3, 1, 1, 3, 'run out ( P Patel )', 0, 0, 1, 0, 5, 0, 0, 0, 0, 0, 0, 0, 0, 0, 0, 0, 0, 0, 0),
(598, 21, 87, 3, 4, 0, 1, 7, 14, 'c & b A Gujare', 1, 0, 0, 0, 0, 0, 0, 0, 0, 0, 0, 0, 0, 0, 0, 0, 0, 0, 0),
(599, 21, 90, 3, 6, 0, 1, 12, 14, 'c P Patel b A Bhalerao', 0, 0, 0, 0, 0, 0, 0, 0, 0, 0, 0, 0, 0, 0, 1, 0, 0, 0, 0),
(600, 21, 92, 3, 7, 1, 1, 13, 8, 'c Tausif b M Padhye', 1, 1, 2, 0, 17, 0, 0, 0, 0, 0, 0, 0, 0, 0, 0, 0, 0, 0, 0),
(601, 21, 78, 3, 9, 4, 1, 23, 14, 'not out', 2, 0, 3.4, 0, 21, 1, 0, 0, 0, 0, 0, 0, 0, 0, 0, 0, 0, 1, 0),
(602, 21, 93, 3, 3, 0, 1, 4, 6, 'c A Karandikar b A Gujare', 0, 0, 0, 0, 0, 0, 0, 0, 0, 0, 0, 0, 0, 0, 0, 0, 0, 0, 0),
(603, 21, 95, 3, 5, 5, 1, 36, 24, 'c A Karandikar b P Kulkarni', 4, 0, 4, 0, 26, 1, 1, 0, 0, 0, 0, 0, 0, 0, 0, 0, 0, 0, 0),
(604, 21, 99, 3, 2, 0, 1, 10, 12, 'c S Raj b A Bhalerao', 2, 0, 0, 0, 0, 0, 0, 0, 0, 0, 0, 0, 0, 0, 0, 0, 0, 0, 0),
(605, 20, 222, 8, 6, 0, 1, 0, 2, 'b A Dubey', 0, 0, 0, 0, 0, 0, 0, 0, 0, 0, 0, 0, 0, 0, 0, 0, 0, 0, 0),
(606, 20, 223, 8, 7, 0, 1, 6, 7, 'not out', 0, 0, 0, 0, 0, 0, 0, 0, 0, 0, 0, 0, 0, 0, 0, 0, 0, 0, 0),
(607, 20, 224, 8, 0, 4, 1, 0, 0, '', 0, 0, 3, 0, 5, 1, 0, 0, 0, 0, 0, 0, 0, 0, 0, 0, 0, 0, 0),
(608, 20, 225, 8, 0, 5, 1, 0, 0, '', 0, 0, 3, 0, 14, 1, 1, 0, 0, 0, 0, 0, 0, 0, 0, 0, 0, 0, 0),
(609, 20, 227, 8, 0, 3, 1, 0, 0, '', 0, 0, 5, 0, 19, 5, 1, 0, 0, 0, 0, 0, 0, 0, 0, 0, 0, 0, 0),
(610, 20, 228, 8, 4, 0, 1, 23, 14, 'c P Jani b H Patel', 2, 1, 0, 0, 0, 0, 0, 0, 0, 0, 0, 0, 0, 0, 0, 0, 0, 0, 0),
(611, 20, 230, 8, 0, 0, 1, 0, 0, '', 0, 0, 0, 0, 0, 0, 0, 0, 0, 0, 0, 0, 0, 0, 0, 0, 0, 0, 0),
(612, 20, 231, 8, 3, 0, 1, 10, 13, 'b A Dubey', 0, 0, 0, 0, 0, 0, 0, 0, 0, 0, 0, 0, 0, 0, 0, 0, 0, 0, 0),
(613, 20, 233, 8, 1, 1, 1, 15, 15, 'c S Sodadasu b D George(Rocky)', 1, 0, 2, 0, 16, 1, 2, 0, 0, 0, 0, 0, 0, 0, 0, 0, 0, 0, 0),
(614, 20, 234, 8, 5, 0, 1, 1, 2, 'not out', 0, 0, 0, 0, 0, 0, 0, 0, 0, 0, 0, 0, 0, 0, 0, 0, 0, 0, 0),
(615, 20, 232, 8, 0, 2, 1, 0, 0, '', 0, 0, 3, 0, 14, 1, 2, 0, 0, 0, 0, 0, 0, 0, 0, 0, 0, 0, 0),
(616, 20, 236, 8, 2, 0, 1, 5, 7, 'c A Gupta b J Dwivedi', 0, 0, 0, 0, 0, 0, 0, 0, 0, 0, 0, 0, 0, 0, 0, 0, 0, 0, 0),
(617, 20, 165, 6, 10, 0, 1, 1, 2, 'not out', 0, 0, 0, 0, 0, 0, 0, 0, 0, 0, 0, 0, 0, 0, 1, 0, 0, 1, 0),
(618, 20, 167, 6, 6, 0, 1, 5, 15, 'c R Raj Sharma b K Gupta', 0, 0, 0, 0, 0, 0, 0, 0, 0, 0, 0, 0, 0, 0, 0, 0, 0, 0, 0),
(619, 20, 169, 6, 4, 2, 1, 30, 30, 'c K Bapat b A Sundaram', 2, 0, 2, 0, 13, 2, 4, 0, 0, 0, 0, 0, 0, 0, 0, 0, 0, 0, 0),
(620, 20, 180, 6, 2, 1, 1, 5, 7, 'b G Dhiman', 1, 0, 2, 0, 16, 1, 0, 0, 0, 0, 0, 0, 0, 0, 0, 0, 0, 0, 0),
(621, 20, 241, 6, 5, 3, 1, 2, 4, 'c K Bapat b K Gupta', 0, 0, 2, 0, 13, 1, 0, 0, 0, 0, 0, 0, 0, 0, 0, 0, 0, 0, 0),
(622, 20, 172, 6, 7, 4, 1, 0, 1, 'run out (G Dhiman)', 0, 0, 2, 0, 14, 1, 3, 0, 0, 0, 0, 0, 0, 0, 0, 0, 0, 0, 0),
(623, 20, 166, 6, 11, 0, 1, 0, 2, 'b K Gupta', 0, 0, 0, 0, 0, 0, 0, 0, 0, 0, 0, 0, 0, 0, 0, 0, 0, 0, 0),
(624, 20, 173, 6, 1, 0, 1, 9, 15, 'lbw b S Joshi', 1, 0, 0, 0, 0, 0, 0, 0, 0, 0, 0, 0, 0, 0, 0, 0, 0, 0, 0),
(625, 20, 179, 6, 3, 0, 1, 3, 8, 'c A Koshy b R Vijay Kumar', 0, 0, 0, 0, 0, 0, 0, 0, 0, 0, 0, 0, 0, 0, 0, 0, 0, 0, 0),
(626, 20, 193, 6, 8, 5, 1, 4, 2, 'b K Gupta', 1, 0, 1, 0, 7, 0, 0, 0, 0, 0, 0, 0, 0, 0, 0, 0, 0, 0, 0),
(627, 20, 183, 6, 0, 6, 1, 0, 0, '', 0, 0, 1, 0, 7, 0, 3, 0, 0, 0, 0, 0, 0, 0, 0, 0, 0, 0, 0),
(628, 20, 178, 6, 9, 0, 1, 3, 10, 'b K Gupta', 0, 0, 0, 0, 0, 0, 0, 0, 0, 0, 0, 0, 0, 0, 0, 0, 0, 0, 0),
(629, 22, 73, 2, 2, 4, 1, 52, 70, 'c A Reddy b A Raza', 3, 0, 4, 0, 32, 0, 6, 0, 0, 0, 0, 0, 0, 0, 0, 0, 0, 0, 0),
(630, 22, 60, 2, 8, 0, 1, 4, 8, 'not out', 0, 0, 0, 0, 0, 0, 0, 0, 0, 0, 0, 0, 0, 0, 0, 0, 0, 0, 0),
(631, 22, 71, 2, 3, 1, 1, 25, 18, 'b A Gera', 4, 0, 3, 0, 23, 0, 1, 0, 0, 0, 0, 0, 0, 0, 0, 0, 0, 0, 0),
(632, 22, 64, 2, 7, 0, 1, 9, 12, ' c A Erramilli b A Raza', 0, 0, 0, 0, 0, 0, 0, 0, 0, 0, 0, 0, 0, 0, 0, 0, 0, 0, 0),
(633, 22, 76, 2, 4, 3, 1, 7, 8, 'c K Erramilli b D Dar', 1, 0, 3, 0, 24, 0, 0, 0, 0, 0, 0, 0, 0, 0, 0, 0, 0, 0, 0),
(634, 22, 62, 2, 0, 5, 1, 0, 0, '', 0, 0, 3, 0, 17, 0, 6, 0, 0, 0, 0, 0, 0, 0, 0, 0, 0, 0, 0),
(635, 22, 49, 2, 0, 6, 1, 0, 0, '', 0, 0, 3, 0, 12, 1, 0, 0, 0, 0, 0, 0, 0, 0, 0, 0, 0, 1, 0),
(636, 22, 55, 2, 1, 0, 1, 2, 13, 'c A Reddy b A Gera', 0, 0, 0, 0, 0, 0, 0, 0, 0, 0, 0, 0, 0, 0, 0, 0, 0, 0, 0),
(637, 22, 52, 2, 5, 2, 1, 2, 6, 'b Siva Vakalapudi', 0, 0, 3, 0, 20, 1, 3, 0, 0, 0, 0, 0, 0, 0, 0, 0, 0, 0, 0),
(638, 22, 61, 2, 9, 0, 1, 3, 1, 'not out', 0, 0, 0, 0, 0, 0, 0, 0, 0, 0, 0, 0, 0, 0, 0, 0, 0, 0, 0),
(639, 22, 57, 2, 6, 0, 1, 4, 9, ' c A Reddy b A Erramilli', 0, 0, 0, 0, 0, 0, 0, 0, 0, 0, 0, 0, 0, 0, 1, 0, 0, 0, 0);
INSERT INTO `match_has_player` (`mhp_id`, `match_id`, `player_id`, `team_id`, `bat_seq`, `bowl_seq`, `inngs`, `score`, `balls`, `out_str`, `fours`, `sixes`, `overs`, `madin`, `b_runs`, `wicks`, `wides`, `nobals`, `this_over_runs`, `b_sixes`, `b_fours`, `candb`, `f_catches`, `f_IR`, `w_keeper`, `f_DR`, `keeper_stumps`, `captain`, `in_final`) VALUES
(640, 22, 30, 1, 2, 0, 1, 30, 27, 'c R Kalkat b R Lall', 4, 0, 0, 0, 0, 0, 0, 0, 0, 0, 0, 0, 0, 0, 0, 0, 0, 0, 0),
(641, 22, 19, 1, 0, 0, 1, 0, 0, '', 0, 0, 0, 0, 0, 0, 0, 0, 0, 0, 0, 0, 0, 0, 0, 0, 0, 0, 0),
(642, 22, 20, 1, 4, 3, 1, 24, 21, 'not out', 2, 0, 4, 0, 25, 2, 3, 0, 0, 0, 0, 0, 0, 0, 0, 0, 0, 0, 0),
(643, 22, 31, 1, 3, 7, 1, 56, 59, 'not out', 5, 0, 1, 0, 7, 1, 4, 0, 0, 0, 0, 0, 0, 0, 0, 0, 0, 0, 0),
(644, 22, 26, 1, 0, 1, 1, 0, 0, '', 0, 0, 4, 0, 27, 0, 9, 0, 0, 0, 0, 0, 0, 0, 0, 0, 0, 0, 0),
(645, 22, 3, 1, 0, 2, 1, 0, 0, '', 0, 0, 5, 0, 15, 2, 2, 0, 0, 0, 0, 0, 0, 0, 0, 0, 0, 0, 0),
(646, 22, 38, 1, 0, 0, 1, 0, 0, '', 0, 0, 0, 0, 0, 0, 0, 0, 0, 0, 0, 0, 0, 0, 0, 0, 0, 0, 0),
(647, 22, 29, 1, 0, 4, 1, 0, 0, '', 0, 0, 4, 0, 22, 1, 1, 0, 0, 0, 0, 0, 0, 0, 0, 0, 0, 0, 0),
(648, 22, 32, 1, 0, 5, 1, 0, 0, '', 0, 0, 4, 0, 16, 0, 0, 0, 0, 0, 0, 0, 0, 0, 0, 0, 0, 0, 0),
(649, 22, 13, 1, 0, 0, 1, 0, 0, '', 0, 0, 0, 0, 0, 0, 0, 0, 0, 0, 0, 0, 0, 0, 1, 0, 0, 0, 0),
(650, 22, 1, 1, 1, 0, 1, 1, 2, ' c A Bhaktiar b S Sharma', 0, 0, 0, 0, 0, 0, 0, 0, 0, 0, 0, 0, 0, 0, 0, 0, 0, 1, 0),
(651, 22, 4, 1, 0, 6, 1, 0, 0, '', 0, 0, 3, 0, 14, 1, 0, 0, 0, 0, 0, 0, 0, 0, 0, 0, 0, 0, 0),
(652, 23, 135, 5, 5, 3, 1, 5, 7, 'b H Porwal', 0, 0, 5, 0, 37, 2, 0, 0, 0, 0, 0, 0, 0, 0, 0, 0, 0, 1, 0),
(653, 23, 142, 5, 0, 5, 1, 0, 0, '', 0, 0, 5, 0, 32, 1, 1, 0, 0, 0, 0, 0, 0, 0, 0, 0, 0, 0, 0),
(654, 23, 147, 5, 1, 1, 1, 22, 25, 'c R Subramanian b S Natarajan', 3, 0, 3, 0, 18, 3, 1, 0, 0, 0, 0, 0, 0, 0, 0, 0, 0, 0, 0),
(655, 23, 164, 5, 4, 0, 1, 36, 36, 'not out', 3, 1, 0, 0, 0, 0, 0, 0, 0, 0, 0, 0, 0, 0, 0, 0, 0, 0, 0),
(656, 23, 141, 5, 0, 7, 1, 0, 0, '', 0, 0, 2, 0, 15, 0, 0, 0, 0, 0, 0, 0, 0, 0, 0, 0, 0, 0, 0),
(657, 23, 156, 5, 2, 2, 1, 10, 6, 'c U Iqbal b H Porwal', 2, 0, 5, 0, 24, 3, 0, 0, 0, 0, 0, 0, 0, 0, 0, 0, 0, 0, 0),
(658, 23, 151, 5, 6, 0, 1, 1, 4, 'lbw b G Kapoor', 0, 0, 0, 0, 0, 0, 0, 0, 0, 0, 0, 0, 0, 0, 0, 0, 0, 0, 0),
(659, 23, 146, 5, 0, 6, 1, 0, 0, '', 0, 0, 3, 0, 19, 0, 4, 0, 0, 0, 0, 0, 0, 0, 0, 0, 0, 0, 0),
(660, 23, 138, 5, 3, 0, 1, 63, 50, 'lbw b A Thoutreddy', 9, 0, 0, 0, 0, 0, 0, 0, 0, 0, 0, 0, 0, 0, 0, 0, 0, 0, 0),
(661, 23, 155, 5, 0, 4, 1, 0, 0, '', 0, 0, 2, 0, 16, 0, 1, 0, 0, 0, 0, 0, 0, 0, 0, 0, 0, 0, 0),
(662, 23, 145, 5, 7, 0, 1, 10, 10, 'not out', 1, 0, 0, 0, 0, 0, 0, 0, 0, 0, 0, 0, 0, 0, 1, 0, 0, 0, 0),
(663, 23, 131, 4, 10, 7, 1, 9, 8, 'not out', 0, 0, 5, 0, 33, 1, 0, 0, 0, 0, 0, 0, 0, 0, 0, 0, 0, 0, 0),
(664, 23, 108, 4, 4, 2, 1, 0, 1, 'c & b J Sandhu', 0, 0, 4, 0, 30, 0, 3, 2, 0, 0, 0, 0, 0, 0, 0, 0, 0, 0, 0),
(665, 23, 106, 4, 8, 5, 1, 14, 9, 'b N Ghotra', 0, 1, 3, 0, 16, 1, 0, 0, 0, 0, 0, 0, 0, 0, 0, 0, 0, 0, 0),
(666, 23, 107, 4, 2, 1, 1, 14, 18, 'st V Botcha b J Brar', 0, 0, 5, 0, 30, 2, 3, 0, 0, 0, 0, 0, 0, 0, 0, 0, 0, 0, 0),
(667, 23, 109, 4, 6, 3, 1, 1, 5, 'c S Bawa b N Ghotra', 0, 0, 2, 0, 17, 0, 1, 0, 0, 0, 0, 0, 0, 0, 0, 0, 0, 0, 0),
(668, 23, 112, 4, 9, 6, 1, 0, 1, 'b N Ghotra', 0, 0, 1, 0, 5, 0, 0, 0, 0, 0, 0, 0, 0, 0, 0, 0, 0, 0, 0),
(669, 23, 111, 4, 5, 0, 1, 7, 8, 'lbw b J Sandhu', 1, 0, 0, 0, 0, 0, 0, 0, 0, 0, 0, 0, 0, 0, 0, 0, 0, 0, 0),
(670, 23, 105, 4, 7, 4, 1, 4, 4, 'c Q Khan b G Sohi', 0, 0, 3, 0, 26, 1, 0, 0, 0, 0, 0, 0, 0, 0, 0, 0, 0, 0, 0),
(671, 23, 115, 4, 11, 0, 1, 0, 0, 'not out', 0, 0, 0, 0, 0, 0, 0, 0, 0, 0, 0, 0, 0, 0, 0, 0, 0, 0, 0),
(672, 23, 119, 4, 1, 0, 1, 73, 64, 'c & b G Sohi', 4, 0, 0, 0, 0, 0, 0, 0, 0, 0, 0, 0, 0, 0, 0, 0, 0, 0, 0),
(673, 23, 116, 4, 3, 0, 1, 33, 32, 'st V Botcha b J Sandhu', 1, 0, 0, 0, 0, 0, 0, 0, 0, 0, 0, 0, 0, 0, 0, 0, 0, 0, 0),
(800, 24, 222, 8, 8, 0, 1, 8, 14, 'c H Sudhir b V Kumar', 0, 0, 0, 0, 0, 0, 0, 0, 0, 0, 0, 0, 0, 0, 0, 0, 0, 0, 0),
(801, 24, 223, 8, 10, 0, 1, 2, 2, 'not out', 0, 0, 0, 0, 0, 0, 0, 0, 0, 0, 0, 0, 0, 0, 0, 0, 0, 0, 0),
(802, 24, 224, 8, 0, 4, 1, 0, 0, '', 0, 0, 5, 0, 51, 1, 1, 1, 0, 0, 0, 0, 0, 0, 0, 0, 0, 0, 0),
(803, 24, 225, 8, 4, 1, 1, 26, 38, 'st M S.Bhatti b M Sharique', 4, 0, 5, 0, 45, 0, 1, 0, 0, 0, 0, 0, 0, 0, 0, 0, 0, 0, 0),
(804, 24, 227, 8, 9, 3, 1, 8, 4, 'b V Kumar', 0, 0, 5, 0, 37, 1, 2, 0, 0, 0, 0, 0, 0, 0, 0, 0, 0, 0, 0),
(805, 24, 228, 8, 3, 0, 1, 17, 22, 'b M H.Khan*', 0, 0, 0, 0, 0, 0, 0, 0, 0, 0, 0, 0, 0, 0, 0, 0, 0, 0, 0),
(806, 24, 230, 8, 7, 0, 1, 19, 22, 'run out ()', 0, 0, 0, 0, 0, 0, 0, 0, 0, 0, 0, 0, 0, 0, 0, 0, 0, 0, 0),
(807, 24, 231, 8, 1, 0, 1, 16, 23, 'c P Singh b M H.Khan*', 2, 0, 0, 0, 0, 0, 0, 0, 0, 0, 0, 0, 0, 0, 0, 0, 0, 0, 0),
(808, 24, 234, 8, 5, 5, 1, 3, 8, 'c M S.Bhatti b R Rana', 0, 0, 0, 0, 0, 0, 0, 0, 0, 0, 0, 0, 0, 0, 0, 0, 0, 0, 0),
(809, 24, 232, 8, 6, 2, 1, 21, 14, 'c M S.Bhatti b V Kumar', 2, 0, 5, 0, 30, 2, 1, 0, 0, 0, 0, 0, 0, 0, 0, 0, 0, 0, 0),
(810, 24, 236, 8, 2, 0, 1, 4, 3, 'b M Sharique', 0, 0, 0, 0, 0, 0, 0, 0, 0, 0, 0, 0, 0, 0, 0, 0, 0, 0, 0),
(811, 24, 239, 8, 0, 0, 1, 0, 0, '', 0, 0, 0, 0, 0, 0, 0, 0, 0, 0, 0, 0, 0, 0, 0, 0, 0, 0, 0),
(812, 24, 101, 3, 0, 0, 1, 0, 0, '', 0, 0, 0, 0, 0, 0, 0, 0, 0, 0, 0, 0, 0, 0, 0, 0, 0, 0, 0),
(813, 24, 85, 3, 1, 3, 1, 69, 54, 'b', 6, 1, 3, 0, 20, 0, 0, 0, 0, 0, 0, 0, 0, 0, 0, 0, 0, 0, 0),
(814, 24, 86, 3, 0, 5, 1, 0, 0, '', 0, 0, 3, 0, 15, 0, 1, 0, 0, 0, 0, 0, 0, 0, 0, 0, 0, 0, 0),
(815, 24, 88, 3, 0, 0, 1, 0, 0, '', 0, 0, 0, 0, 0, 0, 0, 0, 0, 0, 0, 0, 0, 0, 0, 0, 0, 0, 0),
(816, 24, 90, 3, 0, 0, 1, 0, 0, '', 0, 0, 0, 0, 0, 0, 0, 0, 0, 0, 0, 0, 0, 0, 0, 0, 0, 0, 0),
(817, 24, 92, 3, 3, 1, 1, 14, 12, 'b', 0, 0, 5, 0, 25, 2, 2, 0, 0, 0, 0, 0, 0, 0, 0, 0, 0, 0, 0),
(818, 24, 78, 3, 0, 4, 1, 0, 0, '', 0, 0, 4, 0, 23, 2, 4, 1, 0, 0, 0, 0, 0, 0, 0, 0, 0, 0, 0),
(819, 24, 93, 3, 4, 0, 1, 5, 6, 'c & b', 0, 0, 0, 0, 0, 0, 0, 0, 0, 0, 0, 0, 0, 0, 0, 0, 0, 0, 0),
(820, 24, 96, 3, 6, 6, 1, 17, 9, 'run out ()', 2, 0, 3, 0, 14, 1, 1, 0, 0, 0, 0, 0, 0, 0, 0, 0, 0, 0, 0),
(821, 24, 97, 3, 5, 2, 1, 27, 12, 'c & b', 2, 2, 4, 0, 23, 0, 1, 0, 0, 0, 0, 0, 0, 0, 0, 0, 0, 0, 0),
(822, 24, 99, 3, 2, 7, 1, 75, 57, 'b', 7, 2, 3, 0, 15, 3, 1, 0, 0, 0, 0, 0, 0, 0, 0, 0, 0, 0, 0),
(823, 25, 175, 6, 6, 5, 1, 25, 33, 'st K Patel b G Singh', 2, 0, 1.3, 0, 11, 1, 2, 0, 0, 0, 0, 0, 0, 0, 0, 0, 0, 0, 0),
(824, 25, 165, 6, 8, 0, 1, 0, 3, ' c & b G Singh', 0, 0, 0, 0, 0, 0, 0, 0, 0, 0, 0, 0, 0, 0, 1, 0, 0, 1, 0),
(825, 25, 176, 6, 10, 0, 1, 0, 0, 'run out (P G)', 0, 0, 0, 0, 0, 0, 0, 0, 0, 0, 0, 0, 0, 0, 0, 0, 0, 0, 0),
(826, 25, 169, 6, 2, 1, 1, 4, 7, 'c P G b A Bhaktiar', 0, 0, 3, 0, 30, 2, 3, 0, 0, 0, 0, 0, 0, 0, 0, 0, 0, 0, 0),
(827, 25, 194, 6, 0, 0, 1, 0, 0, '', 0, 0, 0, 0, 0, 0, 0, 0, 0, 0, 0, 0, 0, 0, 0, 0, 0, 0, 0),
(828, 25, 180, 6, 3, 2, 1, 20, 32, ' b A Bhaktiar', 0, 0, 4, 0, 26, 1, 2, 0, 0, 0, 0, 0, 0, 0, 0, 0, 0, 0, 0),
(829, 25, 170, 6, 9, 0, 1, 4, 4, 'not out', 0, 0, 0, 0, 0, 0, 0, 0, 0, 0, 0, 0, 0, 0, 0, 0, 0, 0, 0),
(830, 25, 177, 6, 4, 3, 1, 2, 3, 'c K Patel b S Rasanayagam', 0, 0, 2, 0, 28, 0, 1, 0, 0, 0, 0, 0, 0, 0, 0, 0, 0, 0, 0),
(831, 25, 179, 6, 1, 0, 1, 57, 42, 'c G Singh b P G', 7, 0, 0, 0, 0, 0, 0, 0, 0, 0, 0, 0, 0, 0, 0, 0, 0, 0, 0),
(832, 25, 171, 6, 5, 4, 1, 13, 22, 'c A Bhaktiar b S Rasanayagam', 1, 0, 3, 0, 23, 0, 0, 0, 0, 0, 0, 0, 0, 0, 0, 0, 0, 0, 0),
(833, 25, 183, 6, 7, 6, 1, 5, 4, 'c R Lall* b P G', 0, 0, 3, 0, 23, 0, 2, 0, 0, 0, 0, 0, 0, 0, 0, 0, 0, 0, 0),
(834, 25, 73, 2, 2, 2, 1, 28, 22, 'c A Gupta* b A Dubey', 3, 0, 5, 0, 31, 2, 6, 1, 0, 0, 0, 0, 0, 0, 0, 0, 0, 0, 0),
(835, 25, 65, 2, 0, 0, 1, 0, 0, '', 0, 0, 0, 0, 0, 0, 0, 0, 0, 0, 0, 0, 0, 0, 0, 0, 0, 0, 0),
(836, 25, 71, 2, 0, 0, 1, 0, 0, '', 0, 0, 0, 0, 0, 0, 0, 0, 0, 0, 0, 0, 0, 0, 0, 0, 0, 0, 0),
(837, 25, 64, 2, 3, 3, 1, 44, 20, 'b A Dubey', 4, 3, 5, 0, 31, 2, 1, 0, 0, 0, 0, 0, 0, 0, 0, 0, 0, 0, 0),
(838, 25, 245, 2, 0, 0, 1, 0, 0, '', 0, 0, 0, 0, 0, 0, 0, 0, 0, 0, 0, 0, 0, 0, 0, 0, 0, 0, 0),
(839, 25, 51, 2, 0, 0, 1, 0, 0, '', 0, 0, 0, 0, 0, 0, 0, 0, 0, 0, 0, 0, 0, 0, 1, 0, 0, 0, 0),
(840, 25, 76, 2, 5, 4, 1, 13, 15, ' c M Narula b A Bangali', 1, 0, 3, 0, 19, 2, 1, 0, 0, 0, 0, 0, 0, 0, 0, 0, 0, 0, 0),
(841, 25, 49, 2, 0, 6, 1, 0, 0, '', 0, 0, 5, 0, 25, 0, 0, 0, 0, 0, 0, 0, 0, 0, 0, 0, 0, 1, 0),
(842, 25, 69, 2, 6, 5, 1, 9, 6, 'not out', 2, 0, 5, 0, 23, 2, 0, 0, 0, 0, 0, 0, 0, 0, 0, 0, 0, 0, 0),
(843, 25, 55, 2, 1, 1, 1, 10, 17, 'b D George(Rocky)', 1, 0, 2, 0, 10, 0, 0, 0, 0, 0, 0, 0, 0, 0, 0, 0, 0, 0, 0),
(844, 25, 61, 2, 0, 0, 1, 0, 0, '', 0, 0, 0, 0, 0, 0, 0, 0, 0, 0, 0, 0, 0, 0, 0, 0, 0, 0, 0),
(845, 25, 67, 2, 4, 0, 1, 27, 19, 'not out', 2, 0, 0, 0, 0, 0, 0, 0, 0, 0, 0, 0, 0, 0, 0, 0, 0, 0, 0),
(846, 26, 134, 4, 4, 0, 1, 18, 37, 'c Y Rao b S Vakalapudi', 2, 0, 0, 0, 0, 0, 0, 0, 0, 0, 0, 0, 0, 0, 0, 0, 0, 0, 0),
(847, 26, 131, 4, 9, 5, 1, 1, 1, 'not out', 0, 0, 2, 0, 10, 1, 0, 0, 0, 0, 0, 0, 0, 0, 0, 0, 0, 0, 0),
(848, 26, 108, 4, 1, 1, 1, 0, 1, 'c K Erramilli b A Reddy', 0, 0, 2, 0, 9, 0, 0, 1, 0, 0, 0, 0, 0, 0, 0, 0, 0, 0, 0),
(849, 26, 121, 4, 5, 3, 1, 44, 54, 'not out', 1, 0, 1, 0, 6, 1, 0, 0, 0, 0, 0, 0, 0, 0, 0, 0, 0, 0, 0),
(850, 26, 106, 4, 8, 4, 1, 1, 2, 'st Y Rao b R Raihan*', 0, 0, 2, 0, 5, 0, 0, 0, 0, 0, 0, 0, 0, 0, 0, 0, 0, 0, 0),
(851, 26, 107, 4, 2, 2, 1, 15, 21, 'lbw b A Gera', 1, 0, 2, 0, 27, 0, 5, 1, 0, 0, 0, 0, 0, 0, 0, 0, 0, 0, 0),
(852, 26, 112, 4, 7, 0, 1, 16, 15, 'run out (A Erramilli)', 0, 0, 0, 0, 0, 0, 0, 0, 0, 0, 0, 0, 0, 0, 0, 0, 0, 0, 0),
(853, 26, 111, 4, 3, 0, 1, 0, 3, 'c A Reddy b A Gera', 0, 0, 0, 0, 0, 0, 0, 0, 0, 0, 0, 0, 0, 0, 0, 0, 0, 0, 0),
(854, 26, 114, 4, 0, 7, 1, 0, 0, '', 0, 0, 2, 0, 18, 1, 1, 0, 0, 0, 0, 0, 0, 0, 0, 0, 0, 0, 0),
(855, 26, 105, 4, 6, 0, 1, 8, 9, 'run out (A Reddy)', 1, 0, 0, 0, 0, 0, 0, 0, 0, 0, 0, 0, 0, 0, 0, 0, 0, 0, 0),
(856, 26, 124, 4, 0, 6, 1, 0, 0, '', 0, 0, 3, 0, 30, 0, 5, 0, 0, 0, 0, 0, 0, 0, 0, 0, 0, 0, 0),
(857, 26, 30, 1, 1, 0, 1, 31, 21, ' b A Thoutreddy', 4, 1, 0, 0, 0, 0, 0, 0, 0, 0, 0, 0, 0, 0, 0, 0, 0, 0, 0),
(858, 26, 19, 1, 4, 0, 1, 2, 2, 'not out', 0, 0, 0, 0, 0, 0, 0, 0, 0, 0, 0, 0, 0, 0, 0, 0, 0, 0, 0),
(859, 26, 31, 1, 3, 0, 1, 8, 16, 'c R Subramanian b S Sitambaram', 0, 0, 0, 0, 0, 0, 0, 0, 0, 0, 0, 0, 0, 0, 0, 0, 0, 0, 0),
(860, 26, 26, 1, 2, 1, 1, 52, 37, ' b G Kannan', 6, 1, 4, 0, 13, 1, 1, 0, 0, 0, 0, 0, 0, 0, 0, 0, 0, 0, 0),
(861, 26, 3, 1, 0, 6, 1, 0, 0, '', 0, 0, 5, 0, 16, 2, 5, 0, 0, 0, 0, 0, 0, 0, 0, 0, 0, 0, 0),
(862, 26, 29, 1, 0, 5, 1, 0, 0, '', 0, 0, 5, 0, 11, 0, 2, 0, 0, 0, 0, 0, 0, 0, 0, 0, 0, 0, 0),
(863, 26, 32, 1, 0, 3, 1, 0, 0, '', 0, 0, 2, 0, 15, 0, 0, 0, 0, 0, 0, 0, 0, 0, 0, 0, 0, 0, 0),
(864, 26, 13, 1, 0, 0, 1, 0, 0, '', 0, 0, 0, 0, 0, 0, 0, 0, 0, 0, 0, 0, 0, 0, 0, 0, 0, 0, 0),
(865, 26, 5, 1, 0, 4, 1, 0, 0, '', 0, 0, 4, 0, 25, 0, 0, 0, 0, 0, 0, 0, 0, 0, 0, 0, 0, 0, 0),
(866, 26, 1, 1, 0, 2, 1, 0, 0, '', 0, 0, 3, 0, 19, 1, 0, 0, 0, 0, 0, 0, 0, 0, 0, 0, 0, 0, 0),
(867, 26, 4, 1, 0, 7, 1, 0, 0, '', 0, 0, 2, 0, 16, 1, 2, 0, 0, 0, 0, 0, 0, 0, 0, 0, 0, 0, 0),
(868, 26, 35, 1, 5, 0, 1, 1, 1, 'not out', 0, 0, 0, 0, 0, 0, 0, 0, 0, 0, 0, 0, 0, 0, 0, 0, 0, 0, 0),
(869, 27, 197, 7, 8, 5, 1, 18, 14, ' c & b G Sohi*', 1, 0, 4, 0, 18, 1, 1, 0, 0, 0, 0, 0, 0, 0, 0, 0, 0, 0, 0),
(870, 27, 200, 7, 9, 6, 1, 14, 13, 'not out', 0, 0, 3, 0, 23, 0, 1, 0, 0, 0, 0, 0, 0, 0, 0, 0, 0, 0, 0),
(871, 27, 198, 7, 7, 0, 1, 15, 21, 'c S Bawa b A Goel', 0, 0, 0, 0, 0, 0, 0, 0, 0, 0, 0, 0, 0, 0, 0, 0, 0, 0, 0),
(872, 27, 204, 7, 0, 8, 1, 0, 0, '', 0, 0, 5, 0, 27, 1, 1, 1, 0, 0, 0, 0, 0, 0, 0, 0, 0, 0, 0),
(873, 27, 211, 7, 1, 0, 1, 0, 1, 'c V Botcha b J Brar', 0, 0, 0, 0, 0, 0, 0, 0, 0, 0, 0, 0, 0, 0, 0, 0, 0, 0, 0),
(874, 27, 205, 7, 10, 7, 1, 9, 6, 'not out', 0, 0, 1, 0, 19, 0, 0, 0, 0, 0, 0, 0, 0, 0, 0, 0, 0, 0, 0),
(875, 27, 208, 7, 2, 1, 1, 28, 25, 'c Q Khan b G Sohi*', 4, 0, 5, 0, 28, 2, 0, 0, 0, 0, 0, 0, 0, 0, 0, 0, 0, 0, 0),
(876, 27, 216, 7, 6, 4, 1, 3, 10, 'b Q Khan', 0, 0, 1, 0, 10, 0, 0, 0, 0, 0, 0, 0, 0, 0, 0, 0, 0, 0, 0),
(877, 27, 215, 7, 3, 2, 1, 6, 6, 'st K Kousyal b G Sohi*', 1, 0, 4, 0, 21, 2, 0, 3, 0, 0, 0, 0, 0, 0, 0, 0, 0, 0, 0),
(878, 27, 199, 7, 5, 3, 1, 6, 1, 'st K Kousyal b M Soni', 0, 1, 2, 0, 20, 0, 1, 0, 0, 0, 0, 0, 0, 0, 0, 0, 0, 0, 0),
(879, 27, 210, 7, 4, 0, 1, 30, 48, 'st V Botcha b G Khanna', 1, 0, 0, 0, 0, 0, 0, 0, 0, 0, 0, 0, 0, 0, 0, 0, 0, 0, 0),
(880, 27, 158, 5, 9, 5, 1, 1, 1, 'run out (M Padhye) ', 0, 0, 4, 0, 23, 0, 2, 0, 0, 0, 0, 0, 0, 0, 0, 0, 0, 0, 0),
(881, 27, 152, 5, 8, 4, 1, 1, 2, 'b M Padhye', 0, 0, 4, 0, 25, 1, 0, 1, 0, 0, 0, 0, 0, 0, 0, 0, 0, 0, 0),
(882, 27, 139, 5, 0, 6, 1, 0, 0, '', 0, 0, 5, 0, 26, 1, 0, 0, 0, 0, 0, 0, 0, 0, 0, 0, 0, 0, 0),
(883, 27, 135, 5, 2, 1, 1, 37, 42, 'b P Patel', 5, 0, 4, 0, 24, 3, 2, 1, 0, 0, 0, 0, 0, 0, 0, 0, 0, 1, 0),
(884, 27, 142, 5, 0, 8, 1, 0, 0, '', 0, 0, 2, 0, 22, 1, 2, 0, 0, 0, 0, 0, 0, 0, 0, 0, 0, 0, 0),
(885, 27, 147, 5, 1, 0, 1, 60, 57, ' c P Patel b A Karandikar', 5, 0, 0, 0, 0, 0, 0, 0, 0, 0, 0, 0, 0, 0, 0, 0, 0, 0, 0),
(886, 27, 164, 5, 4, 0, 1, 33, 21, 'lbw b M Padhye', 3, 1, 0, 0, 0, 0, 0, 0, 0, 0, 0, 0, 0, 0, 1, 0, 0, 0, 0),
(887, 27, 141, 5, 5, 2, 1, 3, 4, 'run out (M Padhye) ', 0, 0, 2, 0, 6, 1, 1, 0, 0, 0, 0, 0, 0, 0, 0, 0, 0, 0, 0),
(888, 27, 150, 5, 0, 7, 1, 0, 0, '', 0, 0, 2, 0, 13, 0, 2, 0, 0, 0, 0, 0, 0, 0, 0, 0, 0, 0, 0),
(889, 27, 146, 5, 7, 3, 1, 0, 1, 'lbw b A Gujare', 0, 0, 2, 0, 3, 1, 0, 0, 0, 0, 0, 0, 0, 0, 0, 0, 0, 0, 0),
(890, 27, 138, 5, 3, 0, 1, 0, 1, 'b P Patel', 0, 0, 0, 0, 0, 0, 0, 0, 0, 0, 0, 0, 0, 0, 0, 0, 0, 0, 0),
(891, 27, 145, 5, 6, 0, 1, 23, 21, 'not out', 2, 0, 0, 0, 0, 0, 0, 0, 0, 0, 0, 0, 0, 0, 0, 0, 0, 0, 0),
(892, 28, 165, 6, 0, 0, 1, 0, 0, '', 0, 0, 0, 0, 0, 0, 0, 0, 0, 0, 0, 0, 0, 0, 0, 0, 0, 1, 0),
(893, 28, 169, 6, 2, 2, 1, 9, 8, 'b T Beri', 1, 0, 2, 0, 17, 0, 2, 2, 0, 0, 0, 0, 0, 0, 0, 0, 0, 0, 0),
(894, 28, 180, 6, 5, 4, 1, 7, 9, 'c A Raza b R Sharma', 1, 0, 3, 0, 34, 1, 2, 0, 0, 0, 0, 0, 0, 0, 0, 0, 0, 0, 0),
(895, 28, 241, 6, 3, 3, 1, 17, 17, 'c A Dhar b A Erramilli', 1, 0, 4, 0, 42, 1, 2, 0, 0, 0, 0, 0, 0, 0, 0, 0, 0, 0, 0),
(896, 28, 170, 6, 9, 7, 1, 5, 5, 'c A Erramilli b A Raza', 0, 0, 1, 0, 10, 0, 0, 0, 0, 0, 0, 0, 0, 0, 0, 0, 0, 0, 0),
(897, 28, 177, 6, 6, 0, 1, 43, 41, 'not out', 0, 1, 0, 0, 0, 0, 0, 0, 0, 0, 0, 0, 0, 0, 0, 0, 0, 0, 0),
(898, 28, 179, 6, 4, 0, 1, 4, 5, 'c & b A Erramilli', 0, 0, 0, 0, 0, 0, 0, 0, 0, 0, 0, 0, 0, 0, 0, 0, 0, 0, 0),
(899, 28, 192, 6, 1, 1, 1, 56, 29, 'c R Sharma b D Dar', 7, 2, 4, 0, 36, 0, 2, 0, 0, 0, 0, 0, 0, 0, 0, 0, 0, 0, 0),
(900, 28, 181, 6, 7, 5, 1, 0, 1, 'c & b D Dar', 0, 0, 1, 0, 16, 0, 0, 0, 0, 0, 0, 0, 0, 0, 0, 0, 0, 0, 0),
(901, 28, 183, 6, 8, 6, 1, 18, 13, 'b A Erramilli', 0, 0, 2, 0, 25, 0, 2, 0, 0, 0, 0, 0, 0, 0, 0, 0, 0, 0, 0),
(902, 28, 178, 6, 10, 0, 1, 0, 0, 'not out', 0, 0, 0, 0, 0, 0, 0, 0, 0, 0, 0, 0, 0, 0, 0, 0, 0, 0, 0),
(903, 28, 30, 1, 1, 0, 1, 0, 1, 'c H Patel b D George(Rocky)', 0, 0, 0, 0, 0, 0, 0, 0, 0, 0, 0, 0, 0, 0, 0, 0, 0, 0, 0),
(904, 28, 20, 1, 0, 3, 1, 0, 0, '', 0, 0, 4, 0, 38, 1, 6, 0, 0, 0, 0, 0, 0, 0, 0, 0, 0, 0, 0),
(905, 28, 31, 1, 3, 2, 1, 73, 38, 'not out', 8, 1, 5, 0, 25, 3, 2, 0, 0, 0, 0, 0, 0, 0, 0, 0, 0, 0, 0),
(906, 28, 3, 1, 0, 7, 1, 0, 0, '', 0, 0, 3, 0, 30, 0, 2, 0, 0, 0, 0, 0, 0, 0, 0, 0, 0, 0, 0),
(907, 28, 38, 1, 0, 0, 1, 0, 0, '', 0, 0, 0, 0, 0, 0, 0, 0, 0, 0, 0, 0, 0, 0, 0, 0, 0, 0, 0),
(908, 28, 29, 1, 0, 6, 1, 0, 0, '', 0, 0, 5, 0, 30, 2, 4, 0, 0, 0, 0, 0, 0, 0, 0, 0, 0, 0, 0),
(909, 28, 13, 1, 0, 0, 1, 0, 0, '', 0, 0, 0, 0, 0, 0, 0, 0, 0, 0, 0, 0, 0, 0, 1, 0, 0, 0, 0),
(910, 28, 12, 1, 0, 0, 1, 0, 0, '', 0, 0, 0, 0, 0, 0, 0, 0, 0, 0, 0, 0, 0, 0, 0, 0, 0, 0, 0),
(911, 28, 5, 1, 0, 5, 1, 0, 0, '', 0, 0, 2, 0, 11, 1, 1, 0, 0, 0, 0, 0, 0, 0, 0, 0, 0, 0, 0),
(912, 28, 1, 1, 0, 4, 1, 0, 0, '', 0, 0, 3, 0, 19, 0, 1, 0, 0, 0, 0, 0, 0, 0, 0, 0, 0, 1, 0),
(913, 28, 4, 1, 0, 8, 1, 0, 0, '', 0, 0, 1, 0, 9, 0, 1, 0, 0, 0, 0, 0, 0, 0, 0, 0, 0, 0, 0),
(914, 28, 37, 1, 2, 1, 1, 95, 55, 'c A Dubey b H Patel', 12, 1, 2, 0, 14, 1, 0, 0, 0, 0, 0, 0, 0, 0, 0, 0, 0, 0, 0),
(915, 29, 223, 8, 7, 4, 1, 13, 26, 'b C S.Ghosal', 1, 0, 2, 0, 10, 0, 0, 0, 0, 0, 0, 0, 0, 0, 0, 0, 0, 0, 0),
(916, 29, 224, 8, 0, 7, 1, 0, 0, '', 0, 0, 3, 0, 18, 3, 0, 0, 0, 0, 0, 0, 0, 0, 0, 0, 0, 0, 0),
(917, 29, 225, 8, 4, 1, 1, 0, 4, 'b H Dhillon', 0, 0, 5, 0, 45, 3, 4, 0, 0, 0, 0, 0, 0, 0, 0, 0, 0, 0, 0),
(918, 29, 227, 8, 8, 5, 1, 10, 22, 'not out', 1, 0, 4, 0, 27, 1, 0, 0, 0, 0, 0, 0, 0, 0, 0, 0, 0, 0, 0),
(919, 29, 229, 8, 3, 0, 1, 13, 28, 'b H Sudhir', 0, 0, 0, 0, 0, 0, 0, 0, 0, 0, 0, 0, 0, 0, 0, 0, 0, 0, 0),
(920, 29, 230, 8, 6, 6, 1, 1, 6, 'b R Rana', 0, 0, 1, 0, 9, 0, 0, 0, 0, 0, 0, 0, 0, 0, 0, 0, 0, 0, 0),
(921, 29, 231, 8, 1, 0, 1, 7, 12, 'c A Sudhir b M H.Khan*', 1, 0, 0, 0, 0, 0, 0, 0, 0, 0, 0, 0, 0, 0, 0, 0, 0, 0, 0),
(922, 29, 234, 8, 10, 0, 1, 3, 3, 'st M S.Bhatti b A Sudhir', 0, 0, 0, 0, 0, 0, 0, 0, 0, 0, 0, 0, 0, 0, 0, 0, 0, 0, 0),
(923, 29, 235, 8, 9, 0, 1, 6, 17, 'b H Sudhir', 0, 0, 0, 0, 0, 0, 0, 0, 0, 0, 0, 0, 0, 0, 0, 0, 0, 0, 0),
(924, 29, 232, 8, 5, 2, 1, 23, 19, 'c M H.Khan* b R Rana', 4, 0, 5, 0, 19, 1, 0, 0, 0, 0, 0, 0, 0, 0, 0, 0, 0, 0, 0),
(925, 29, 236, 8, 2, 0, 1, 15, 16, 'c R Rana b M Sharique', 1, 0, 0, 0, 0, 0, 0, 0, 0, 0, 0, 0, 0, 0, 0, 0, 0, 0, 0),
(926, 29, 237, 8, 11, 3, 1, 5, 2, 'not out', 1, 0, 5, 0, 40, 0, 0, 0, 0, 0, 0, 0, 0, 0, 0, 0, 0, 0, 0),
(927, 29, 79, 3, 5, 2, 1, 23, 25, 'c R Ranade b A Sundaram', 1, 0, 3, 0, 8, 0, 0, 0, 0, 0, 0, 0, 0, 0, 0, 0, 0, 0, 0),
(928, 29, 80, 3, 8, 9, 1, 2, 6, 'b G Dhiman', 0, 0, 2, 0, 13, 1, 0, 0, 0, 0, 0, 0, 0, 0, 0, 0, 0, 0, 0),
(929, 29, 81, 3, 9, 7, 1, 0, 2, 'b G Dhiman', 0, 0, 3, 0, 15, 1, 0, 0, 0, 0, 0, 0, 0, 0, 0, 0, 0, 0, 0),
(930, 29, 85, 3, 1, 4, 1, 24, 20, 'b S Joshi', 4, 0, 3, 0, 13, 1, 0, 0, 0, 0, 0, 0, 0, 0, 0, 0, 0, 0, 0),
(931, 29, 86, 3, 10, 5, 1, 0, 3, 'not out', 0, 0, 5, 0, 24, 2, 0, 0, 0, 0, 0, 0, 0, 0, 0, 0, 0, 0, 0),
(932, 29, 90, 3, 7, 0, 1, 0, 2, 'c G Dhiman b A Sundaram', 0, 0, 0, 0, 0, 0, 0, 0, 0, 0, 0, 0, 0, 0, 1, 0, 0, 0, 0),
(933, 29, 92, 3, 3, 3, 1, 39, 34, 'b A Sundaram', 0, 0, 3, 0, 5, 1, 0, 0, 0, 0, 0, 0, 0, 0, 0, 0, 0, 0, 0),
(934, 29, 78, 3, 6, 1, 1, 49, 28, 'not out', 6, 2, 2, 0, 15, 1, 0, 0, 0, 0, 0, 0, 0, 0, 0, 0, 0, 1, 0),
(935, 29, 96, 3, 4, 6, 1, 13, 15, 'c & b K Gupta', 1, 0, 2, 0, 9, 2, 0, 0, 0, 0, 0, 0, 0, 0, 0, 0, 0, 0, 0),
(936, 29, 99, 3, 2, 8, 1, 2, 8, 'c & b G Dhiman', 0, 0, 2, 0, 4, 0, 0, 0, 0, 0, 0, 0, 0, 0, 0, 0, 0, 0, 0),
(937, 30, 197, 7, 9, 4, 1, 2, 4, 'run out (K N (Kris))', 0, 0, 5, 0, 33, 3, 0, 0, 0, 0, 0, 0, 0, 0, 0, 0, 0, 0, 0),
(938, 30, 200, 7, 7, 3, 1, 3, 7, 'c K N (Kris) b H Porwal', 0, 0, 5, 0, 11, 2, 0, 0, 0, 0, 0, 0, 0, 0, 0, 0, 0, 0, 0),
(939, 30, 201, 7, 11, 5, 1, 2, 1, 'not out', 0, 0, 2, 0, 21, 0, 0, 0, 0, 0, 0, 0, 0, 0, 0, 0, 0, 0, 0),
(940, 30, 198, 7, 10, 0, 1, 0, 1, 'run out (K N (Kris))', 0, 0, 0, 0, 0, 0, 0, 0, 0, 0, 0, 0, 0, 0, 0, 0, 0, 0, 0),
(941, 30, 204, 7, 0, 6, 1, 0, 0, '', 0, 0, 3, 0, 24, 0, 1, 1, 0, 0, 0, 0, 0, 0, 0, 0, 0, 0, 0),
(942, 30, 208, 7, 5, 2, 1, 13, 15, 'run out (N Yahya)', 0, 0, 5, 0, 39, 0, 0, 0, 0, 0, 0, 0, 0, 0, 0, 0, 0, 0, 0),
(943, 30, 215, 7, 3, 1, 1, 36, 22, ' b R Subramanian', 4, 0, 5, 0, 19, 2, 0, 0, 0, 0, 0, 0, 0, 0, 0, 0, 0, 0, 0),
(944, 30, 214, 7, 2, 0, 1, 35, 49, 'c U Iqbal b S Sukumaran', 2, 0, 0, 0, 0, 0, 0, 0, 0, 0, 0, 0, 0, 0, 0, 0, 0, 0, 0),
(945, 30, 199, 7, 8, 0, 1, 0, 3, 'run out (S Khan)', 0, 0, 0, 0, 0, 0, 0, 0, 0, 0, 0, 0, 0, 0, 0, 0, 0, 0, 0),
(946, 30, 206, 7, 1, 0, 1, 1, 4, ' b S Sitambaram', 0, 0, 0, 0, 0, 0, 0, 0, 0, 0, 0, 0, 0, 0, 0, 0, 0, 0, 0),
(947, 30, 210, 7, 6, 0, 1, 13, 20, 'b S Sukumaran', 0, 0, 0, 0, 0, 0, 0, 0, 0, 0, 0, 0, 0, 0, 0, 0, 0, 0, 0),
(948, 30, 196, 7, 4, 0, 1, 11, 18, 'lbw b N Yahya', 0, 0, 0, 0, 0, 0, 0, 0, 0, 0, 0, 0, 0, 0, 0, 0, 0, 0, 0),
(949, 30, 106, 4, 8, 5, 1, 6, 8, 'b A Karandikar', 0, 0, 2, 0, 9, 0, 0, 0, 0, 0, 0, 0, 0, 0, 0, 0, 0, 0, 0),
(950, 30, 107, 4, 1, 1, 1, 41, 49, 'b A Karandikar', 2, 0, 3.5, 0, 26, 1, 1, 0, 0, 0, 0, 0, 0, 0, 0, 0, 0, 0, 0),
(951, 30, 109, 4, 0, 7, 1, 0, 0, '', 0, 0, 1, 0, 11, 0, 4, 0, 0, 0, 0, 0, 0, 0, 0, 0, 0, 0, 0),
(952, 30, 120, 4, 5, 0, 1, 5, 12, 'c S Raj b P Patel', 0, 0, 0, 0, 0, 0, 0, 0, 0, 0, 0, 0, 0, 0, 0, 0, 0, 0, 0),
(953, 30, 112, 4, 4, 2, 1, 3, 12, 'b P Patel', 0, 0, 3, 0, 17, 0, 2, 0, 0, 0, 0, 0, 0, 0, 0, 0, 0, 0, 0),
(954, 30, 110, 4, 7, 4, 1, 34, 22, 'not out', 2, 0, 5, 0, 19, 1, 2, 0, 0, 0, 0, 0, 0, 0, 0, 0, 0, 0, 0),
(955, 30, 111, 4, 9, 6, 1, 4, 3, 'not out', 0, 0, 5, 0, 17, 1, 0, 0, 0, 0, 0, 0, 0, 0, 0, 0, 0, 0, 0),
(956, 30, 114, 4, 0, 8, 1, 0, 0, '', 0, 0, 2, 0, 16, 1, 2, 0, 0, 0, 0, 0, 0, 0, 0, 0, 0, 0, 0),
(957, 30, 117, 4, 3, 0, 1, 0, 5, 'c S More b A Bhalerao', 0, 0, 0, 0, 0, 0, 0, 0, 0, 0, 0, 0, 0, 0, 0, 0, 0, 0, 0),
(958, 30, 113, 4, 6, 3, 1, 14, 17, 'lbw b A Karandikar', 2, 0, 3, 0, 20, 2, 8, 0, 0, 0, 0, 0, 0, 0, 0, 0, 0, 0, 0),
(959, 30, 119, 4, 2, 0, 1, 38, 17, 'c P Patel b A Bhalerao', 5, 1, 0, 0, 0, 0, 0, 0, 0, 0, 0, 0, 0, 0, 0, 0, 0, 0, 0),
(960, 31, 158, 5, 9, 2, 1, 6, 0, 'run out (A Reddy) ', 0, 0, 5, 0, 31, 1, 0, 0, 0, 0, 0, 0, 0, 0, 0, 0, 0, 0, 0),
(961, 31, 148, 5, 4, 7, 1, 0, 0, 'c A Raza b D Dar', 0, 0, 2, 0, 17, 0, 0, 0, 0, 0, 0, 0, 0, 0, 0, 0, 0, 0, 0),
(962, 31, 139, 5, 7, 0, 1, 4, 0, 'run out (Y Rao)', 0, 0, 0, 0, 0, 0, 0, 0, 0, 0, 0, 0, 0, 0, 0, 0, 0, 0, 0),
(963, 31, 135, 5, 5, 3, 1, 2, 0, 'lbw b R Raihan', 0, 0, 1, 0, 8, 0, 0, 0, 0, 0, 0, 0, 0, 0, 0, 0, 0, 1, 0),
(964, 31, 136, 5, 8, 5, 1, 6, 0, 'c & b R Raihan', 0, 0, 5, 0, 33, 0, 0, 0, 0, 0, 0, 0, 0, 0, 0, 0, 0, 0, 0),
(965, 31, 142, 5, 11, 4, 1, 0, 0, 'st S Goverdhan b A Gera', 0, 0, 2, 0, 11, 1, 0, 0, 0, 0, 0, 0, 0, 0, 0, 0, 0, 0, 0),
(966, 31, 147, 5, 1, 6, 1, 33, 0, 'c D Dar b Y Rao', 1, 0, 5, 0, 35, 3, 0, 0, 0, 0, 0, 0, 0, 0, 0, 0, 0, 0, 0),
(967, 31, 151, 5, 2, 0, 1, 53, 0, 'st S Goverdhan b R Raihan', 2, 0, 0, 0, 0, 0, 0, 0, 0, 0, 0, 0, 0, 0, 0, 0, 0, 0, 0),
(968, 31, 146, 5, 10, 0, 1, 6, 0, 'not out', 0, 0, 0, 0, 0, 0, 0, 0, 0, 0, 0, 0, 0, 0, 0, 0, 0, 0, 0),
(969, 31, 143, 5, 6, 1, 1, 14, 0, 'c M Rawat b Y Rao', 0, 0, 5, 0, 37, 1, 0, 0, 0, 0, 0, 0, 0, 0, 0, 0, 0, 0, 0),
(970, 31, 138, 5, 3, 0, 1, 17, 0, 'c M Singh b R Raihan', 1, 0, 0, 0, 0, 0, 0, 0, 0, 0, 0, 0, 0, 0, 0, 0, 0, 0, 0),
(971, 31, 19, 1, 6, 0, 1, 20, 16, 'run out ()', 2, 0, 0, 0, 0, 0, 0, 0, 0, 0, 0, 0, 0, 0, 0, 0, 0, 0, 0),
(972, 31, 20, 1, 4, 2, 1, 0, 8, 'st unsure b J Sandhu', 0, 0, 2, 0, 17, 0, 1, 2, 0, 0, 0, 0, 0, 0, 0, 0, 0, 0, 0),
(973, 31, 26, 1, 1, 3, 1, 32, 31, 'c unsure b J Brar', 2, 0, 3, 0, 13, 0, 1, 0, 0, 0, 0, 0, 0, 0, 0, 0, 0, 0, 0),
(974, 31, 38, 1, 3, 0, 1, 8, 18, 'c unsure b J Sandhu', 0, 0, 0, 0, 0, 0, 0, 0, 0, 0, 0, 0, 0, 0, 0, 0, 0, 0, 0),
(975, 31, 29, 1, 0, 5, 1, 0, 0, '', 0, 0, 4, 0, 27, 1, 4, 0, 0, 0, 0, 0, 0, 0, 0, 0, 0, 0, 0),
(976, 31, 6, 1, 2, 0, 1, 36, 36, 'st unsure b J Sandhu', 1, 0, 0, 0, 0, 0, 0, 0, 0, 0, 0, 0, 0, 0, 0, 0, 0, 0, 0),
(977, 31, 13, 1, 9, 0, 1, 4, 3, 'not out', 0, 0, 0, 0, 0, 0, 0, 0, 0, 0, 0, 0, 0, 0, 0, 0, 0, 0, 0),
(978, 31, 5, 1, 10, 4, 1, 2, 1, 'not out', 0, 0, 3, 0, 23, 0, 0, 0, 0, 0, 0, 0, 0, 0, 0, 0, 0, 0, 0),
(979, 31, 1, 1, 8, 7, 1, 1, 2, 'b R Mittal', 0, 0, 5, 0, 27, 4, 3, 0, 0, 0, 0, 0, 0, 0, 0, 0, 0, 1, 0),
(980, 31, 40, 1, 5, 0, 1, 34, 22, 'run out ()', 2, 1, 0, 0, 0, 0, 0, 0, 0, 0, 0, 0, 0, 0, 1, 0, 0, 0, 0),
(981, 31, 35, 1, 7, 6, 1, 20, 12, ' lbw b A Shrivastava', 2, 0, 5, 0, 34, 2, 0, 0, 0, 0, 0, 0, 0, 0, 0, 0, 0, 0, 0),
(982, 31, 3, 1, 0, 1, 1, 0, 0, '', 0, 0, 3, 0, 15, 1, 1, 0, 0, 0, 0, 0, 0, 0, 0, 0, 0, 0, 0),
(983, 32, 158, 5, 11, 2, 1, 0, 1, 'lbw b M H.Khan*', 0, 0, 5, 0, 42, 0, 2, 1, 0, 0, 0, 0, 0, 0, 0, 0, 0, 0, 0),
(984, 32, 159, 5, 9, 7, 1, 9, 9, ' b M H.Khan*', 0, 1, 1, 0, 0, 2, 0, 0, 0, 0, 0, 0, 0, 0, 0, 0, 0, 0, 0),
(985, 32, 148, 5, 7, 6, 1, 0, 2, 'b H Dhillon', 0, 0, 3, 0, 26, 1, 1, 0, 0, 0, 0, 0, 0, 0, 0, 0, 0, 0, 0),
(986, 32, 139, 5, 10, 4, 1, 6, 6, 'not out', 0, 0, 3, 0, 29, 0, 5, 0, 0, 0, 0, 0, 0, 0, 0, 0, 0, 0, 0),
(987, 32, 135, 5, 2, 3, 1, 11, 18, 'c V Kumar b R Ahmad', 0, 0, 5, 0, 30, 1, 0, 0, 0, 0, 0, 0, 0, 0, 0, 0, 0, 1, 0),
(988, 32, 137, 5, 8, 0, 1, 2, 7, 'run out (H Dhillon/M S.Bhatti) ', 0, 0, 0, 0, 0, 0, 0, 0, 0, 0, 0, 0, 0, 0, 0, 0, 0, 0, 0),
(989, 32, 164, 5, 4, 0, 1, 43, 31, 'b D Dhingra', 3, 1, 0, 0, 0, 0, 0, 0, 0, 0, 0, 0, 0, 0, 1, 0, 0, 0, 0),
(990, 32, 151, 5, 1, 0, 1, 12, 7, 'b K Sharma', 1, 1, 0, 0, 0, 0, 0, 0, 0, 0, 0, 0, 0, 0, 0, 0, 0, 0, 0),
(991, 32, 143, 5, 5, 1, 1, 1, 4, 'b M H.Khan*', 0, 0, 3, 0, 30, 0, 5, 0, 0, 0, 0, 0, 0, 0, 0, 0, 0, 0, 0),
(992, 32, 138, 5, 3, 0, 1, 22, 15, 'b M H.Khan*', 2, 0, 0, 0, 0, 0, 0, 0, 0, 0, 0, 0, 0, 0, 0, 0, 0, 0, 0),
(993, 32, 145, 5, 6, 0, 1, 12, 21, 'run out (J S.Braich/M S.Bhatti) ', 0, 0, 0, 0, 0, 0, 0, 0, 0, 0, 0, 0, 0, 0, 0, 0, 0, 0, 0),
(994, 32, 142, 5, 0, 5, 1, 0, 0, '', 0, 0, 5, 0, 27, 2, 2, 0, 0, 0, 0, 0, 0, 0, 0, 0, 0, 0, 0),
(995, 32, 81, 3, 0, 0, 1, 0, 0, '', 0, 0, 0, 0, 0, 0, 0, 0, 0, 0, 0, 0, 0, 0, 0, 0, 0, 0, 0),
(996, 32, 82, 3, 6, 6, 1, 0, 1, 'c V Botcha b C Shah', 0, 0, 2, 0, 21, 1, 0, 0, 0, 0, 0, 0, 0, 0, 0, 0, 0, 0, 0),
(997, 32, 85, 3, 1, 5, 1, 39, 36, 'c unsure b J Brar', 1, 1, 4, 0, 13, 1, 0, 0, 0, 0, 0, 0, 0, 0, 0, 0, 0, 0, 0),
(998, 32, 86, 3, 0, 1, 1, 0, 0, '', 0, 0, 3, 0, 30, 0, 1, 0, 0, 0, 0, 0, 0, 0, 0, 0, 0, 0, 0),
(999, 32, 87, 3, 4, 0, 1, 49, 41, 'c D Jain b C Shah', 3, 1, 0, 0, 0, 0, 0, 0, 0, 0, 0, 0, 0, 0, 0, 0, 0, 0, 0),
(1000, 32, 89, 3, 7, 2, 1, 0, 3, 'not out', 0, 0, 4, 0, 20, 1, 0, 0, 0, 0, 0, 0, 0, 0, 0, 0, 0, 0, 0),
(1001, 32, 90, 3, 8, 0, 1, 0, 0, 'not out', 0, 0, 0, 0, 0, 0, 0, 0, 0, 0, 0, 0, 0, 0, 0, 0, 0, 0, 0),
(1002, 32, 78, 3, 0, 3, 1, 0, 0, '', 0, 0, 4, 0, 15, 4, 3, 0, 0, 0, 0, 0, 0, 0, 0, 0, 0, 0, 0),
(1003, 32, 93, 3, 3, 0, 1, 16, 12, 'c V Botcha b J Brar', 0, 0, 0, 0, 0, 0, 0, 0, 0, 0, 0, 0, 0, 0, 0, 0, 0, 0, 0),
(1004, 32, 97, 3, 5, 4, 1, 22, 15, 'c G Sohi* b D Jain', 0, 1, 3, 0, 17, 1, 2, 0, 0, 0, 0, 0, 0, 0, 0, 0, 0, 0, 0),
(1005, 32, 99, 3, 2, 0, 1, 41, 33, 'st K Kousyal b G Sohi*', 4, 0, 0, 0, 0, 0, 0, 0, 0, 0, 0, 0, 0, 0, 0, 0, 0, 0, 0),
(1006, 34, 175, 6, 6, 0, 1, 6, 12, 'b A Erramilli', 0, 0, 0, 0, 0, 0, 0, 0, 0, 0, 0, 0, 0, 0, 0, 0, 0, 0, 0),
(1007, 34, 165, 6, 9, 0, 1, 2, 7, 'not out', 0, 0, 0, 0, 0, 0, 0, 0, 0, 0, 0, 0, 0, 0, 0, 0, 0, 0, 0),
(1008, 34, 167, 6, 7, 0, 1, 0, 2, 'lbw b A Erramilli', 0, 0, 0, 0, 0, 0, 0, 0, 0, 0, 0, 0, 0, 0, 0, 0, 0, 0, 0),
(1009, 34, 169, 6, 2, 3, 1, 28, 32, 'c R Sharma b K Erramilli', 2, 0, 5, 0, 42, 1, 3, 0, 0, 0, 0, 0, 0, 0, 0, 0, 0, 0, 0),
(1010, 34, 180, 6, 3, 1, 1, 13, 20, 'b H Dhindsa', 0, 0, 3, 0, 13, 1, 2, 0, 0, 0, 0, 0, 0, 0, 0, 0, 0, 0, 0),
(1011, 34, 170, 6, 0, 6, 1, 0, 0, '', 0, 0, 1.5, 0, 28, 0, 0, 1, 0, 0, 0, 0, 0, 0, 0, 0, 0, 0, 0),
(1012, 34, 172, 6, 8, 2, 1, 13, 17, 'run out (A Gera/M Rawat) ', 0, 0, 2, 0, 12, 0, 3, 0, 0, 0, 0, 0, 0, 0, 0, 0, 0, 0, 0),
(1013, 34, 173, 6, 5, 5, 1, 8, 9, 'run out (A Raza) ', 1, 0, 2, 0, 16, 0, 1, 0, 0, 0, 0, 0, 0, 0, 0, 0, 0, 0, 0),
(1014, 34, 186, 6, 4, 4, 1, 53, 38, 'c A Erramilli b A Raza', 4, 1, 5, 0, 38, 1, 0, 0, 0, 0, 0, 0, 0, 0, 0, 0, 0, 0, 0),
(1015, 34, 179, 6, 1, 0, 1, 3, 8, 'lbw b A Gera', 0, 0, 0, 0, 0, 0, 0, 0, 0, 0, 0, 0, 0, 0, 0, 0, 0, 0, 0),
(1016, 34, 171, 6, 10, 0, 1, 1, 1, 'not out', 0, 0, 0, 0, 0, 0, 0, 0, 0, 0, 0, 0, 0, 0, 0, 0, 0, 0, 0),
(1017, 34, 20, 1, 4, 9, 1, 85, 50, 'not out', 9, 3, 1, 0, 3, 1, 0, 0, 0, 0, 0, 0, 0, 0, 0, 0, 0, 0, 0),
(1018, 34, 31, 1, 3, 7, 1, 6, 6, 'c & b A Dubey', 1, 0, 1, 0, 8, 2, 3, 0, 0, 0, 0, 0, 0, 0, 0, 0, 0, 0, 0),
(1019, 34, 3, 1, 0, 1, 1, 0, 0, '', 0, 0, 3, 0, 13, 1, 0, 0, 0, 0, 0, 0, 0, 0, 0, 0, 0, 0, 0),
(1020, 34, 43, 1, 0, 10, 1, 0, 0, '', 0, 0, 1, 0, 2, 0, 1, 0, 0, 0, 0, 0, 0, 0, 0, 0, 0, 0, 0),
(1021, 34, 29, 1, 0, 5, 1, 0, 0, '', 0, 0, 3, 0, 27, 0, 7, 0, 0, 0, 0, 0, 0, 0, 0, 0, 0, 0, 0),
(1022, 34, 41, 1, 1, 3, 1, 1, 6, 'c A Dubey b D George(Rocky)', 0, 0, 3, 0, 24, 1, 0, 1, 0, 0, 0, 0, 0, 0, 0, 0, 0, 0, 0),
(1023, 34, 42, 1, 0, 2, 1, 0, 0, '', 0, 0, 3, 0, 7, 0, 0, 0, 0, 0, 0, 0, 0, 0, 0, 0, 0, 0, 0),
(1024, 34, 32, 1, 6, 4, 1, 15, 18, 'not out', 1, 0, 5, 0, 26, 1, 2, 0, 0, 0, 0, 0, 0, 0, 0, 0, 0, 0, 0),
(1025, 34, 6, 1, 2, 0, 1, 28, 29, 'lbw b P Chohan', 2, 0, 0, 0, 0, 0, 0, 0, 0, 0, 0, 0, 0, 0, 0, 0, 0, 0, 0),
(1026, 34, 13, 1, 5, 0, 1, 4, 4, 'run out (A Gupta)', 0, 0, 0, 0, 0, 0, 0, 0, 0, 0, 0, 0, 0, 0, 1, 0, 0, 0, 0),
(1027, 34, 5, 1, 0, 8, 1, 0, 0, '', 0, 0, 2, 0, 18, 0, 2, 0, 0, 0, 0, 0, 0, 0, 0, 0, 0, 0, 0),
(1028, 34, 4, 1, 0, 6, 1, 0, 0, '', 0, 0, 3, 0, 23, 0, 3, 0, 0, 0, 0, 0, 0, 0, 0, 0, 0, 0, 0),
(1029, 33, 200, 7, 0, 5, 1, 0, 0, '', 0, 0, 4, 0, 20, 1, 1, 0, 0, 0, 0, 0, 0, 0, 0, 0, 0, 0, 0),
(1030, 33, 211, 7, 2, 0, 1, 62, 70, 'c V Anil Save b N Yahya', 10, 0, 0, 0, 0, 0, 0, 0, 0, 0, 0, 0, 0, 0, 0, 0, 0, 0, 0),
(1031, 33, 208, 7, 5, 3, 1, 7, 16, 'b N Yahya', 0, 0, 5, 0, 21, 3, 1, 0, 0, 0, 0, 0, 0, 0, 0, 0, 0, 0, 0),
(1032, 33, 216, 7, 0, 6, 1, 0, 0, '', 0, 0, 2, 0, 17, 0, 1, 0, 0, 0, 0, 0, 0, 0, 0, 0, 0, 0, 0),
(1033, 33, 215, 7, 3, 1, 1, 2, 6, 'b D Rustogi', 0, 0, 5, 0, 19, 2, 0, 0, 0, 0, 0, 0, 0, 0, 0, 0, 0, 0, 0),
(1034, 33, 199, 7, 7, 4, 1, 3, 7, 'b B B', 0, 0, 3.5, 0, 29, 1, 2, 0, 0, 0, 0, 0, 0, 0, 0, 0, 0, 0, 0),
(1035, 33, 203, 7, 8, 0, 1, 13, 11, 'not out', 0, 0, 0, 0, 0, 0, 0, 0, 0, 0, 0, 0, 0, 0, 0, 0, 0, 0, 0),
(1036, 33, 206, 7, 1, 0, 1, 13, 19, 'b B B', 2, 0, 0, 0, 0, 0, 0, 0, 0, 0, 0, 0, 0, 0, 0, 0, 0, 0, 0),
(1037, 33, 210, 7, 6, 0, 1, 6, 10, 'run out (R Subramanian) ', 0, 0, 0, 0, 0, 0, 0, 0, 0, 0, 0, 0, 0, 0, 0, 0, 0, 0, 0),
(1038, 33, 209, 7, 9, 0, 1, 4, 4, 'not out', 0, 0, 0, 0, 0, 0, 0, 0, 0, 0, 0, 0, 0, 0, 0, 0, 0, 0, 0),
(1039, 33, 196, 7, 4, 2, 1, 0, 0, 'c N Yahya b S Sitambaram', 0, 0, 1, 0, 18, 0, 0, 0, 0, 0, 0, 0, 0, 0, 0, 0, 0, 0, 0),
(1040, 33, 118, 4, 4, 0, 1, 42, 27, 'c Y Pathare b M Padhye', 4, 1, 0, 0, 0, 0, 0, 0, 0, 0, 0, 0, 0, 0, 0, 0, 0, 0, 0),
(1041, 33, 108, 4, 1, 1, 1, 7, 10, 'c P Patel b A Bhalerao', 0, 0, 5, 0, 15, 1, 2, 0, 0, 0, 0, 0, 0, 0, 0, 0, 0, 0, 0),
(1042, 33, 106, 4, 6, 0, 1, 7, 19, 'c Y Pathare b M Padhye', 0, 0, 0, 0, 0, 0, 0, 0, 0, 0, 0, 0, 0, 0, 0, 0, 0, 0, 0),
(1043, 33, 112, 4, 3, 0, 1, 8, 18, 'b P Patel', 0, 0, 0, 0, 0, 0, 0, 0, 0, 0, 0, 0, 0, 0, 0, 0, 0, 0, 0),
(1044, 33, 110, 4, 7, 2, 1, 5, 7, 'c M Padhye b S More', 0, 0, 5, 0, 25, 2, 1, 0, 0, 0, 0, 0, 0, 0, 0, 0, 0, 0, 0),
(1045, 33, 113, 4, 5, 0, 1, 0, 1, 'b P Patel', 0, 0, 0, 0, 0, 0, 0, 0, 0, 0, 0, 0, 0, 0, 0, 0, 0, 0, 0),
(1046, 33, 116, 4, 2, 0, 1, 8, 8, 'b M Padhye', 1, 0, 0, 0, 0, 0, 0, 0, 0, 0, 0, 0, 0, 0, 0, 0, 0, 0, 0),
(1047, 33, 131, 4, 0, 5, 1, 0, 0, '', 0, 0, 4, 0, 20, 0, 8, 0, 0, 0, 0, 0, 0, 0, 0, 0, 0, 0, 0),
(1048, 33, 109, 4, 0, 0, 1, 0, 0, '', 0, 0, 0, 0, 0, 0, 0, 0, 0, 0, 0, 0, 0, 0, 0, 0, 0, 0, 0),
(1049, 33, 111, 4, 9, 4, 1, 20, 15, 'not out', 2, 0, 5, 0, 28, 0, 1, 0, 0, 0, 0, 0, 0, 0, 0, 0, 0, 0, 0),
(1050, 33, 114, 4, 0, 6, 1, 0, 0, '', 0, 0, 2, 0, 19, 1, 0, 1, 0, 0, 0, 0, 0, 0, 0, 0, 0, 0, 0),
(1051, 33, 246, 4, 8, 3, 1, 22, 20, 'not out', 3, 0, 4, 0, 16, 2, 1, 0, 0, 0, 0, 0, 0, 0, 0, 0, 0, 0, 0),
(1052, 35, 223, 8, 11, 4, 1, 5, 8, 'not out', 0, 0, 1, 0, 6, 0, 0, 0, 0, 0, 0, 0, 0, 0, 0, 0, 0, 0, 0),
(1053, 35, 224, 8, 10, 7, 1, 9, 14, 'not out', 0, 0, 3, 0, 6, 1, 1, 0, 0, 0, 0, 0, 0, 0, 0, 0, 0, 0, 0),
(1054, 35, 225, 8, 6, 1, 1, 0, 2, 'lbw b A Bhaktiar', 0, 0, 2, 0, 18, 0, 3, 0, 0, 0, 0, 0, 0, 0, 0, 0, 0, 0, 0),
(1055, 35, 228, 8, 5, 0, 1, 14, 14, 'c S Sidhu b M Arora', 1, 0, 0, 0, 0, 0, 0, 0, 0, 0, 0, 0, 0, 0, 0, 0, 0, 0, 0),
(1056, 35, 229, 8, 3, 0, 1, 0, 3, 'c & b G Singh', 0, 0, 0, 0, 0, 0, 0, 0, 0, 0, 0, 0, 0, 0, 0, 0, 0, 0, 0),
(1057, 35, 231, 8, 8, 0, 1, 18, 30, 'c M Arora b S Nibber', 0, 0, 0, 0, 0, 0, 0, 0, 0, 0, 0, 0, 0, 0, 0, 0, 0, 0, 0),
(1058, 35, 233, 8, 1, 3, 1, 15, 19, 'b G Singh', 2, 0, 2, 0, 22, 0, 1, 0, 0, 0, 0, 0, 0, 0, 0, 0, 0, 0, 0),
(1059, 35, 232, 8, 7, 2, 1, 19, 14, 'c G Singh b M Arora', 2, 0, 4, 0, 14, 0, 1, 0, 0, 0, 0, 0, 0, 0, 0, 0, 0, 0, 0),
(1060, 35, 236, 8, 2, 0, 1, 22, 31, 'run out (M Arora) ', 1, 0, 0, 0, 0, 0, 0, 0, 0, 0, 0, 0, 0, 0, 0, 0, 0, 0, 0),
(1061, 35, 237, 8, 9, 6, 1, 13, 15, 'c M Arora b S Nibber', 0, 0, 5, 0, 31, 3, 0, 0, 0, 0, 0, 0, 0, 0, 0, 0, 0, 0, 0),
(1062, 35, 238, 8, 4, 8, 1, 3, 5, 'c unsure b G Singh', 0, 0, 2, 0, 11, 1, 0, 0, 0, 0, 0, 0, 0, 0, 0, 0, 0, 1, 0),
(1063, 35, 227, 8, 0, 5, 1, 0, 0, '', 0, 0, 3, 0, 23, 0, 3, 2, 0, 0, 0, 0, 0, 0, 0, 0, 0, 0, 0),
(1064, 35, 73, 2, 2, 5, 1, 28, 28, 'b A Sundaram', 2, 1, 3, 0, 25, 1, 0, 0, 0, 0, 0, 0, 0, 0, 0, 0, 0, 0, 0),
(1065, 35, 53, 2, 0, 0, 1, 0, 0, '', 0, 0, 0, 0, 0, 0, 0, 0, 0, 0, 0, 0, 0, 0, 0, 0, 0, 0, 0),
(1066, 35, 71, 2, 0, 0, 1, 0, 0, '', 0, 0, 0, 0, 0, 0, 0, 0, 0, 0, 0, 0, 0, 0, 0, 0, 0, 0, 0),
(1067, 35, 64, 2, 1, 2, 1, 45, 27, 'c S Goyal b S Vishwanathan', 6, 1, 5, 0, 16, 3, 0, 0, 0, 0, 0, 0, 0, 0, 0, 0, 0, 0, 0),
(1068, 35, 245, 2, 7, 3, 1, 4, 5, 'not out', 0, 0, 1, 0, 9, 0, 0, 0, 0, 0, 0, 0, 0, 0, 0, 0, 0, 0, 0),
(1069, 35, 77, 2, 5, 4, 1, 9, 14, 'b S Vishwanathan', 0, 0, 5, 0, 30, 2, 0, 0, 0, 0, 0, 0, 0, 0, 0, 0, 0, 0, 0),
(1070, 35, 49, 2, 0, 6, 1, 0, 0, '', 0, 0, 4, 0, 11, 0, 0, 0, 0, 0, 0, 0, 0, 0, 0, 0, 0, 1, 0),
(1071, 35, 70, 2, 4, 7, 1, 23, 39, 'not out', 1, 0, 4, 0, 15, 2, 0, 0, 0, 0, 0, 0, 0, 0, 0, 0, 0, 0, 0),
(1072, 35, 55, 2, 3, 1, 1, 4, 6, 'b S Vishwanathan', 1, 0, 3, 0, 14, 0, 0, 0, 0, 0, 0, 0, 0, 0, 0, 0, 0, 0, 0),
(1073, 35, 61, 2, 6, 0, 1, 5, 14, 'c S Vishwanathan b S Sarkar', 0, 0, 0, 0, 0, 0, 0, 0, 0, 0, 0, 0, 0, 0, 0, 0, 0, 0, 0),
(1074, 35, 68, 2, 0, 0, 1, 0, 0, '', 0, 0, 0, 0, 0, 0, 0, 0, 0, 0, 0, 0, 0, 0, 0, 0, 0, 0, 0),
(1075, 36, 79, 3, 6, 1, 1, 16, 13, 'b S Nibber', 1, 0, 5, 0, 46, 3, 1, 1, 0, 0, 0, 0, 0, 0, 0, 0, 0, 0, 0),
(1076, 36, 80, 3, 9, 7, 1, 0, 3, 'c A Bhaktiar b S Nibber', 0, 0, 0.1, 0, 0, 1, 0, 0, 0, 0, 0, 0, 0, 0, 0, 0, 0, 0, 0),
(1077, 36, 85, 3, 1, 2, 1, 62, 29, 'b M Arora', 7, 2, 4, 0, 28, 2, 5, 0, 0, 0, 0, 0, 0, 0, 0, 0, 0, 0, 0),
(1078, 36, 86, 3, 10, 6, 1, 1, 2, 'st unsure b G Singh', 0, 0, 2, 0, 12, 0, 1, 0, 0, 0, 0, 0, 0, 0, 0, 0, 0, 0, 0),
(1079, 36, 88, 3, 0, 0, 1, 0, 0, '', 0, 0, 0, 0, 0, 0, 0, 0, 0, 0, 0, 0, 0, 0, 0, 0, 0, 0, 0),
(1080, 36, 89, 3, 8, 5, 1, 22, 16, 'not out', 2, 0, 3, 0, 22, 0, 0, 1, 0, 0, 0, 0, 0, 0, 0, 0, 0, 0, 0),
(1081, 36, 90, 3, 7, 0, 1, 2, 3, 'run out (M Arora)', 0, 0, 0, 0, 0, 0, 0, 0, 0, 0, 0, 0, 0, 0, 1, 0, 0, 0, 0),
(1082, 36, 92, 3, 5, 4, 1, 3, 6, 'b S Nibber', 0, 0, 5, 0, 10, 0, 1, 0, 0, 0, 0, 0, 0, 0, 0, 0, 0, 0, 0),
(1083, 36, 78, 3, 4, 3, 1, 23, 18, 'b S Nibber', 1, 1, 3, 0, 11, 0, 0, 0, 0, 0, 0, 0, 0, 0, 0, 0, 0, 1, 0),
(1084, 36, 93, 3, 3, 0, 1, 10, 13, 'run out (A Bhaktiar)', 0, 0, 0, 0, 0, 0, 0, 0, 0, 0, 0, 0, 0, 0, 0, 0, 0, 0, 0),
(1085, 36, 99, 3, 2, 0, 1, 54, 45, 'c A Bhaktiar b S Sidhu', 5, 0, 0, 0, 0, 0, 0, 0, 0, 0, 0, 0, 0, 0, 0, 0, 0, 0, 0),
(1086, 36, 58, 2, 10, 0, 1, 2, 8, 'not out', 0, 0, 0, 0, 0, 0, 0, 0, 0, 0, 0, 0, 0, 0, 0, 0, 0, 0, 0),
(1087, 36, 73, 2, 2, 4, 1, 23, 19, 'c M S.Bhatti b H Dhillon', 2, 0, 5, 0, 40, 0, 4, 0, 0, 0, 0, 0, 0, 0, 0, 0, 0, 0, 0),
(1088, 36, 64, 2, 1, 1, 1, 5, 5, 'c M S.Bhatti b A S.Deol', 1, 0, 3, 0, 36, 1, 2, 1, 0, 0, 0, 0, 0, 0, 0, 0, 0, 0, 0),
(1089, 36, 77, 2, 5, 5, 1, 29, 22, 'c M Sharique b A S.Deol', 2, 0, 5, 0, 38, 1, 1, 0, 0, 0, 0, 0, 0, 0, 0, 0, 0, 0, 0),
(1090, 36, 66, 2, 9, 3, 1, 8, 13, 'b A Sudhir', 0, 0, 2, 0, 22, 0, 2, 0, 0, 0, 0, 0, 0, 0, 0, 0, 0, 0, 0),
(1091, 36, 49, 2, 11, 6, 1, 0, 0, 'retired', 0, 0, 2, 0, 15, 0, 2, 0, 0, 0, 0, 0, 0, 0, 0, 0, 0, 1, 0),
(1092, 36, 69, 2, 7, 0, 1, 0, 6, 'lbw b K Sharma', 0, 0, 0, 0, 0, 0, 0, 0, 0, 0, 0, 0, 0, 0, 0, 0, 0, 0, 0),
(1093, 36, 70, 2, 8, 7, 1, 23, 21, 'c H Sudhir b A S.Deol', 1, 0, 5, 0, 26, 4, 0, 0, 0, 0, 0, 0, 0, 0, 0, 0, 0, 0, 0),
(1094, 36, 74, 2, 3, 2, 1, 22, 21, 'run out (H Dhillon)', 2, 0, 2, 0, 23, 0, 1, 0, 0, 0, 0, 0, 0, 0, 0, 0, 0, 0, 0),
(1095, 36, 61, 2, 4, 8, 1, 3, 8, 'b H Dhillon', 0, 0, 1, 0, 6, 1, 0, 0, 0, 0, 0, 0, 0, 0, 0, 0, 0, 0, 0),
(1096, 36, 67, 2, 6, 0, 1, 2, 6, 'run out (M H.Khan*)', 0, 0, 0, 0, 0, 0, 0, 0, 0, 0, 0, 0, 0, 0, 0, 0, 0, 0, 0),
(1097, 37, 224, 8, 0, 6, 1, 0, 0, '', 0, 0, 4, 0, 19, 1, 0, 0, 0, 0, 0, 0, 0, 0, 0, 0, 0, 0, 0),
(1098, 37, 227, 8, 0, 5, 1, 0, 0, '', 0, 0, 3, 0, 25, 0, 0, 0, 0, 0, 0, 0, 0, 0, 0, 0, 0, 0, 0),
(1099, 37, 228, 8, 3, 8, 1, 62, 57, 'not out', 4, 0, 3, 0, 22, 0, 10, 0, 0, 0, 0, 0, 0, 0, 0, 0, 0, 0, 0),
(1100, 37, 229, 8, 4, 0, 1, 23, 28, 'c C Muthukumaran b H Porwal', 2, 0, 0, 0, 0, 0, 0, 0, 0, 0, 0, 0, 0, 0, 0, 0, 0, 0, 0),
(1101, 37, 230, 8, 7, 0, 1, 4, 6, 'b H Porwal', 0, 0, 0, 0, 0, 0, 0, 0, 0, 0, 0, 0, 0, 0, 0, 0, 0, 0, 0),
(1102, 37, 231, 8, 8, 3, 1, 12, 11, 'run out (H Porwal)', 0, 0, 2, 0, 12, 1, 1, 0, 0, 0, 0, 0, 0, 0, 0, 0, 0, 0, 0),
(1103, 37, 233, 8, 1, 2, 1, 0, 4, 'c G Kannan b D Rustogi', 0, 0, 3, 0, 5, 2, 3, 0, 0, 0, 0, 0, 0, 0, 0, 0, 0, 0, 0),
(1104, 37, 235, 8, 0, 0, 1, 0, 0, '', 0, 0, 0, 0, 0, 0, 0, 0, 0, 0, 0, 0, 0, 0, 0, 0, 0, 0, 0),
(1105, 37, 232, 8, 6, 4, 1, 11, 16, 'b G Kapoor', 0, 0, 5, 0, 34, 1, 2, 0, 0, 0, 0, 0, 0, 0, 0, 0, 0, 0, 0),
(1106, 37, 236, 8, 2, 0, 1, 6, 6, 'run out (C Muthukumaran)', 1, 0, 0, 0, 0, 0, 0, 0, 0, 0, 0, 0, 0, 0, 0, 0, 0, 0, 0),
(1107, 37, 238, 8, 5, 7, 1, 14, 20, 'b D Rustogi', 0, 0, 1, 0, 9, 0, 1, 0, 0, 0, 0, 0, 0, 0, 0, 0, 0, 1, 0),
(1108, 37, 225, 8, 0, 1, 1, 0, 0, '', 0, 0, 4, 0, 14, 1, 3, 0, 0, 0, 0, 0, 0, 0, 0, 0, 0, 0, 0),
(1109, 37, 131, 4, 10, 6, 1, 2, 1, 'not out', 0, 0, 5, 0, 23, 0, 0, 0, 0, 0, 0, 0, 0, 0, 0, 0, 0, 0, 0),
(1110, 37, 108, 4, 7, 1, 1, 57, 43, 'b S Joshi', 8, 0, 5, 0, 9, 2, 2, 0, 0, 0, 0, 0, 0, 0, 0, 0, 0, 0, 0),
(1111, 37, 121, 4, 6, 0, 1, 29, 49, 'run out (S Goyal/K Gupta)', 1, 0, 0, 0, 0, 0, 0, 0, 0, 0, 0, 0, 0, 0, 0, 0, 0, 0, 0),
(1112, 37, 106, 4, 8, 2, 1, 7, 6, 'c S Goyal b A Sundaram', 0, 0, 4, 0, 29, 1, 0, 0, 0, 0, 0, 0, 0, 0, 0, 0, 0, 0, 0),
(1113, 37, 133, 4, 4, 0, 1, 4, 10, 'lbw b R Vijay Kumar', 0, 0, 0, 0, 0, 0, 0, 0, 0, 0, 0, 0, 0, 0, 0, 0, 0, 0, 0),
(1114, 37, 107, 4, 1, 7, 1, 0, 1, 'c S Sarkar* b G Dhiman', 0, 0, 5, 0, 28, 2, 0, 0, 0, 0, 0, 0, 0, 0, 0, 0, 0, 0, 0),
(1115, 37, 109, 4, 9, 4, 1, 4, 6, 'run out (A Sundaram)', 0, 0, 2, 0, 17, 0, 0, 1, 0, 0, 0, 0, 0, 0, 0, 0, 0, 0, 0),
(1116, 37, 112, 4, 3, 3, 1, 1, 4, 'b R Vijay Kumar', 0, 0, 1, 0, 10, 0, 1, 0, 0, 0, 0, 0, 0, 0, 0, 0, 0, 0, 0),
(1117, 37, 111, 4, 5, 5, 1, 1, 2, 'lbw b G Dhiman', 0, 0, 1, 0, 9, 0, 0, 0, 0, 0, 0, 0, 0, 0, 0, 0, 0, 0, 0),
(1118, 37, 114, 4, 11, 0, 1, 0, 0, 'run out (S Goyal/K Bapat)', 0, 0, 0, 0, 0, 0, 0, 0, 0, 0, 0, 0, 0, 0, 0, 0, 0, 0, 0),
(1119, 37, 105, 4, 2, 0, 1, 10, 21, 'c K Sinha b N Punia', 1, 0, 0, 0, 0, 0, 0, 0, 0, 0, 0, 0, 0, 0, 0, 0, 0, 1, 0),
(1121, 39, 165, 6, 0, 0, 1, 0, 0, '', 0, 0, 0, 0, 0, 0, 0, 0, 0, 0, 0, 0, 0, 0, 1, 0, 0, 1, 0),
(1122, 39, 167, 6, 0, 0, 1, 0, 0, '', 0, 0, 0, 0, 0, 0, 0, 0, 0, 0, 0, 0, 0, 0, 0, 0, 0, 0, 0),
(1123, 39, 169, 6, 1, 3, 1, 63, 55, 'run out (H Peermohammed*)', 3, 1, 2, 0, 17, 0, 2, 0, 0, 0, 0, 0, 0, 0, 0, 0, 0, 0, 0),
(1124, 39, 180, 6, 0, 1, 1, 0, 0, '', 0, 0, 4, 0, 36, 0, 1, 0, 0, 0, 0, 0, 0, 0, 0, 0, 0, 0, 0),
(1125, 39, 241, 6, 0, 4, 1, 0, 0, '', 0, 0, 2, 0, 18, 0, 2, 0, 0, 0, 0, 0, 0, 0, 0, 0, 0, 0, 0),
(1126, 39, 170, 6, 0, 7, 1, 0, 0, '', 0, 0, 3, 0, 21, 3, 1, 0, 0, 0, 0, 0, 0, 0, 0, 0, 0, 0, 0),
(1127, 39, 173, 6, 4, 0, 1, 18, 10, 'not out', 1, 1, 0, 0, 0, 0, 0, 0, 0, 0, 0, 0, 0, 0, 0, 0, 0, 0, 0),
(1128, 39, 179, 6, 0, 0, 1, 0, 0, '', 0, 0, 0, 0, 0, 0, 0, 0, 0, 0, 0, 0, 0, 0, 0, 0, 0, 0, 0),
(1129, 39, 192, 6, 2, 5, 1, 69, 48, 'c D Jain b J Sandhu', 8, 1, 4, 0, 40, 0, 0, 0, 0, 0, 0, 0, 0, 0, 0, 0, 0, 0, 0),
(1130, 39, 193, 6, 0, 6, 1, 0, 0, '', 0, 0, 5, 0, 34, 3, 1, 0, 0, 0, 0, 0, 0, 0, 0, 0, 0, 0, 0),
(1131, 39, 191, 6, 3, 2, 1, 56, 37, 'not out', 4, 0, 5, 0, 31, 1, 0, 1, 0, 0, 0, 0, 0, 0, 0, 0, 0, 0, 0),
(1132, 39, 148, 5, 7, 6, 1, 7, 5, 'run out ()', 0, 0, 4, 0, 27, 0, 0, 0, 0, 0, 0, 0, 0, 0, 0, 0, 0, 0, 0),
(1133, 39, 136, 5, 6, 3, 1, 4, 5, 'b J Nayak', 0, 0, 5, 0, 55, 0, 1, 0, 0, 0, 0, 0, 0, 0, 0, 0, 0, 0, 0),
(1134, 39, 142, 5, 0, 1, 1, 0, 0, '', 0, 0, 3, 0, 24, 0, 0, 0, 0, 0, 0, 0, 0, 0, 0, 0, 0, 0, 0),
(1135, 39, 147, 5, 1, 4, 1, 101, 80, 'c unsure b J Nayak', 7, 2, 5, 0, 39, 1, 1, 0, 0, 0, 0, 0, 0, 0, 0, 0, 0, 0, 0),
(1136, 39, 164, 5, 2, 0, 1, 46, 36, 'c A Gupta* b S Sodadasu', 5, 0, 0, 0, 0, 0, 0, 0, 0, 0, 0, 0, 0, 0, 0, 0, 0, 0, 0),
(1137, 39, 160, 5, 8, 7, 1, 3, 3, 'c unsure b J Nayak', 0, 0, 2, 0, 17, 0, 0, 0, 0, 0, 0, 0, 0, 0, 0, 0, 0, 0, 0),
(1138, 39, 141, 5, 9, 0, 1, 1, 0, 'not out', 0, 0, 0, 0, 0, 0, 0, 0, 0, 0, 0, 0, 0, 0, 0, 0, 0, 0, 0),
(1139, 39, 156, 5, 5, 0, 1, 8, 7, 'b S Sodadasu', 0, 0, 0, 0, 0, 0, 0, 0, 0, 0, 0, 0, 0, 0, 0, 0, 0, 0, 0),
(1140, 39, 151, 5, 3, 0, 1, 10, 9, 'c S Shah b A Shah', 0, 0, 0, 0, 0, 0, 0, 0, 0, 0, 0, 0, 0, 0, 0, 0, 0, 0, 0),
(1141, 39, 146, 5, 10, 5, 1, 0, 0, 'not out', 0, 0, 2, 0, 16, 0, 2, 0, 0, 0, 0, 0, 0, 0, 0, 0, 0, 0, 0),
(1142, 39, 138, 5, 4, 0, 1, 3, 2, 'c H Patel b S Sodadasu', 0, 0, 0, 0, 0, 0, 0, 0, 0, 0, 0, 0, 0, 0, 0, 0, 0, 0, 0),
(1143, 39, 155, 5, 0, 2, 1, 0, 0, '', 0, 0, 4, 0, 34, 0, 1, 0, 0, 0, 0, 0, 0, 0, 0, 0, 0, 0, 0),
(1144, 38, 211, 7, 2, 0, 1, 4, 8, 'c K Erramilli* b A Gera', 0, 0, 0, 0, 0, 0, 0, 0, 0, 0, 0, 0, 0, 0, 0, 0, 0, 0, 0),
(1145, 38, 210, 7, 1, 0, 1, 7, 13, 'c D Dar b A Gera', 0, 0, 0, 0, 0, 0, 0, 0, 0, 0, 0, 0, 0, 0, 0, 0, 0, 0, 0),
(1146, 38, 209, 7, 4, 0, 1, 7, 18, 'c A Erramilli b A Gera', 0, 0, 0, 0, 0, 0, 0, 0, 0, 0, 0, 0, 0, 0, 0, 0, 0, 0, 0),
(1147, 38, 196, 7, 3, 4, 1, 17, 34, 'st S Goverdhan b D Dar', 2, 0, 5, 0, 35, 2, 0, 0, 0, 0, 0, 0, 0, 0, 0, 0, 0, 0, 0),
(1148, 38, 197, 7, 7, 1, 1, 1, 5, 'c A Erramilli b S Vakalapudi', 0, 0, 5, 0, 42, 2, 0, 2, 0, 0, 0, 0, 0, 0, 0, 0, 0, 0, 0),
(1149, 38, 201, 7, 10, 2, 1, 1, 3, 'not out', 0, 0, 5, 0, 42, 2, 2, 1, 0, 0, 0, 0, 0, 0, 0, 0, 0, 0, 0),
(1150, 38, 213, 7, 9, 5, 1, 0, 1, 'c A Dhar b D Dar', 0, 0, 5, 0, 48, 0, 0, 0, 0, 0, 0, 0, 0, 0, 0, 0, 0, 0, 0),
(1151, 38, 216, 7, 8, 3, 1, 0, 2, 'c R Sharma b S Vakalapudi', 0, 0, 5, 0, 53, 0, 5, 1, 0, 0, 0, 0, 0, 0, 0, 0, 0, 0, 0),
(1152, 38, 220, 7, 6, 0, 1, 11, 12, 'c S Goverdhan b D Dar', 1, 0, 0, 0, 0, 0, 0, 0, 0, 0, 0, 0, 0, 0, 0, 0, 0, 0, 0),
(1153, 38, 248, 7, 5, 0, 1, 2, 6, 'c P Kohli b D Dar', 0, 0, 0, 0, 0, 0, 0, 0, 0, 0, 0, 0, 0, 0, 0, 0, 0, 0, 0),
(1154, 38, 30, 1, 4, 0, 1, 40, 21, 'c S Bhalerao b A Vingle', 5, 0, 0, 0, 0, 0, 0, 0, 0, 0, 0, 0, 0, 0, 0, 0, 0, 0, 0),
(1155, 38, 19, 1, 2, 0, 1, 71, 45, 'b Y Pathare', 7, 0, 0, 0, 0, 0, 0, 0, 0, 0, 0, 0, 0, 0, 0, 0, 0, 0, 0),
(1156, 38, 31, 1, 3, 0, 1, 22, 18, 'c S Bhalerao b Y Pathare', 4, 0, 0, 0, 0, 0, 0, 0, 0, 0, 0, 0, 0, 0, 0, 0, 0, 0, 0),
(1157, 38, 3, 1, 0, 1, 1, 0, 0, '', 0, 0, 5, 0, 11, 3, 2, 0, 0, 0, 0, 0, 0, 0, 0, 0, 0, 0, 0),
(1158, 38, 38, 1, 7, 0, 1, 9, 5, 'b A Karandikar', 0, 0, 0, 0, 0, 0, 0, 0, 0, 0, 0, 0, 0, 0, 0, 0, 0, 0, 0),
(1159, 38, 29, 1, 10, 4, 1, 1, 1, 'not out', 0, 0, 4, 0, 19, 4, 5, 0, 0, 0, 0, 0, 0, 0, 0, 0, 0, 0, 0),
(1160, 38, 42, 1, 8, 2, 1, 8, 6, 'not out', 0, 0, 3, 0, 8, 0, 1, 0, 0, 0, 0, 0, 0, 0, 0, 0, 0, 0, 0),
(1161, 38, 32, 1, 6, 0, 1, 12, 7, 'c S Bhalerao b A Karandikar', 1, 0, 0, 0, 0, 0, 0, 0, 0, 0, 0, 0, 0, 0, 0, 0, 0, 1, 0),
(1162, 38, 12, 1, 5, 0, 1, 17, 23, 'retired out', 0, 0, 0, 0, 0, 0, 0, 0, 0, 0, 0, 0, 0, 0, 0, 0, 0, 0, 0),
(1163, 38, 5, 1, 9, 3, 1, 8, 4, 'run out (A Karandikar)', 0, 0, 3, 0, 9, 0, 0, 0, 0, 0, 0, 0, 0, 0, 0, 0, 0, 0, 0),
(1164, 38, 4, 1, 0, 5, 1, 0, 0, '', 0, 0, 2, 0, 13, 2, 2, 0, 0, 0, 0, 0, 0, 0, 0, 0, 0, 0, 0),
(1165, 38, 40, 1, 1, 0, 1, 18, 13, 'c S Bhalerao b A Vingle', 2, 0, 0, 0, 0, 0, 0, 0, 0, 0, 0, 0, 0, 0, 1, 0, 0, 0, 0),
(1166, 40, 118, 4, 4, 0, 1, 34, 33, 'c V Kumar b M H.Khan*', 3, 1, 0, 0, 0, 0, 0, 0, 0, 0, 0, 0, 0, 0, 0, 0, 0, 0, 0),
(1167, 40, 108, 4, 7, 1, 1, 2, 8, 'c A S.Deol b S Grewal', 0, 0, 5, 0, 21, 3, 3, 0, 0, 0, 0, 0, 0, 0, 0, 0, 0, 0, 0),
(1168, 40, 121, 4, 5, 0, 1, 11, 11, 'c & b M Sharique', 1, 0, 0, 0, 0, 0, 0, 0, 0, 0, 0, 0, 0, 0, 0, 0, 0, 0, 0),
(1169, 40, 106, 4, 11, 3, 1, 0, 0, 'not out', 0, 0, 2.5, 0, 19, 0, 0, 0, 0, 0, 0, 0, 0, 0, 0, 0, 0, 0, 0),
(1170, 40, 109, 4, 8, 2, 1, 6, 12, 'c A S.Deol b M H.Khan*', 0, 0, 3, 0, 25, 0, 0, 1, 0, 0, 0, 0, 0, 0, 0, 0, 0, 1, 0),
(1171, 40, 120, 4, 2, 0, 1, 1, 4, 'b S Grewal', 0, 0, 0, 0, 0, 0, 0, 0, 0, 0, 0, 0, 0, 0, 0, 0, 0, 0, 0),
(1172, 40, 112, 4, 10, 8, 1, 1, 3, 'c M S.Bhatti b V Kumar', 0, 0, 2, 0, 15, 1, 0, 0, 0, 0, 0, 0, 0, 0, 0, 0, 0, 0, 0),
(1173, 40, 111, 4, 6, 4, 1, 1, 5, 'c S Grewal b A S.Deol', 0, 0, 3, 0, 7, 3, 0, 0, 0, 0, 0, 0, 0, 0, 0, 0, 0, 0, 0),
(1174, 40, 105, 4, 9, 7, 1, 0, 5, 'run out (M H.Khan*)', 0, 0, 2, 0, 7, 1, 1, 0, 0, 0, 0, 0, 0, 0, 0, 0, 0, 0, 0),
(1175, 40, 113, 4, 3, 6, 1, 17, 10, 'c K P S Sangha b M Sharique', 4, 0, 4, 0, 19, 0, 2, 0, 0, 0, 0, 0, 0, 0, 0, 0, 0, 0, 0),
(1176, 40, 119, 4, 1, 0, 1, 19, 24, 'c S Grewal b M Sharique', 3, 0, 0, 0, 0, 0, 0, 0, 0, 0, 0, 0, 0, 0, 0, 0, 0, 0, 0),
(1177, 40, 114, 4, 0, 5, 1, 0, 0, '', 0, 0, 2, 0, 11, 0, 1, 0, 0, 0, 0, 0, 0, 0, 0, 0, 0, 0, 0),
(1178, 40, 79, 3, 7, 2, 1, 11, 17, 'c M Khan b S Natarajan', 1, 0, 5, 0, 31, 1, 1, 0, 0, 0, 0, 0, 0, 0, 0, 0, 0, 0, 0),
(1179, 40, 82, 3, 8, 5, 1, 9, 17, 'c & b K N (Kris)', 1, 0, 1, 0, 10, 0, 0, 1, 0, 0, 0, 0, 0, 0, 0, 0, 0, 0, 0),
(1180, 40, 86, 3, 9, 6, 1, 15, 19, 'run out (G Kapoor)', 0, 0, 1, 0, 9, 0, 0, 0, 0, 0, 0, 0, 0, 0, 0, 0, 0, 0, 0),
(1181, 40, 88, 3, 10, 0, 1, 4, 5, 'run out (S Sukumaran)', 0, 0, 0, 0, 0, 0, 0, 0, 0, 0, 0, 0, 0, 0, 0, 0, 0, 0, 0),
(1182, 40, 90, 3, 4, 0, 1, 0, 0, 'run out (R Subramanian)', 0, 0, 0, 0, 0, 0, 0, 0, 0, 0, 0, 0, 0, 0, 1, 0, 0, 0, 0),
(1183, 40, 92, 3, 6, 4, 1, 10, 14, 'c U Iqbal b R Subramanian', 1, 0, 4, 0, 14, 3, 0, 0, 0, 0, 0, 0, 0, 0, 0, 0, 0, 0, 0),
(1184, 40, 78, 3, 5, 3, 1, 3, 6, 'b R Subramanian', 0, 0, 4.1, 0, 12, 2, 0, 0, 0, 0, 0, 0, 0, 0, 0, 0, 0, 1, 0),
(1185, 40, 93, 3, 2, 0, 1, 18, 15, 'c G Kannan b D Rustogi', 4, 0, 0, 0, 0, 0, 0, 0, 0, 0, 0, 0, 0, 0, 0, 0, 0, 0, 0),
(1186, 40, 95, 3, 11, 0, 1, 17, 14, 'not out', 2, 0, 0, 0, 0, 0, 0, 0, 0, 0, 0, 0, 0, 0, 0, 0, 0, 0, 0),
(1187, 40, 104, 3, 3, 1, 1, 5, 8, 'b D Rustogi', 1, 0, 4, 0, 16, 2, 3, 0, 0, 0, 0, 0, 0, 0, 0, 0, 0, 0, 0),
(1188, 40, 99, 3, 1, 7, 1, 23, 27, 'b D Rustogi', 2, 0, 1, 0, 3, 1, 0, 0, 0, 0, 0, 0, 0, 0, 0, 0, 0, 0, 0),
(1189, 41, 224, 8, 11, 6, 1, 1, 7, 'not out', 0, 0, 3, 0, 19, 1, 0, 0, 0, 0, 0, 0, 0, 0, 0, 0, 0, 0, 0),
(1190, 41, 225, 8, 4, 2, 1, 25, 24, 'c V Botcha b J Sandhu', 0, 1, 3, 0, 22, 0, 0, 1, 0, 0, 0, 0, 0, 0, 0, 0, 0, 0, 0),
(1191, 41, 227, 8, 10, 5, 1, 0, 1, 'b G Sohi', 0, 0, 5, 0, 27, 1, 1, 1, 0, 0, 0, 0, 0, 0, 0, 0, 0, 0, 0),
(1192, 41, 228, 8, 3, 0, 1, 5, 8, 'c O Nasir b G Sohi', 0, 0, 0, 0, 0, 0, 0, 0, 0, 0, 0, 0, 0, 0, 0, 0, 0, 0, 0),
(1193, 41, 229, 8, 7, 0, 1, 2, 5, 'c H Peermohammed b J Sandhu', 0, 0, 0, 0, 0, 0, 0, 0, 0, 0, 0, 0, 0, 0, 0, 0, 0, 0, 0),
(1194, 41, 231, 8, 9, 4, 1, 8, 12, 'b G Sohi', 0, 0, 2, 0, 20, 1, 0, 1, 0, 0, 0, 0, 0, 0, 0, 0, 0, 0, 0),
(1195, 41, 233, 8, 1, 1, 1, 4, 5, 'c V Botcha b J Brar', 1, 0, 5, 0, 16, 2, 2, 0, 0, 0, 0, 0, 0, 0, 0, 0, 0, 0, 0),
(1196, 41, 234, 8, 5, 0, 1, 0, 3, 'c V Botcha b J Brar', 0, 0, 0, 0, 0, 0, 0, 0, 0, 0, 0, 0, 0, 0, 0, 0, 0, 0, 0),
(1197, 41, 232, 8, 8, 3, 1, 50, 42, 'not out', 6, 0, 4, 0, 23, 3, 3, 1, 0, 0, 0, 0, 0, 0, 0, 0, 0, 0, 0),
(1198, 41, 236, 8, 2, 0, 1, 20, 16, 'b J Brar', 3, 0, 0, 0, 0, 0, 0, 0, 0, 0, 0, 0, 0, 0, 0, 0, 0, 0, 0),
(1199, 41, 238, 8, 6, 0, 1, 21, 21, 'c S Bawa b H Peermohammed', 3, 0, 0, 0, 0, 0, 0, 0, 0, 0, 0, 0, 0, 0, 0, 0, 0, 1, 0),
(1200, 41, 237, 8, 0, 7, 1, 0, 0, '', 0, 0, 3, 0, 23, 0, 2, 0, 0, 0, 0, 0, 0, 0, 0, 0, 0, 0, 0),
(1201, 41, 139, 5, 10, 0, 1, 0, 2, 'c S Goyal b R Vijay Kumar', 0, 0, 0, 0, 0, 0, 0, 0, 0, 0, 0, 0, 0, 0, 0, 0, 0, 0, 0),
(1202, 41, 135, 5, 6, 4, 1, 32, 36, 'run out (A Sundaram)', 2, 0, 5, 0, 25, 3, 2, 1, 0, 0, 0, 0, 0, 0, 0, 0, 0, 1, 0),
(1203, 41, 137, 5, 9, 0, 1, 1, 2, 'b S Joshi', 0, 0, 0, 0, 0, 0, 0, 0, 0, 0, 0, 0, 0, 0, 0, 0, 0, 0, 0),
(1204, 41, 136, 5, 3, 3, 1, 14, 14, 'c R Vijay Kumar b N Punia', 1, 1, 5, 0, 40, 1, 6, 0, 0, 0, 0, 0, 0, 0, 0, 0, 0, 0, 0),
(1205, 41, 147, 5, 1, 1, 1, 1, 7, 'lbw b S Joshi', 0, 0, 5, 0, 31, 2, 0, 0, 0, 0, 0, 0, 0, 0, 0, 0, 0, 0, 0),
(1206, 41, 160, 5, 5, 0, 1, 21, 32, 'c & b K Gupta', 0, 0, 0, 0, 0, 0, 0, 0, 0, 0, 0, 0, 0, 0, 0, 0, 0, 0, 0),
(1207, 41, 156, 5, 2, 2, 1, 53, 37, 'run out (K Bapat)', 6, 0, 3, 0, 12, 0, 0, 0, 0, 0, 0, 0, 0, 0, 0, 0, 0, 0, 0),
(1208, 41, 151, 5, 7, 0, 1, 3, 4, 'c K Sinha b A Sundaram', 0, 0, 0, 0, 0, 0, 0, 0, 0, 0, 0, 0, 0, 0, 0, 0, 0, 0, 0),
(1209, 41, 146, 5, 11, 5, 1, 6, 10, 'not out', 0, 0, 1, 0, 8, 0, 1, 1, 0, 0, 0, 0, 0, 0, 0, 0, 0, 0, 0),
(1210, 41, 138, 5, 4, 0, 1, 0, 1, 'c & b R Vijay Kumar', 0, 0, 0, 0, 0, 0, 0, 0, 0, 0, 0, 0, 0, 0, 0, 0, 0, 0, 0),
(1211, 41, 145, 5, 8, 0, 1, 7, 5, 'lbw b S Joshi', 0, 0, 0, 0, 0, 0, 0, 0, 0, 0, 0, 0, 0, 0, 1, 0, 0, 0, 0),
(1212, 41, 142, 5, 0, 6, 1, 0, 0, '', 0, 0, 5, 0, 38, 3, 6, 1, 0, 0, 0, 0, 0, 0, 0, 0, 0, 0, 0),
(1213, 42, 152, 5, 11, 7, 1, 5, 8, 'not out', 0, 0, 1, 0, 16, 0, 0, 0, 0, 0, 0, 0, 0, 0, 0, 0, 0, 0, 0),
(1214, 42, 159, 5, 7, 4, 1, 16, 20, 'lbw b B Habib', 0, 0, 4, 0, 31, 1, 3, 0, 0, 0, 0, 0, 0, 0, 0, 0, 0, 0, 0),
(1215, 42, 148, 5, 5, 2, 1, 8, 14, 'b S Rasanayagam', 0, 0, 5, 0, 30, 0, 1, 0, 0, 0, 0, 0, 0, 0, 0, 0, 0, 0, 0),
(1216, 42, 135, 5, 4, 1, 1, 0, 1, 'c V Kukreja b S Nibber', 0, 0, 5, 0, 54, 0, 0, 0, 0, 0, 0, 0, 0, 0, 0, 0, 0, 1, 0),
(1217, 42, 137, 5, 8, 0, 1, 14, 17, 'not out', 2, 0, 0, 0, 0, 0, 0, 0, 0, 0, 0, 0, 0, 0, 0, 0, 0, 0, 0),
(1218, 42, 136, 5, 6, 3, 1, 40, 39, 'run out (A Sharma)', 3, 0, 1, 0, 19, 0, 0, 0, 0, 0, 0, 0, 0, 0, 0, 0, 0, 0, 0),
(1219, 42, 142, 5, 10, 6, 1, 1, 3, 'b V Kukreja', 0, 0, 4, 0, 27, 1, 0, 0, 0, 0, 0, 0, 0, 0, 0, 0, 0, 0, 0),
(1220, 42, 164, 5, 1, 0, 1, 19, 12, 'c R Lall* b S Nibber', 2, 1, 0, 0, 0, 0, 0, 0, 0, 0, 0, 0, 0, 0, 1, 0, 0, 0, 0),
(1221, 42, 151, 5, 2, 0, 1, 11, 9, 'lbw b S Nibber', 0, 1, 0, 0, 0, 0, 0, 0, 0, 0, 0, 0, 0, 0, 0, 0, 0, 0, 0),
(1222, 42, 146, 5, 9, 5, 1, 3, 3, 'c S Rasanayagam b V Kukreja', 0, 0, 5, 0, 53, 0, 0, 1, 0, 0, 0, 0, 0, 0, 0, 0, 0, 0, 0),
(1223, 42, 138, 5, 3, 0, 1, 20, 24, 'c S Rasanayagam b R Lall*', 2, 0, 0, 0, 0, 0, 0, 0, 0, 0, 0, 0, 0, 0, 0, 0, 0, 0, 0),
(1224, 42, 58, 2, 4, 3, 1, 15, 8, 'not out', 0, 1, 4, 0, 21, 0, 0, 0, 0, 0, 0, 0, 0, 0, 0, 0, 0, 0, 0),
(1225, 42, 73, 2, 1, 1, 1, 155, 85, 'not out', 18, 4, 2, 0, 15, 0, 1, 0, 0, 0, 0, 0, 0, 0, 0, 0, 0, 0, 0),
(1226, 42, 53, 2, 0, 7, 1, 0, 0, '', 0, 0, 2, 0, 14, 1, 1, 1, 0, 0, 0, 0, 0, 0, 0, 0, 0, 0, 0),
(1227, 42, 60, 2, 0, 4, 1, 0, 0, '', 0, 0, 3, 0, 26, 0, 0, 0, 0, 0, 0, 0, 0, 0, 0, 0, 0, 0, 0),
(1228, 42, 66, 2, 0, 0, 1, 0, 0, '', 0, 0, 0, 0, 0, 0, 0, 0, 0, 0, 0, 0, 0, 0, 0, 0, 0, 0, 0),
(1229, 42, 49, 2, 0, 6, 1, 0, 0, '', 0, 0, 3, 0, 10, 1, 0, 0, 0, 0, 0, 0, 0, 0, 0, 0, 0, 1, 0),
(1230, 42, 69, 2, 0, 5, 1, 0, 0, '', 0, 0, 3, 0, 11, 1, 0, 0, 0, 0, 0, 0, 0, 0, 0, 0, 0, 0, 0),
(1231, 42, 70, 2, 0, 9, 1, 0, 0, '', 0, 0, 3, 0, 10, 3, 1, 0, 0, 0, 0, 0, 0, 0, 0, 0, 0, 0, 0);
INSERT INTO `match_has_player` (`mhp_id`, `match_id`, `player_id`, `team_id`, `bat_seq`, `bowl_seq`, `inngs`, `score`, `balls`, `out_str`, `fours`, `sixes`, `overs`, `madin`, `b_runs`, `wicks`, `wides`, `nobals`, `this_over_runs`, `b_sixes`, `b_fours`, `candb`, `f_catches`, `f_IR`, `w_keeper`, `f_DR`, `keeper_stumps`, `captain`, `in_final`) VALUES
(1232, 42, 55, 2, 2, 2, 1, 2, 7, 'c S Bawa b J Brar', 0, 0, 2, 0, 14, 0, 0, 0, 0, 0, 0, 0, 0, 0, 0, 0, 0, 0, 0),
(1233, 42, 57, 2, 0, 8, 1, 0, 0, '', 0, 0, 3, 0, 20, 2, 0, 0, 0, 0, 0, 0, 0, 0, 0, 0, 0, 0, 0),
(1234, 42, 67, 2, 3, 0, 1, 53, 50, 'st K Kousyal b C Shah', 3, 1, 0, 0, 0, 0, 0, 0, 0, 0, 0, 0, 0, 0, 0, 0, 0, 0, 0),
(1235, 45, 223, 8, 0, 6, 1, 0, 0, '', 0, 0, 3, 0, 18, 0, 1, 0, 0, 0, 0, 0, 0, 0, 0, 0, 0, 0, 0),
(1236, 45, 224, 8, 0, 5, 1, 0, 0, '', 0, 0, 5, 0, 31, 0, 2, 0, 0, 0, 0, 0, 0, 0, 0, 0, 0, 0, 0),
(1237, 45, 225, 8, 0, 2, 1, 0, 0, '', 0, 0, 5, 0, 20, 1, 2, 0, 0, 0, 0, 0, 0, 0, 0, 0, 0, 0, 0),
(1238, 45, 227, 8, 0, 4, 1, 0, 0, '', 0, 0, 5, 0, 18, 0, 1, 0, 0, 0, 0, 0, 0, 0, 0, 0, 0, 0, 0),
(1239, 45, 228, 8, 3, 0, 1, 23, 23, 'not out', 3, 0, 0, 0, 0, 0, 0, 0, 0, 0, 0, 0, 0, 0, 0, 0, 0, 0, 0),
(1240, 45, 229, 8, 0, 0, 1, 0, 0, '', 0, 0, 0, 0, 0, 0, 0, 0, 0, 0, 0, 0, 0, 0, 0, 0, 0, 0, 0),
(1241, 45, 230, 8, 0, 0, 1, 0, 0, '', 0, 0, 0, 0, 0, 0, 0, 0, 0, 0, 0, 0, 0, 0, 0, 0, 0, 0, 0),
(1242, 45, 233, 8, 0, 3, 1, 0, 0, '', 0, 0, 5, 0, 25, 4, 4, 0, 0, 0, 0, 0, 0, 0, 0, 0, 0, 0, 0),
(1243, 45, 234, 8, 0, 0, 1, 0, 0, '', 0, 0, 0, 0, 0, 0, 0, 0, 0, 0, 0, 0, 0, 0, 0, 0, 0, 0, 0),
(1244, 45, 236, 8, 2, 0, 1, 53, 52, 'not out', 4, 0, 0, 0, 0, 0, 0, 0, 0, 0, 0, 0, 0, 0, 1, 0, 0, 0, 0),
(1245, 45, 238, 8, 1, 1, 1, 50, 41, 'c A Karandikar b Y Pathare', 8, 0, 2, 0, 17, 1, 1, 0, 0, 0, 0, 0, 0, 0, 0, 0, 0, 1, 0),
(1246, 45, 211, 7, 1, 0, 1, 41, 38, 'c S Goyal b S Sarkar*', 6, 0, 0, 0, 0, 0, 0, 0, 0, 0, 0, 0, 0, 0, 0, 0, 0, 0, 0),
(1247, 45, 208, 7, 4, 2, 1, 0, 2, 'c & b G Dhiman', 0, 0, 2, 0, 12, 0, 0, 0, 0, 0, 0, 0, 0, 0, 0, 0, 0, 0, 0),
(1248, 45, 203, 7, 3, 0, 1, 0, 3, 'lbw b R Vijay Kumar', 0, 0, 0, 0, 0, 0, 0, 0, 0, 0, 0, 0, 0, 0, 0, 0, 0, 0, 0),
(1249, 45, 196, 7, 2, 1, 1, 4, 15, 'lbw b R Vijay Kumar', 1, 0, 5, 0, 31, 1, 0, 0, 0, 0, 0, 0, 0, 0, 0, 0, 0, 1, 0),
(1250, 45, 197, 7, 0, 6, 1, 0, 0, '', 0, 0, 2, 0, 14, 0, 0, 0, 0, 0, 0, 0, 0, 0, 0, 0, 0, 0, 0),
(1251, 45, 200, 7, 8, 4, 1, 12, 11, 'not out', 1, 0, 4, 0, 28, 0, 0, 0, 0, 0, 0, 0, 0, 0, 0, 0, 0, 0, 0),
(1252, 45, 251, 7, 5, 0, 1, 36, 40, 'c S Goyal b R Vijay Kumar', 1, 0, 0, 0, 0, 0, 0, 0, 0, 0, 0, 0, 0, 0, 0, 0, 0, 0, 0),
(1253, 45, 205, 7, 0, 7, 1, 0, 0, '', 0, 0, 1.2, 0, 10, 0, 0, 1, 0, 0, 0, 0, 0, 0, 0, 0, 0, 0, 0),
(1254, 45, 216, 7, 0, 5, 1, 0, 0, '', 0, 0, 1, 0, 9, 0, 0, 0, 0, 0, 0, 0, 0, 0, 0, 0, 0, 0, 0),
(1255, 45, 199, 7, 7, 3, 1, 0, 1, 'c K Sinha b R Vijay Kumar', 0, 0, 4, 0, 25, 0, 2, 0, 0, 0, 0, 0, 0, 0, 0, 0, 0, 0, 0),
(1256, 45, 248, 7, 6, 0, 1, 25, 36, 'not out', 1, 0, 0, 0, 0, 0, 0, 0, 0, 0, 0, 0, 0, 0, 0, 0, 0, 0, 0),
(1257, 46, 134, 4, 7, 0, 1, 16, 16, 'run out (A Bhaktiar) ', 0, 0, 0, 0, 0, 0, 0, 0, 0, 0, 0, 0, 0, 0, 0, 0, 0, 0, 0),
(1258, 46, 131, 4, 0, 3, 1, 0, 0, '', 0, 0, 4, 0, 26, 2, 2, 0, 0, 0, 0, 0, 0, 0, 0, 0, 0, 0, 0),
(1259, 46, 121, 4, 3, 0, 1, 26, 27, 'c A Sharma b A Bhaktiar', 3, 0, 0, 0, 0, 0, 0, 0, 0, 0, 0, 0, 0, 0, 0, 0, 0, 0, 0),
(1260, 46, 122, 4, 4, 0, 1, 10, 10, 'b M Arora', 1, 0, 0, 0, 0, 0, 0, 0, 0, 0, 0, 0, 0, 0, 0, 0, 0, 0, 0),
(1261, 46, 120, 4, 1, 7, 1, 10, 13, ' c M Arora b A Bhaktiar', 1, 0, 3, 0, 25, 2, 1, 1, 0, 0, 0, 0, 0, 0, 0, 0, 0, 0, 0),
(1262, 46, 112, 4, 6, 5, 1, 1, 3, 'c S Nibber b A Bhaktiar', 0, 0, 3, 0, 21, 3, 0, 1, 0, 0, 0, 0, 0, 0, 0, 0, 0, 0, 0),
(1263, 46, 111, 4, 8, 1, 1, 35, 34, 'lbw b S Sidhu', 2, 0, 4, 0, 35, 0, 0, 0, 0, 0, 0, 0, 0, 0, 0, 0, 0, 0, 0),
(1264, 46, 114, 4, 10, 2, 1, 0, 1, 'c & b M Arora', 0, 0, 4, 0, 26, 0, 1, 0, 0, 0, 0, 0, 0, 0, 0, 0, 0, 0, 0),
(1265, 46, 105, 4, 5, 4, 1, 9, 6, 'c B Habib b S Nibber', 0, 1, 3, 0, 27, 1, 0, 0, 0, 0, 0, 0, 0, 0, 0, 0, 0, 0, 0),
(1266, 46, 130, 4, 9, 6, 1, 13, 6, 'not out', 1, 0, 4, 0, 24, 1, 2, 0, 0, 0, 0, 0, 0, 0, 0, 0, 0, 0, 0),
(1267, 46, 116, 4, 2, 0, 1, 23, 13, 'run out (S Nibber) ', 4, 0, 0, 0, 0, 0, 0, 0, 0, 0, 0, 0, 0, 0, 0, 0, 0, 0, 0),
(1268, 46, 58, 2, 4, 7, 1, 17, 14, 'b S Natarajan', 3, 0, 2, 0, 13, 0, 0, 0, 0, 0, 0, 0, 0, 0, 0, 0, 0, 0, 0),
(1269, 46, 73, 2, 1, 3, 1, 28, 17, 'c V Anil Save b A Thoutreddy', 5, 0, 5, 0, 25, 4, 2, 0, 0, 0, 0, 0, 0, 0, 0, 0, 0, 0, 0),
(1270, 46, 53, 2, 2, 0, 1, 31, 29, 'c G Kannan b S Nagarathinam', 3, 0, 0, 0, 0, 0, 0, 0, 0, 0, 0, 0, 0, 0, 0, 0, 0, 0, 0),
(1271, 46, 60, 2, 9, 2, 1, 26, 26, 'c & b M Khan', 1, 1, 2, 0, 23, 0, 0, 0, 0, 0, 0, 0, 0, 0, 0, 0, 0, 0, 0),
(1272, 46, 64, 2, 8, 0, 1, 26, 16, 'b M Khan', 3, 0, 0, 0, 0, 0, 0, 0, 0, 0, 0, 0, 0, 0, 0, 0, 0, 0, 0),
(1273, 46, 77, 2, 3, 6, 1, 14, 8, 'c & b A Thoutreddy', 3, 0, 3.2, 0, 17, 2, 0, 0, 0, 0, 0, 0, 0, 0, 0, 0, 0, 0, 0),
(1274, 46, 54, 2, 5, 8, 1, 6, 2, 'b K N (Kris)', 1, 0, 1, 0, 11, 0, 0, 0, 0, 0, 0, 0, 0, 0, 0, 0, 0, 0, 0),
(1275, 46, 50, 2, 10, 0, 1, 22, 12, 'not out', 3, 0, 0, 0, 0, 0, 0, 0, 0, 0, 0, 0, 0, 0, 0, 0, 0, 0, 0),
(1276, 46, 66, 2, 0, 1, 1, 0, 0, '', 0, 0, 1, 0, 4, 0, 0, 0, 0, 0, 0, 0, 0, 0, 0, 0, 0, 0, 0),
(1277, 46, 70, 2, 6, 4, 1, 0, 2, 'lbw K N (Kris)', 0, 0, 5, 0, 19, 1, 0, 0, 0, 0, 0, 0, 0, 0, 0, 0, 0, 0, 0),
(1278, 46, 61, 2, 7, 9, 1, 4, 3, 'lbw K N (Kris)', 1, 0, 2, 0, 20, 2, 0, 0, 0, 0, 0, 0, 0, 0, 0, 0, 0, 0, 0),
(1279, 46, 49, 2, 0, 5, 1, 0, 0, '', 0, 0, 2, 0, 14, 0, 0, 0, 0, 0, 0, 0, 0, 0, 0, 0, 0, 0, 0),
(1280, 47, 140, 5, 6, 1, 1, 16, 19, 'not out', 0, 0, 5, 0, 27, 2, 0, 0, 0, 0, 0, 0, 0, 0, 0, 0, 0, 0, 0),
(1281, 47, 158, 5, 0, 2, 1, 0, 0, '', 0, 0, 3, 0, 17, 0, 0, 0, 0, 0, 0, 0, 0, 0, 0, 0, 0, 0, 0),
(1282, 47, 159, 5, 0, 5, 1, 0, 0, '', 0, 0, 2, 0, 24, 1, 0, 0, 0, 0, 0, 0, 0, 0, 0, 0, 0, 0, 0),
(1283, 47, 139, 5, 7, 4, 1, 0, 0, 'run out (R Shah/R Raihan*) ', 0, 0, 2.1, 0, 21, 0, 0, 0, 0, 0, 0, 0, 0, 0, 0, 0, 0, 0, 0),
(1284, 47, 135, 5, 5, 0, 1, 15, 22, 'c R Raihan* b R Shah', 0, 0, 0, 0, 0, 0, 0, 0, 0, 0, 0, 0, 0, 0, 0, 0, 0, 1, 0),
(1285, 47, 147, 5, 1, 0, 1, 21, 27, 'c & b J Sandhu', 2, 0, 0, 0, 0, 0, 0, 0, 0, 0, 0, 0, 0, 0, 0, 0, 0, 0, 0),
(1286, 47, 141, 5, 3, 0, 1, 15, 29, 'b J Sandhu', 0, 0, 0, 0, 0, 0, 0, 0, 0, 0, 0, 0, 0, 0, 0, 0, 0, 0, 0),
(1287, 47, 151, 5, 2, 0, 1, 16, 18, ' c A Dhar b D Dar', 0, 0, 0, 0, 0, 0, 0, 0, 0, 0, 0, 0, 0, 0, 0, 0, 0, 0, 0),
(1288, 47, 150, 5, 4, 6, 1, 28, 27, 'c T Beri b R Sharma', 3, 0, 1, 0, 11, 0, 0, 0, 0, 0, 0, 0, 0, 0, 0, 0, 0, 0, 0),
(1289, 47, 146, 5, 8, 0, 1, 3, 10, 'c J Sandhu b A Raza', 0, 0, 0, 0, 0, 0, 0, 0, 0, 0, 0, 0, 0, 0, 0, 0, 0, 0, 0),
(1290, 47, 155, 5, 0, 3, 1, 0, 0, '', 0, 0, 3, 0, 29, 0, 0, 0, 0, 0, 0, 0, 0, 0, 0, 0, 0, 0, 0),
(1291, 47, 30, 1, 2, 0, 1, 0, 1, 'c J Sandhu b A Gandhi', 0, 0, 0, 0, 0, 0, 0, 0, 0, 0, 0, 0, 0, 0, 0, 0, 0, 0, 0),
(1292, 47, 20, 1, 4, 7, 1, 39, 37, 'not out', 2, 0, 2, 0, 5, 1, 0, 0, 0, 0, 0, 0, 0, 0, 0, 0, 0, 0, 0),
(1293, 47, 29, 1, 0, 4, 1, 0, 0, '', 0, 0, 5, 0, 21, 1, 4, 0, 0, 0, 0, 0, 0, 0, 0, 0, 0, 0, 0),
(1294, 47, 2, 1, 0, 2, 1, 0, 0, '', 0, 0, 4, 0, 25, 0, 1, 0, 0, 0, 0, 0, 0, 0, 0, 0, 0, 0, 0),
(1295, 47, 42, 1, 0, 3, 1, 0, 0, '', 0, 0, 5, 0, 22, 2, 1, 0, 0, 0, 0, 0, 0, 0, 0, 0, 0, 0, 0),
(1296, 47, 6, 1, 1, 0, 1, 59, 43, 'c & b C Shah', 7, 0, 0, 0, 0, 0, 0, 0, 0, 0, 0, 0, 0, 0, 0, 0, 0, 0, 0),
(1297, 47, 13, 1, 5, 0, 1, 22, 12, 'not out', 4, 0, 0, 0, 0, 0, 0, 0, 0, 0, 0, 0, 0, 0, 0, 0, 0, 0, 0),
(1298, 47, 14, 1, 0, 1, 1, 0, 0, '', 0, 0, 5, 0, 25, 1, 4, 0, 0, 0, 0, 0, 0, 0, 0, 0, 0, 0, 0),
(1299, 47, 5, 1, 0, 6, 1, 0, 0, '', 0, 0, 2, 0, 10, 1, 2, 0, 0, 0, 0, 0, 0, 0, 0, 0, 0, 0, 0),
(1300, 47, 1, 1, 0, 5, 1, 0, 0, '', 0, 0, 2, 0, 18, 0, 1, 0, 0, 0, 0, 0, 0, 0, 0, 0, 0, 1, 0),
(1301, 47, 37, 1, 3, 0, 1, 4, 4, 'b A Gandhi', 0, 0, 0, 0, 0, 0, 0, 0, 0, 0, 0, 0, 0, 0, 0, 0, 0, 0, 0),
(1302, 48, 222, 8, 6, 0, 1, 6, 22, 'c  G Singh - I b S Nibber', 0, 0, 0, 0, 0, 0, 0, 0, 0, 0, 0, 0, 0, 0, 0, 0, 0, 0, 0),
(1303, 48, 225, 8, 4, 1, 1, 3, 7, 'c D Roberts b G Singh - I', 0, 0, 5, 0, 29, 1, 4, 0, 0, 0, 0, 0, 0, 0, 0, 0, 0, 0, 0),
(1304, 48, 227, 8, 0, 5, 1, 0, 0, '', 0, 0, 3, 0, 17, 2, 2, 0, 0, 0, 0, 0, 0, 0, 0, 0, 0, 0, 0),
(1305, 48, 228, 8, 3, 0, 1, 6, 6, 'c M Arora b G Singh - I', 1, 0, 0, 0, 0, 0, 0, 0, 0, 0, 0, 0, 0, 0, 0, 0, 0, 0, 0),
(1306, 48, 229, 8, 5, 4, 1, 13, 24, 'c A Sharma b M Arora', 0, 0, 1, 0, 6, 1, 0, 0, 0, 0, 0, 0, 0, 0, 0, 0, 0, 0, 0),
(1307, 48, 230, 8, 7, 0, 1, 5, 11, 'c  D Roberts b S Nibber', 0, 0, 0, 0, 0, 0, 0, 0, 0, 0, 0, 0, 0, 0, 0, 0, 0, 0, 0),
(1308, 48, 231, 8, 9, 2, 1, 3, 12, 'not out', 0, 0, 3, 0, 24, 3, 1, 0, 0, 0, 0, 0, 0, 0, 0, 0, 0, 0, 0),
(1309, 48, 235, 8, 10, 0, 1, 14, 12, 'not out', 1, 0, 0, 0, 0, 0, 0, 0, 0, 0, 0, 0, 0, 0, 0, 0, 0, 0, 0),
(1310, 48, 232, 8, 8, 3, 1, 4, 7, 'b S Nibber', 0, 0, 4.3, 0, 10, 3, 3, 0, 0, 0, 0, 0, 0, 0, 0, 0, 0, 0, 0),
(1311, 48, 236, 8, 2, 0, 1, 5, 18, ' lbw b A Bhaktiar', 0, 0, 0, 0, 0, 0, 0, 0, 0, 0, 0, 0, 0, 0, 1, 0, 0, 0, 0),
(1312, 48, 238, 8, 1, 6, 1, 9, 14, 'c A Sharma b S Arsad', 1, 0, 1, 0, 3, 0, 0, 0, 0, 0, 0, 0, 0, 0, 0, 0, 0, 1, 0),
(1313, 48, 58, 2, 5, 0, 1, 10, 15, 'b S Joshi', 2, 0, 0, 0, 0, 0, 0, 0, 0, 0, 0, 0, 0, 0, 0, 0, 0, 0, 0),
(1314, 48, 73, 2, 4, 3, 1, 0, 5, 'b G Dhiman', 0, 0, 4, 0, 16, 1, 6, 0, 0, 0, 0, 0, 0, 0, 0, 0, 0, 0, 0),
(1315, 48, 53, 2, 1, 0, 1, 9, 9, 'c S Goyal b N Punia', 1, 0, 0, 0, 0, 0, 0, 0, 0, 0, 0, 0, 0, 0, 0, 0, 0, 0, 0),
(1316, 48, 60, 2, 9, 7, 1, 16, 10, 'c S Goyal b K Gupta', 3, 0, 0.3, 0, 4, 0, 0, 0, 0, 0, 0, 0, 0, 0, 0, 0, 0, 0, 0),
(1317, 48, 245, 2, 3, 1, 1, 0, 2, 'c S Goyal b N Punia', 0, 0, 5, 0, 20, 2, 8, 0, 0, 0, 0, 0, 0, 0, 0, 0, 0, 0, 0),
(1318, 48, 51, 2, 2, 0, 1, 8, 5, 'c S Goyal b N Punia', 2, 0, 0, 0, 0, 0, 0, 0, 0, 0, 0, 0, 0, 0, 0, 0, 0, 0, 0),
(1319, 48, 77, 2, 6, 5, 1, 24, 19, 'lbw b K Sinha', 4, 0, 4, 0, 9, 1, 2, 0, 0, 0, 0, 0, 0, 0, 0, 0, 0, 0, 0),
(1320, 48, 49, 2, 11, 4, 1, 0, 1, 'b S Joshi', 0, 0, 2, 0, 5, 0, 0, 0, 0, 0, 0, 0, 0, 0, 0, 0, 0, 1, 0),
(1321, 48, 70, 2, 8, 6, 1, 7, 10, 'c S Joshi b K Gupta', 0, 0, 3, 0, 13, 3, 0, 0, 0, 0, 0, 0, 0, 0, 0, 0, 0, 0, 0),
(1322, 48, 74, 2, 7, 2, 1, 5, 6, 'c K Bapat b S Joshi', 1, 0, 5, 0, 18, 1, 1, 0, 0, 0, 0, 0, 0, 0, 0, 0, 0, 0, 0),
(1323, 48, 61, 2, 10, 0, 1, 2, 11, 'not out', 0, 0, 0, 0, 0, 0, 0, 0, 0, 0, 0, 0, 0, 0, 0, 0, 0, 0, 0),
(1324, 49, 187, 6, 0, 0, 1, 0, 0, '', 0, 0, 0, 0, 0, 0, 0, 0, 0, 0, 0, 0, 0, 0, 0, 0, 0, 0, 0),
(1325, 49, 165, 6, 7, 0, 1, 4, 10, 'not out', 0, 0, 0, 0, 0, 0, 0, 0, 0, 0, 0, 0, 0, 0, 1, 0, 0, 1, 0),
(1326, 49, 194, 6, 0, 7, 1, 0, 0, '', 0, 0, 2, 0, 27, 0, 1, 1, 0, 0, 0, 0, 0, 0, 0, 0, 0, 0, 0),
(1327, 49, 185, 6, 0, 0, 1, 0, 0, '', 0, 0, 0, 0, 0, 0, 0, 0, 0, 0, 0, 0, 0, 0, 0, 0, 0, 0, 0),
(1328, 49, 170, 6, 2, 2, 1, 6, 15, 'c & b M H.Khan*', 0, 0, 1, 0, 19, 0, 0, 0, 0, 0, 0, 0, 0, 0, 0, 0, 0, 0, 0),
(1329, 49, 168, 6, 0, 8, 1, 0, 0, '', 0, 0, 3, 0, 31, 1, 2, 0, 0, 0, 0, 0, 0, 0, 0, 0, 0, 0, 0),
(1330, 49, 173, 6, 4, 4, 1, 25, 36, 'c & b A S.Deol', 2, 0, 1, 0, 11, 0, 1, 0, 0, 0, 0, 0, 0, 0, 0, 0, 0, 0, 0),
(1331, 49, 186, 6, 3, 3, 1, 4, 6, 'c A S.Deol b H Sudhir', 0, 0, 5, 0, 15, 1, 0, 0, 0, 0, 0, 0, 0, 0, 0, 0, 0, 0, 0),
(1332, 49, 179, 6, 1, 1, 1, 85, 60, 'lbw b A S.Deol', 13, 0, 1, 0, 4, 1, 0, 0, 0, 0, 0, 0, 0, 0, 0, 0, 0, 0, 0),
(1333, 49, 193, 6, 5, 5, 1, 5, 6, 'c D Dhingra b H Dhillon', 0, 0, 3, 0, 24, 0, 2, 0, 0, 0, 0, 0, 0, 0, 0, 0, 0, 0, 0),
(1334, 49, 183, 6, 6, 6, 1, 19, 17, 'not out', 3, 0, 3, 0, 26, 1, 2, 0, 0, 0, 0, 0, 0, 0, 0, 0, 0, 0, 0),
(1335, 49, 79, 3, 3, 3, 1, 0, 3, 'b P Chohan', 0, 0, 5, 0, 29, 2, 3, 0, 0, 0, 0, 0, 0, 0, 0, 0, 0, 0, 0),
(1336, 49, 82, 3, 5, 4, 1, 3, 5, 'c S Thakur b L Fernandes', 0, 0, 4, 0, 26, 0, 0, 0, 0, 0, 0, 0, 0, 0, 0, 0, 0, 0, 0),
(1337, 49, 85, 3, 1, 1, 1, 16, 10, 'c A Gupta* b S M Din', 2, 0, 5, 0, 21, 1, 1, 0, 0, 0, 0, 0, 0, 0, 0, 0, 0, 0, 0),
(1338, 49, 86, 3, 0, 6, 1, 0, 0, '', 0, 0, 4, 0, 30, 1, 2, 0, 0, 0, 0, 0, 0, 0, 0, 0, 0, 0, 0),
(1339, 49, 88, 3, 0, 0, 1, 0, 0, '', 0, 0, 0, 0, 0, 0, 0, 0, 0, 0, 0, 0, 0, 0, 0, 0, 0, 0, 0),
(1340, 49, 90, 3, 0, 0, 1, 0, 0, '', 0, 0, 0, 0, 0, 0, 0, 0, 0, 0, 0, 0, 0, 0, 1, 0, 0, 0, 0),
(1341, 49, 78, 3, 6, 5, 1, 9, 5, 'not out', 1, 0, 5, 0, 30, 1, 2, 0, 0, 0, 0, 0, 0, 0, 0, 0, 0, 1, 0),
(1342, 49, 93, 3, 4, 0, 1, 60, 44, 'not out', 9, 0, 0, 0, 0, 0, 0, 0, 0, 0, 0, 0, 0, 0, 0, 0, 0, 0, 0),
(1343, 49, 95, 3, 0, 0, 1, 0, 0, '', 0, 0, 0, 0, 0, 0, 0, 0, 0, 0, 0, 0, 0, 0, 0, 0, 0, 0, 0),
(1344, 49, 96, 3, 0, 0, 1, 0, 0, '', 0, 0, 0, 0, 0, 0, 0, 0, 0, 0, 0, 0, 0, 0, 0, 0, 0, 0, 0),
(1345, 49, 99, 3, 2, 2, 1, 60, 47, 'lbw b S Thakur', 7, 1, 2, 0, 20, 0, 0, 0, 0, 0, 0, 0, 0, 0, 0, 0, 0, 0, 0),
(1346, 50, 197, 7, 0, 3, 1, 0, 0, '', 0, 0, 5, 0, 26, 1, 0, 0, 0, 0, 0, 0, 0, 0, 0, 0, 0, 0, 0),
(1347, 50, 200, 7, 8, 1, 1, 10, 7, 'not out', 0, 0, 5, 0, 32, 1, 1, 0, 0, 0, 0, 0, 0, 0, 0, 0, 0, 0, 0),
(1348, 50, 251, 7, 4, 0, 1, 25, 30, 'c A Gupta* b S Kadir', 2, 0, 0, 0, 0, 0, 0, 0, 0, 0, 0, 0, 0, 0, 0, 0, 0, 0, 0),
(1349, 50, 211, 7, 1, 7, 1, 6, 12, 'lbw b D George(Rocky)', 0, 0, 2, 0, 15, 0, 1, 0, 0, 0, 0, 0, 0, 0, 0, 0, 0, 0, 0),
(1350, 50, 208, 7, 6, 2, 1, 15, 9, 'not out', 1, 0, 4.3, 0, 27, 1, 0, 0, 0, 0, 0, 0, 0, 0, 0, 0, 0, 0, 0),
(1351, 50, 247, 7, 0, 0, 1, 0, 0, '', 0, 0, 0, 0, 0, 0, 0, 0, 0, 0, 0, 0, 0, 0, 0, 0, 0, 0, 0),
(1352, 50, 203, 7, 5, 0, 1, 15, 11, 'c S M Din b S Kadir', 1, 0, 0, 0, 0, 0, 0, 0, 0, 0, 0, 0, 0, 0, 0, 0, 0, 0, 0),
(1353, 50, 248, 7, 7, 6, 1, 8, 4, 'b P Chohan', 2, 0, 2, 0, 10, 0, 0, 0, 0, 0, 0, 0, 0, 0, 0, 0, 0, 0, 0),
(1354, 50, 210, 7, 3, 0, 1, 17, 17, 'c S Kadir b J Nayak', 2, 0, 0, 0, 0, 0, 0, 0, 0, 0, 0, 0, 0, 0, 0, 0, 0, 0, 0),
(1355, 50, 209, 7, 0, 0, 1, 0, 0, '', 0, 0, 0, 0, 0, 0, 0, 0, 0, 0, 0, 0, 0, 0, 0, 0, 0, 0, 0),
(1356, 50, 196, 7, 2, 4, 1, 39, 46, 'run out (A Kumar) ', 0, 0, 4, 0, 15, 1, 0, 0, 0, 0, 0, 0, 0, 0, 0, 0, 0, 1, 0),
(1357, 50, 205, 7, 0, 5, 1, 0, 0, '', 0, 0, 2, 0, 20, 2, 1, 1, 0, 0, 0, 0, 0, 0, 0, 0, 0, 0, 0),
(1358, 50, 187, 6, 5, 5, 1, 2, 9, 'b A Karandikar', 0, 0, 5, 0, 26, 0, 1, 0, 0, 0, 0, 0, 0, 0, 0, 0, 0, 0, 0),
(1359, 50, 165, 6, 8, 0, 1, 5, 7, 'run out()', 0, 0, 0, 0, 0, 0, 0, 0, 0, 0, 0, 0, 0, 0, 1, 0, 0, 1, 0),
(1360, 50, 180, 6, 2, 1, 1, 17, 26, 'c  S Dadhe b K Diwekar', 0, 0, 5, 0, 27, 1, 3, 0, 0, 0, 0, 0, 0, 0, 0, 0, 0, 0, 0),
(1361, 50, 170, 6, 9, 3, 1, 0, 0, 'not out', 0, 0, 3, 0, 22, 1, 2, 0, 0, 0, 0, 0, 0, 0, 0, 0, 0, 0, 0),
(1362, 50, 173, 6, 4, 0, 1, 39, 30, 'b M Padhye', 4, 0, 0, 0, 0, 0, 0, 0, 0, 0, 0, 0, 0, 0, 0, 0, 0, 0, 0),
(1363, 50, 186, 6, 3, 6, 1, 0, 2, 'c A Bhalerao b K Diwekar', 0, 0, 5, 0, 38, 2, 1, 0, 0, 0, 0, 0, 0, 0, 0, 0, 0, 0, 0),
(1364, 50, 179, 6, 1, 0, 1, 54, 40, ' b Y Pathare', 7, 0, 0, 0, 0, 0, 0, 0, 0, 0, 0, 0, 0, 0, 0, 0, 0, 0, 0),
(1365, 50, 171, 6, 0, 2, 1, 0, 0, '', 0, 0, 3, 0, 8, 0, 1, 0, 0, 0, 0, 0, 0, 0, 0, 0, 0, 0, 0),
(1366, 50, 181, 6, 6, 4, 1, 14, 13, 'c & b A Bhalerao', 1, 0, 4, 0, 26, 1, 2, 0, 0, 0, 0, 0, 0, 0, 0, 0, 0, 0, 0),
(1367, 50, 183, 6, 7, 0, 1, 11, 11, 'not out', 0, 0, 0, 0, 0, 0, 0, 0, 0, 0, 0, 0, 0, 0, 0, 0, 0, 0, 0),
(1368, 50, 178, 6, 0, 0, 1, 0, 0, '', 0, 0, 0, 0, 0, 0, 0, 0, 0, 0, 0, 0, 0, 0, 0, 0, 0, 0, 0),
(1369, 51, 134, 4, 4, 0, 1, 16, 28, 'c V Kukreja b S Nibber', 1, 0, 0, 0, 0, 0, 0, 0, 0, 0, 0, 0, 0, 0, 0, 0, 0, 0, 0),
(1370, 51, 126, 4, 0, 0, 1, 0, 0, '', 0, 0, 0, 0, 0, 0, 0, 0, 0, 0, 0, 0, 0, 0, 0, 0, 0, 0, 0),
(1371, 51, 131, 4, 8, 4, 1, 11, 17, 'c R Lall* b S Nibber', 1, 0, 3, 0, 19, 1, 0, 0, 0, 0, 0, 0, 0, 0, 0, 0, 0, 0, 0),
(1372, 51, 121, 4, 3, 6, 1, 0, 2, 'c D Singh b S Patel', 0, 0, 1, 0, 16, 0, 1, 0, 0, 0, 0, 0, 0, 0, 0, 0, 0, 0, 0),
(1373, 51, 107, 4, 2, 3, 1, 0, 1, 'c M Arora b S Patel', 0, 0, 4, 0, 52, 1, 1, 1, 0, 0, 0, 0, 0, 0, 0, 0, 0, 0, 0),
(1374, 51, 122, 4, 5, 0, 1, 9, 14, 'b V Kukreja', 1, 0, 0, 0, 0, 0, 0, 0, 0, 0, 0, 0, 0, 0, 0, 0, 0, 0, 0),
(1375, 51, 125, 4, 6, 0, 1, 3, 7, 'b S Nibber', 0, 0, 0, 0, 0, 0, 0, 0, 0, 0, 0, 0, 0, 0, 0, 0, 0, 0, 0),
(1376, 51, 114, 4, 7, 1, 1, 36, 40, 'not out', 1, 0, 2, 0, 12, 0, 3, 0, 0, 0, 0, 0, 0, 0, 0, 0, 0, 1, 0),
(1377, 51, 105, 4, 1, 5, 1, 5, 7, 'c A Bhaktiar b M Arora', 1, 0, 2, 0, 24, 0, 0, 0, 0, 0, 0, 0, 0, 0, 0, 0, 0, 0, 0),
(1378, 51, 130, 4, 9, 2, 1, 33, 26, 'not out', 3, 0, 4, 0, 14, 1, 0, 0, 0, 0, 0, 0, 0, 0, 0, 0, 0, 0, 0),
(1379, 51, 111, 4, 0, 0, 1, 0, 0, '', 0, 0, 0, 0, 0, 0, 0, 0, 0, 0, 0, 0, 0, 0, 0, 0, 0, 0, 0),
(1380, 51, 58, 2, 0, 0, 1, 0, 0, '', 0, 0, 0, 0, 0, 0, 0, 0, 0, 0, 0, 0, 0, 0, 0, 0, 0, 0, 0),
(1381, 51, 73, 2, 5, 5, 1, 31, 16, 'not out', 5, 1, 5, 0, 25, 0, 5, 0, 0, 0, 0, 0, 0, 0, 0, 0, 0, 0, 0),
(1382, 51, 60, 2, 3, 3, 1, 11, 12, 'c L Small b S Nagarathinam', 2, 0, 2, 0, 5, 0, 0, 0, 0, 0, 0, 0, 0, 0, 0, 0, 0, 0, 0),
(1383, 51, 72, 2, 0, 0, 1, 0, 0, '', 0, 0, 0, 0, 0, 0, 0, 0, 0, 0, 0, 0, 0, 0, 0, 0, 0, 0, 0),
(1384, 51, 77, 2, 4, 2, 1, 35, 23, 'not out', 2, 2, 5, 0, 37, 1, 1, 1, 0, 0, 0, 0, 0, 0, 0, 0, 0, 0, 0),
(1385, 51, 49, 2, 0, 8, 1, 0, 0, '', 0, 0, 2, 0, 15, 0, 0, 0, 0, 0, 0, 0, 0, 0, 0, 0, 0, 1, 0),
(1386, 51, 70, 2, 1, 6, 1, 9, 17, 'c S Nagarathinam b H Porwal', 1, 0, 5, 0, 26, 3, 0, 0, 0, 0, 0, 0, 0, 0, 0, 0, 0, 0, 0),
(1387, 51, 55, 2, 0, 1, 1, 0, 0, '', 0, 0, 3, 0, 9, 2, 2, 0, 0, 0, 0, 0, 0, 0, 0, 0, 0, 0, 0),
(1388, 51, 61, 2, 0, 7, 1, 0, 0, '', 0, 0, 1, 0, 5, 0, 0, 0, 0, 0, 0, 0, 0, 0, 0, 0, 0, 0, 0),
(1389, 51, 57, 2, 2, 4, 1, 39, 23, 'c A Kavuru b A Thoutreddy', 4, 2, 2, 0, 9, 1, 3, 0, 0, 0, 0, 0, 0, 0, 1, 0, 0, 0, 0),
(1390, 51, 67, 2, 0, 0, 1, 0, 0, '', 0, 0, 0, 0, 0, 0, 0, 0, 0, 0, 0, 0, 0, 0, 0, 0, 0, 0, 0),
(1391, 54, 118, 4, 0, 0, 1, 0, 0, '', 0, 0, 0, 0, 0, 0, 0, 0, 0, 0, 0, 0, 0, 0, 0, 0, 0, 0, 0),
(1392, 54, 108, 4, 0, 0, 1, 0, 0, '', 0, 0, 0, 0, 0, 0, 0, 0, 0, 0, 0, 0, 0, 0, 0, 0, 0, 0, 0),
(1393, 54, 121, 4, 0, 0, 1, 0, 0, '', 0, 0, 0, 0, 0, 0, 0, 0, 0, 0, 0, 0, 0, 0, 0, 0, 0, 0, 0),
(1394, 54, 106, 4, 0, 0, 1, 0, 0, '', 0, 0, 0, 0, 0, 0, 0, 0, 0, 0, 0, 0, 0, 0, 0, 0, 0, 0, 0),
(1395, 54, 122, 4, 0, 0, 1, 0, 0, '', 0, 0, 0, 0, 0, 0, 0, 0, 0, 0, 0, 0, 0, 0, 0, 0, 0, 0, 0),
(1396, 54, 109, 4, 0, 0, 1, 0, 0, '', 0, 0, 0, 0, 0, 0, 0, 0, 0, 0, 0, 0, 0, 0, 0, 0, 0, 0, 0),
(1397, 54, 112, 4, 0, 0, 1, 0, 0, '', 0, 0, 0, 0, 0, 0, 0, 0, 0, 0, 0, 0, 0, 0, 0, 0, 0, 0, 0),
(1398, 54, 111, 4, 0, 0, 1, 0, 0, '', 0, 0, 0, 0, 0, 0, 0, 0, 0, 0, 0, 0, 0, 0, 0, 0, 0, 0, 0),
(1399, 54, 105, 4, 0, 0, 1, 0, 0, '', 0, 0, 0, 0, 0, 0, 0, 0, 0, 0, 0, 0, 0, 0, 0, 0, 0, 0, 0),
(1400, 54, 115, 4, 0, 0, 1, 0, 0, '', 0, 0, 0, 0, 0, 0, 0, 0, 0, 0, 0, 0, 0, 0, 0, 0, 0, 0, 0),
(1401, 54, 114, 4, 0, 0, 1, 0, 0, '', 0, 0, 0, 0, 0, 0, 0, 0, 0, 0, 0, 0, 0, 0, 0, 0, 0, 0, 0),
(1402, 54, 79, 3, 0, 0, 1, 0, 0, '', 0, 0, 0, 0, 0, 0, 0, 0, 0, 0, 0, 0, 0, 0, 0, 0, 0, 0, 0),
(1403, 54, 80, 3, 0, 0, 1, 0, 0, '', 0, 0, 0, 0, 0, 0, 0, 0, 0, 0, 0, 0, 0, 0, 0, 0, 0, 0, 0),
(1404, 54, 83, 3, 0, 0, 1, 0, 0, '', 0, 0, 0, 0, 0, 0, 0, 0, 0, 0, 0, 0, 0, 0, 0, 0, 0, 0, 0),
(1405, 54, 86, 3, 0, 0, 1, 0, 0, '', 0, 0, 0, 0, 0, 0, 0, 0, 0, 0, 0, 0, 0, 0, 0, 0, 0, 0, 0),
(1406, 54, 90, 3, 0, 0, 1, 0, 0, '', 0, 0, 0, 0, 0, 0, 0, 0, 0, 0, 0, 0, 0, 0, 0, 0, 0, 0, 0),
(1407, 54, 78, 3, 0, 0, 1, 0, 0, '', 0, 0, 0, 0, 0, 0, 0, 0, 0, 0, 0, 0, 0, 0, 0, 0, 0, 0, 0),
(1408, 54, 95, 3, 0, 0, 1, 0, 0, '', 0, 0, 0, 0, 0, 0, 0, 0, 0, 0, 0, 0, 0, 0, 0, 0, 0, 0, 0),
(1409, 54, 96, 3, 0, 0, 1, 0, 0, '', 0, 0, 0, 0, 0, 0, 0, 0, 0, 0, 0, 0, 0, 0, 0, 0, 0, 0, 0),
(1410, 54, 99, 3, 0, 0, 1, 0, 0, '', 0, 0, 0, 0, 0, 0, 0, 0, 0, 0, 0, 0, 0, 0, 0, 0, 0, 0, 0),
(1411, 29, 100, 3, 0, 0, 1, 0, 0, '', 0, 0, 0, 0, 0, 0, 0, 0, 0, 0, 0, 0, 0, 0, 0, 0, 0, 0, 0),
(1412, 52, 159, 5, 0, 0, 1, 0, 0, '', 0, 0, 0, 0, 0, 0, 0, 0, 0, 0, 0, 0, 0, 0, 1, 0, 0, 0, 0),
(1413, 52, 148, 5, 0, 0, 1, 0, 0, '', 0, 0, 0, 0, 0, 0, 0, 0, 0, 0, 0, 0, 0, 0, 0, 0, 0, 0, 0),
(1414, 52, 139, 5, 0, 0, 1, 0, 0, '', 0, 0, 0, 0, 0, 0, 0, 0, 0, 0, 0, 0, 0, 0, 0, 0, 0, 0, 0),
(1415, 52, 147, 5, 0, 0, 1, 0, 0, '', 0, 0, 0, 0, 0, 0, 0, 0, 0, 0, 0, 0, 0, 0, 0, 0, 0, 1, 0),
(1416, 52, 164, 5, 0, 0, 1, 0, 0, '', 0, 0, 0, 0, 0, 0, 0, 0, 0, 0, 0, 0, 0, 0, 0, 0, 0, 0, 0),
(1417, 52, 160, 5, 0, 0, 1, 0, 0, '', 0, 0, 0, 0, 0, 0, 0, 0, 0, 0, 0, 0, 0, 0, 0, 0, 0, 0, 0),
(1418, 52, 151, 5, 0, 0, 1, 0, 0, '', 0, 0, 0, 0, 0, 0, 0, 0, 0, 0, 0, 0, 0, 0, 0, 0, 0, 0, 0),
(1419, 52, 146, 5, 0, 0, 1, 0, 0, '', 0, 0, 0, 0, 0, 0, 0, 0, 0, 0, 0, 0, 0, 0, 0, 0, 0, 0, 0),
(1420, 52, 143, 5, 0, 0, 1, 0, 0, '', 0, 0, 0, 0, 0, 0, 0, 0, 0, 0, 0, 0, 0, 0, 0, 0, 0, 0, 0),
(1421, 52, 138, 5, 0, 0, 1, 0, 0, '', 0, 0, 0, 0, 0, 0, 0, 0, 0, 0, 0, 0, 0, 0, 0, 0, 0, 0, 0),
(1422, 52, 163, 5, 0, 0, 1, 0, 0, '', 0, 0, 0, 0, 0, 0, 0, 0, 0, 0, 0, 0, 0, 0, 0, 0, 0, 0, 0),
(1423, 52, 142, 5, 0, 0, 1, 0, 0, '', 0, 0, 0, 0, 0, 0, 0, 0, 0, 0, 0, 0, 0, 0, 0, 0, 0, 0, 0),
(1424, 52, 73, 2, 0, 0, 1, 0, 0, '', 0, 0, 0, 0, 0, 0, 0, 0, 0, 0, 0, 0, 0, 0, 0, 0, 0, 0, 0),
(1425, 52, 65, 2, 0, 0, 1, 0, 0, '', 0, 0, 0, 0, 0, 0, 0, 0, 0, 0, 0, 0, 0, 0, 0, 0, 0, 0, 0),
(1426, 52, 53, 2, 0, 0, 1, 0, 0, '', 0, 0, 0, 0, 0, 0, 0, 0, 0, 0, 0, 0, 0, 0, 0, 0, 0, 0, 0),
(1427, 52, 71, 2, 0, 0, 1, 0, 0, '', 0, 0, 0, 0, 0, 0, 0, 0, 0, 0, 0, 0, 0, 0, 0, 0, 0, 0, 0),
(1428, 52, 51, 2, 0, 0, 1, 0, 0, '', 0, 0, 0, 0, 0, 0, 0, 0, 0, 0, 0, 0, 0, 0, 0, 0, 0, 0, 0),
(1429, 52, 74, 2, 0, 0, 1, 0, 0, '', 0, 0, 0, 0, 0, 0, 0, 0, 0, 0, 0, 0, 0, 0, 0, 0, 0, 0, 0),
(1430, 52, 52, 2, 0, 0, 1, 0, 0, '', 0, 0, 0, 0, 0, 0, 0, 0, 0, 0, 0, 0, 0, 0, 0, 0, 0, 0, 0),
(1431, 52, 61, 2, 0, 0, 1, 0, 0, '', 0, 0, 0, 0, 0, 0, 0, 0, 0, 0, 0, 0, 0, 0, 0, 0, 0, 0, 0),
(1432, 52, 68, 2, 0, 0, 1, 0, 0, '', 0, 0, 0, 0, 0, 0, 0, 0, 0, 0, 0, 0, 0, 0, 0, 0, 0, 0, 0),
(1433, 52, 57, 2, 0, 0, 1, 0, 0, '', 0, 0, 0, 0, 0, 0, 0, 0, 0, 0, 0, 0, 0, 0, 0, 0, 0, 1, 0),
(1434, 52, 60, 2, 0, 0, 1, 0, 0, '', 0, 0, 0, 0, 0, 0, 0, 0, 0, 0, 0, 0, 0, 0, 0, 0, 0, 0, 0),
(1435, 53, 197, 7, 0, 0, 1, 0, 0, '', 0, 0, 0, 0, 0, 0, 0, 0, 0, 0, 0, 0, 0, 0, 0, 0, 0, 1, 0),
(1436, 53, 200, 7, 0, 0, 1, 0, 0, '', 0, 0, 0, 0, 0, 0, 0, 0, 0, 0, 0, 0, 0, 0, 0, 0, 0, 0, 0),
(1437, 53, 201, 7, 0, 0, 1, 0, 0, '', 0, 0, 0, 0, 0, 0, 0, 0, 0, 0, 0, 0, 0, 0, 0, 0, 0, 0, 0),
(1438, 53, 251, 7, 0, 0, 1, 0, 0, '', 0, 0, 0, 0, 0, 0, 0, 0, 0, 0, 0, 0, 0, 0, 0, 0, 0, 0, 0),
(1439, 53, 211, 7, 0, 0, 1, 0, 0, '', 0, 0, 0, 0, 0, 0, 0, 0, 0, 0, 0, 0, 0, 0, 0, 0, 0, 0, 0),
(1440, 53, 247, 7, 0, 0, 1, 0, 0, '', 0, 0, 0, 0, 0, 0, 0, 0, 0, 0, 0, 0, 0, 0, 0, 0, 0, 0, 0),
(1441, 53, 203, 7, 0, 0, 1, 0, 0, '', 0, 0, 0, 0, 0, 0, 0, 0, 0, 0, 0, 0, 0, 0, 0, 0, 0, 0, 0),
(1442, 53, 248, 7, 0, 0, 1, 0, 0, '', 0, 0, 0, 0, 0, 0, 0, 0, 0, 0, 0, 0, 0, 0, 0, 0, 0, 0, 0),
(1443, 53, 210, 7, 0, 0, 1, 0, 0, '', 0, 0, 0, 0, 0, 0, 0, 0, 0, 0, 0, 0, 0, 0, 0, 0, 0, 0, 0),
(1444, 53, 250, 7, 0, 0, 1, 0, 0, '', 0, 0, 0, 0, 0, 0, 0, 0, 0, 0, 0, 0, 0, 0, 0, 0, 0, 0, 0),
(1445, 53, 196, 7, 0, 0, 1, 0, 0, '', 0, 0, 0, 0, 0, 0, 0, 0, 0, 0, 0, 0, 0, 0, 0, 0, 0, 0, 0),
(1446, 53, 187, 6, 0, 0, 1, 0, 0, '', 0, 0, 0, 0, 0, 0, 0, 0, 0, 0, 0, 0, 0, 0, 0, 0, 0, 0, 0),
(1447, 53, 165, 6, 0, 0, 1, 0, 0, '', 0, 0, 0, 0, 0, 0, 0, 0, 0, 0, 0, 0, 0, 0, 1, 0, 0, 1, 0),
(1448, 53, 167, 6, 0, 0, 1, 0, 0, '', 0, 0, 0, 0, 0, 0, 0, 0, 0, 0, 0, 0, 0, 0, 0, 0, 0, 0, 0),
(1449, 53, 180, 6, 0, 0, 1, 0, 0, '', 0, 0, 0, 0, 0, 0, 0, 0, 0, 0, 0, 0, 0, 0, 0, 0, 0, 0, 0),
(1450, 53, 170, 6, 0, 0, 1, 0, 0, '', 0, 0, 0, 0, 0, 0, 0, 0, 0, 0, 0, 0, 0, 0, 0, 0, 0, 0, 0),
(1451, 53, 166, 6, 0, 0, 1, 0, 0, '', 0, 0, 0, 0, 0, 0, 0, 0, 0, 0, 0, 0, 0, 0, 0, 0, 0, 0, 0),
(1452, 53, 173, 6, 0, 0, 1, 0, 0, '', 0, 0, 0, 0, 0, 0, 0, 0, 0, 0, 0, 0, 0, 0, 0, 0, 0, 0, 0),
(1453, 53, 179, 6, 0, 0, 1, 0, 0, '', 0, 0, 0, 0, 0, 0, 0, 0, 0, 0, 0, 0, 0, 0, 0, 0, 0, 0, 0),
(1454, 53, 181, 6, 0, 0, 1, 0, 0, '', 0, 0, 0, 0, 0, 0, 0, 0, 0, 0, 0, 0, 0, 0, 0, 0, 0, 0, 0),
(1455, 53, 193, 6, 0, 0, 1, 0, 0, '', 0, 0, 0, 0, 0, 0, 0, 0, 0, 0, 0, 0, 0, 0, 0, 0, 0, 0, 0),
(1456, 53, 183, 6, 0, 0, 1, 0, 0, '', 0, 0, 0, 0, 0, 0, 0, 0, 0, 0, 0, 0, 0, 0, 0, 0, 0, 0, 0),
(1457, 53, 172, 6, 0, 0, 1, 0, 0, '', 0, 0, 0, 0, 0, 0, 0, 0, 0, 0, 0, 0, 0, 0, 0, 0, 0, 0, 0),
(1458, 55, 225, 8, 0, 0, 1, 0, 0, '', 0, 0, 0, 0, 0, 0, 0, 0, 0, 0, 0, 0, 0, 0, 0, 0, 0, 0, 0),
(1459, 55, 227, 8, 0, 0, 1, 0, 0, '', 0, 0, 0, 0, 0, 0, 0, 0, 0, 0, 0, 0, 0, 0, 0, 0, 0, 0, 0),
(1460, 55, 228, 8, 0, 0, 1, 0, 0, '', 0, 0, 0, 0, 0, 0, 0, 0, 0, 0, 0, 0, 0, 0, 0, 0, 0, 0, 0),
(1461, 55, 229, 8, 0, 0, 1, 0, 0, '', 0, 0, 0, 0, 0, 0, 0, 0, 0, 0, 0, 0, 0, 0, 0, 0, 0, 0, 0),
(1462, 55, 230, 8, 0, 0, 1, 0, 0, '', 0, 0, 0, 0, 0, 0, 0, 0, 0, 0, 0, 0, 0, 0, 0, 0, 0, 0, 0),
(1463, 55, 231, 8, 0, 0, 1, 0, 0, '', 0, 0, 0, 0, 0, 0, 0, 0, 0, 0, 0, 0, 0, 0, 0, 0, 0, 0, 0),
(1464, 55, 233, 8, 0, 0, 1, 0, 0, '', 0, 0, 0, 0, 0, 0, 0, 0, 0, 0, 0, 0, 0, 0, 0, 0, 0, 0, 0),
(1465, 55, 235, 8, 0, 0, 1, 0, 0, '', 0, 0, 0, 0, 0, 0, 0, 0, 0, 0, 0, 0, 0, 0, 0, 0, 0, 0, 0),
(1466, 55, 232, 8, 0, 0, 1, 0, 0, '', 0, 0, 0, 0, 0, 0, 0, 0, 0, 0, 0, 0, 0, 0, 0, 0, 0, 0, 0),
(1467, 55, 236, 8, 0, 0, 1, 0, 0, '', 0, 0, 0, 0, 0, 0, 0, 0, 0, 0, 0, 0, 0, 0, 0, 0, 0, 0, 0),
(1468, 55, 238, 8, 0, 0, 1, 0, 0, '', 0, 0, 0, 0, 0, 0, 0, 0, 0, 0, 0, 0, 0, 0, 0, 0, 0, 1, 0),
(1469, 55, 224, 8, 0, 0, 1, 0, 0, '', 0, 0, 0, 0, 0, 0, 0, 0, 0, 0, 0, 0, 0, 0, 0, 0, 0, 0, 0),
(1470, 55, 30, 1, 0, 0, 1, 0, 0, '', 0, 0, 0, 0, 0, 0, 0, 0, 0, 0, 0, 0, 0, 0, 0, 0, 0, 0, 0),
(1471, 55, 19, 1, 0, 0, 1, 0, 0, '', 0, 0, 0, 0, 0, 0, 0, 0, 0, 0, 0, 0, 0, 0, 0, 0, 0, 0, 0),
(1472, 55, 38, 1, 0, 0, 1, 0, 0, '', 0, 0, 0, 0, 0, 0, 0, 0, 0, 0, 0, 0, 0, 0, 0, 0, 0, 0, 0),
(1473, 55, 43, 1, 0, 0, 1, 0, 0, '', 0, 0, 0, 0, 0, 0, 0, 0, 0, 0, 0, 0, 0, 0, 0, 0, 0, 0, 0),
(1474, 55, 29, 1, 0, 0, 1, 0, 0, '', 0, 0, 0, 0, 0, 0, 0, 0, 0, 0, 0, 0, 0, 0, 0, 0, 0, 0, 0),
(1475, 55, 2, 1, 0, 0, 1, 0, 0, '', 0, 0, 0, 0, 0, 0, 0, 0, 0, 0, 0, 0, 0, 0, 0, 0, 0, 0, 0),
(1476, 55, 42, 1, 0, 0, 1, 0, 0, '', 0, 0, 0, 0, 0, 0, 0, 0, 0, 0, 0, 0, 0, 0, 0, 0, 0, 0, 0),
(1477, 55, 13, 1, 0, 0, 1, 0, 0, '', 0, 0, 0, 0, 0, 0, 0, 0, 0, 0, 0, 0, 0, 0, 0, 0, 0, 1, 0),
(1478, 55, 12, 1, 0, 0, 1, 0, 0, '', 0, 0, 0, 0, 0, 0, 0, 0, 0, 0, 0, 0, 0, 0, 0, 0, 0, 0, 0),
(1479, 55, 14, 1, 0, 0, 1, 0, 0, '', 0, 0, 0, 0, 0, 0, 0, 0, 0, 0, 0, 0, 0, 0, 0, 0, 0, 0, 0),
(1480, 55, 4, 1, 0, 0, 1, 0, 0, '', 0, 0, 0, 0, 0, 0, 0, 0, 0, 0, 0, 0, 0, 0, 0, 0, 0, 0, 0),
(1481, 56, 79, 3, 0, 0, 1, 0, 0, '', 0, 0, 0, 0, 0, 0, 0, 0, 0, 0, 0, 0, 0, 0, 0, 0, 0, 0, 0),
(1482, 56, 85, 3, 0, 0, 1, 0, 0, '', 0, 0, 0, 0, 0, 0, 0, 0, 0, 0, 0, 0, 0, 0, 0, 0, 0, 0, 0),
(1483, 56, 86, 3, 0, 0, 1, 0, 0, '', 0, 0, 0, 0, 0, 0, 0, 0, 0, 0, 0, 0, 0, 0, 0, 0, 0, 0, 0),
(1484, 56, 87, 3, 0, 0, 1, 0, 0, '', 0, 0, 0, 0, 0, 0, 0, 0, 0, 0, 0, 0, 0, 0, 0, 0, 0, 0, 0),
(1485, 56, 89, 3, 0, 0, 1, 0, 0, '', 0, 0, 0, 0, 0, 0, 0, 0, 0, 0, 0, 0, 0, 0, 0, 0, 0, 0, 0),
(1486, 56, 90, 3, 0, 0, 1, 0, 0, '', 0, 0, 0, 0, 0, 0, 0, 0, 0, 0, 0, 0, 0, 0, 0, 0, 0, 0, 0),
(1487, 56, 78, 3, 0, 0, 1, 0, 0, '', 0, 0, 0, 0, 0, 0, 0, 0, 0, 0, 0, 0, 0, 0, 0, 0, 0, 0, 0),
(1488, 56, 93, 3, 0, 0, 1, 0, 0, '', 0, 0, 0, 0, 0, 0, 0, 0, 0, 0, 0, 0, 0, 0, 0, 0, 0, 0, 0),
(1489, 56, 104, 3, 0, 0, 1, 0, 0, '', 0, 0, 0, 0, 0, 0, 0, 0, 0, 0, 0, 0, 0, 0, 0, 0, 0, 0, 0),
(1490, 56, 99, 3, 0, 0, 1, 0, 0, '', 0, 0, 0, 0, 0, 0, 0, 0, 0, 0, 0, 0, 0, 0, 0, 0, 0, 0, 0),
(1491, 56, 19, 1, 0, 0, 1, 0, 0, '', 0, 0, 0, 0, 0, 0, 0, 0, 0, 0, 0, 0, 0, 0, 0, 0, 0, 0, 0),
(1492, 56, 20, 1, 0, 0, 1, 0, 0, '', 0, 0, 0, 0, 0, 0, 0, 0, 0, 0, 0, 0, 0, 0, 0, 0, 0, 0, 0),
(1493, 56, 31, 1, 0, 0, 1, 0, 0, '', 0, 0, 0, 0, 0, 0, 0, 0, 0, 0, 0, 0, 0, 0, 0, 0, 0, 0, 0),
(1494, 56, 26, 1, 0, 0, 1, 0, 0, '', 0, 0, 0, 0, 0, 0, 0, 0, 0, 0, 0, 0, 0, 0, 0, 0, 0, 0, 0),
(1495, 56, 29, 1, 0, 0, 1, 0, 0, '', 0, 0, 0, 0, 0, 0, 0, 0, 0, 0, 0, 0, 0, 0, 0, 0, 0, 0, 0),
(1496, 56, 2, 1, 0, 0, 1, 0, 0, '', 0, 0, 0, 0, 0, 0, 0, 0, 0, 0, 0, 0, 0, 0, 0, 0, 0, 0, 0),
(1497, 56, 42, 1, 0, 0, 1, 0, 0, '', 0, 0, 0, 0, 0, 0, 0, 0, 0, 0, 0, 0, 0, 0, 0, 0, 0, 0, 0),
(1498, 56, 32, 1, 0, 0, 1, 0, 0, '', 0, 0, 0, 0, 0, 0, 0, 0, 0, 0, 0, 0, 0, 0, 0, 0, 0, 0, 0),
(1499, 56, 13, 1, 0, 0, 1, 0, 0, '', 0, 0, 0, 0, 0, 0, 0, 0, 0, 0, 0, 0, 0, 0, 1, 0, 0, 0, 0),
(1500, 56, 14, 1, 0, 0, 1, 0, 0, '', 0, 0, 0, 0, 0, 0, 0, 0, 0, 0, 0, 0, 0, 0, 0, 0, 0, 0, 0),
(1501, 56, 40, 1, 0, 0, 1, 0, 0, '', 0, 0, 0, 0, 0, 0, 0, 0, 0, 0, 0, 0, 0, 0, 0, 0, 0, 0, 0),
(1502, 56, 3, 1, 0, 0, 1, 0, 0, '', 0, 0, 0, 0, 0, 0, 0, 0, 0, 0, 0, 0, 0, 0, 0, 0, 0, 0, 0),
(1503, 57, 152, 5, 0, 0, 1, 0, 0, '', 0, 0, 0, 0, 0, 0, 0, 0, 0, 0, 0, 0, 0, 0, 0, 0, 0, 0, 0),
(1504, 57, 159, 5, 0, 0, 1, 0, 0, '', 0, 0, 0, 0, 0, 0, 0, 0, 0, 0, 0, 0, 0, 0, 0, 0, 0, 0, 0),
(1505, 57, 148, 5, 0, 0, 1, 0, 0, '', 0, 0, 0, 0, 0, 0, 0, 0, 0, 0, 0, 0, 0, 0, 0, 0, 0, 0, 0),
(1506, 57, 142, 5, 0, 0, 1, 0, 0, '', 0, 0, 0, 0, 0, 0, 0, 0, 0, 0, 0, 0, 0, 0, 0, 0, 0, 0, 0),
(1507, 57, 147, 5, 0, 0, 1, 0, 0, '', 0, 0, 0, 0, 0, 0, 0, 0, 0, 0, 0, 0, 0, 0, 0, 0, 0, 0, 0),
(1508, 57, 160, 5, 0, 0, 1, 0, 0, '', 0, 0, 0, 0, 0, 0, 0, 0, 0, 0, 0, 0, 0, 0, 0, 0, 0, 0, 0),
(1509, 57, 156, 5, 0, 0, 1, 0, 0, '', 0, 0, 0, 0, 0, 0, 0, 0, 0, 0, 0, 0, 0, 0, 0, 0, 0, 0, 0),
(1510, 57, 151, 5, 0, 0, 1, 0, 0, '', 0, 0, 0, 0, 0, 0, 0, 0, 0, 0, 0, 0, 0, 0, 0, 0, 0, 0, 0),
(1511, 57, 146, 5, 0, 0, 1, 0, 0, '', 0, 0, 0, 0, 0, 0, 0, 0, 0, 0, 0, 0, 0, 0, 0, 0, 0, 0, 0),
(1512, 57, 143, 5, 0, 0, 1, 0, 0, '', 0, 0, 0, 0, 0, 0, 0, 0, 0, 0, 0, 0, 0, 0, 0, 0, 0, 0, 0),
(1513, 57, 163, 5, 0, 0, 1, 0, 0, '', 0, 0, 0, 0, 0, 0, 0, 0, 0, 0, 0, 0, 0, 0, 0, 0, 0, 0, 0),
(1514, 57, 139, 5, 0, 0, 1, 0, 0, '', 0, 0, 0, 0, 0, 0, 0, 0, 0, 0, 0, 0, 0, 0, 0, 0, 0, 0, 0),
(1515, 57, 224, 8, 0, 0, 1, 0, 0, '', 0, 0, 0, 0, 0, 0, 0, 0, 0, 0, 0, 0, 0, 0, 0, 0, 0, 0, 0),
(1516, 57, 225, 8, 0, 0, 1, 0, 0, '', 0, 0, 0, 0, 0, 0, 0, 0, 0, 0, 0, 0, 0, 0, 0, 0, 0, 0, 0),
(1517, 57, 227, 8, 0, 0, 1, 0, 0, '', 0, 0, 0, 0, 0, 0, 0, 0, 0, 0, 0, 0, 0, 0, 0, 0, 0, 0, 0),
(1518, 57, 228, 8, 0, 0, 1, 0, 0, '', 0, 0, 0, 0, 0, 0, 0, 0, 0, 0, 0, 0, 0, 0, 0, 0, 0, 0, 0),
(1519, 57, 229, 8, 0, 0, 1, 0, 0, '', 0, 0, 0, 0, 0, 0, 0, 0, 0, 0, 0, 0, 0, 0, 0, 0, 0, 0, 0),
(1520, 57, 230, 8, 0, 0, 1, 0, 0, '', 0, 0, 0, 0, 0, 0, 0, 0, 0, 0, 0, 0, 0, 0, 0, 0, 0, 0, 0),
(1521, 57, 233, 8, 0, 0, 1, 0, 0, '', 0, 0, 0, 0, 0, 0, 0, 0, 0, 0, 0, 0, 0, 0, 0, 0, 0, 0, 0),
(1522, 57, 232, 8, 0, 0, 1, 0, 0, '', 0, 0, 0, 0, 0, 0, 0, 0, 0, 0, 0, 0, 0, 0, 0, 0, 0, 0, 0),
(1523, 57, 236, 8, 0, 0, 1, 0, 0, '', 0, 0, 0, 0, 0, 0, 0, 0, 0, 0, 0, 0, 0, 0, 0, 0, 0, 0, 0),
(1524, 57, 237, 8, 0, 0, 1, 0, 0, '', 0, 0, 0, 0, 0, 0, 0, 0, 0, 0, 0, 0, 0, 0, 0, 0, 0, 0, 0),
(1525, 57, 238, 8, 0, 0, 1, 0, 0, '', 0, 0, 0, 0, 0, 0, 0, 0, 0, 0, 0, 0, 0, 0, 0, 0, 0, 1, 0);

-- --------------------------------------------------------

--
-- Table structure for table `match_has_team`
--

CREATE TABLE `match_has_team` (
  `mht_id` int(11) NOT NULL,
  `match_id` int(10) NOT NULL,
  `team_id` int(10) NOT NULL,
  `bat_seq` int(10) NOT NULL,
  `inngs` int(10) NOT NULL DEFAULT '1',
  `score` int(5) NOT NULL,
  `wickets` int(2) NOT NULL,
  `result` varchar(250) NOT NULL,
  `overs` double NOT NULL,
  `bys` int(3) NOT NULL,
  `leg_bys` int(3) NOT NULL,
  `wide` int(3) NOT NULL,
  `noballs` int(3) NOT NULL,
  `fall_of_wicket` text NOT NULL,
  `maxOvers` int(11) NOT NULL DEFAULT '25',
  `fours` int(11) NOT NULL,
  `sixes` int(11) NOT NULL
) ENGINE=InnoDB DEFAULT CHARSET=latin1;

--
-- Dumping data for table `match_has_team`
--

INSERT INTO `match_has_team` (`mht_id`, `match_id`, `team_id`, `bat_seq`, `inngs`, `score`, `wickets`, `result`, `overs`, `bys`, `leg_bys`, `wide`, `noballs`, `fall_of_wicket`, `maxOvers`, `fours`, `sixes`) VALUES
(1, 1, 4, 2, 1, 103, 10, '', 24.2, 1, 3, 5, 4, 'L Small, -G Kannan, -A Kumar Vyas, -R Subramanian, -K N ( Krish), -S Natarajan*, -S Sukumaran, -C M, -A  Reddy,  -G Kapoor', 25, 2, 1),
(2, 1, 5, 1, 1, 166, 7, '', 25, 5, 2, 15, 2, '72-1  M Soni,119-2 S Bawa,123-3 O Nasir,133-4 J Sandhu,144-5 A Gandhi,165-6 G Soshi*,167-7 V Botcha', 25, 10, 0),
(3, 2, 7, 1, 1, 89, 8, '', 25, 1, 1, 18, 0, 'P Kulkarni,  - M Jadhav, - K Walse, - M Padhye, - T Tausif, - S More, - A Karandikar*, - J Vaishnav', 25, 0, 0),
(4, 2, 3, 2, 1, 96, 9, '', 21.1, 1, 2, 11, 1, ' 9-1 V Kumar, - R Singh, 18-2 P Singh, 21-3 H Dhillon, 27-4 M S.Bhatti, 90-5 J S.Braich, 97-6 D Dhingra, 97-7 A S.Deol, 97-9 H Sudhir', 25, 6, 0),
(5, 3, 2, 1, 1, 56, 10, '', 16.3, 0, 1, 10, 0, '-B Habib, -D Roberts, -K Patel, -A Bhaktiar, -S Sharma, -G Sing, -A Sharma, -V Kukreja, -R Bains, -R Lall', 25, 3, 0),
(6, 3, 1, 2, 1, 135, 10, '', 24.5, 3, 3, 7, 1, 'A Dhar, -R Raihan*, -A Erramilli, -A Raja, A Reddy, -Y Rao, -K Erramilli, -R Shah, -M Rawat, -E Vincent', 25, 5, 1),
(7, 7, 3, 1, 1, 70, 10, '', 21, 2, 2, 7, 0, ' H Dhillon - V Kumar - PSingh - R Rana  - D Dhingra - A.S Deol -  M S Bhatti - A Sudhir - G Bariana - G Singh', 25, 2, 0),
(8, 7, 2, 2, 1, 71, 7, '', 13, 0, 3, 4, 0, 'S Patel - B Habib - Z Baig - G Singh - D Roberts - S Arsad - S Sidhu', 25, 5, 0),
(9, 8, 8, 1, 1, 118, 10, '', 24, 4, 3, 13, 0, ' S Goyal, - V Khurana, - K Sinha, - S Sarkar*, - K Bapat, - N Punia, - R Ranade, - G Dhiman, - S Joshi, - A Koshy', 25, 6, 0),
(10, 8, 6, 2, 1, 119, 5, '', 15.2, 0, 0, 4, 0, ' S Shah, - S M Din, - J Dwivedi, - A Shah, - A Gupta', 25, 12, 3),
(11, 9, 7, 0, 1, 0, 0, '', 0, 0, 0, 0, 0, '', 25, 0, 0),
(12, 9, 8, 0, 1, 0, 0, '', 0, 0, 0, 0, 0, '', 25, 0, 0),
(13, 10, 4, 1, 1, 101, 10, '', 22.4, 1, 2, 13, 5, 'H Porwal*, - D Rustogi, - G Kannan, - V Anil Save, - A Kavuru, - S Sukumaran, - K N (Kris), - R Subramanian, - C Muthukumaran, - S Thothathri', 25, 7, 0),
(14, 10, 1, 2, 1, 167, 7, '', 25, 2, 3, 9, 2, 'S Goverdhan, - A Dhar, - A Raza, - M Singh, - A Reddy, - K Erramilli, - M Rawat', 25, 6, 2),
(15, 11, 5, 2, 1, 69, 10, '', 16.5, 3, 3, 21, 0, 'M Singh, - J Sandhu, - H Peermohammed, - M Soni, - G Sohi*, - V Botcha, - O Nasir, - P Sharma, - A Goel, - J Brar', 25, 1, 0),
(16, 11, 6, 1, 1, 145, 9, '', 25, 2, 0, 20, 2, 'S Shah, - A Dubey, - S M Din, - V Monga, - A Bangali, - P Chohan, - A Gupta, - J Nayak, - A Gupta', 25, 10, 0),
(17, 12, 6, 1, 1, 130, 9, '', 24, 2, 2, 20, 1, 'A Dubey, - D George(Rocky), - M Narula, - D Shankar, - S Thakur, - A Gupta*, - V Monga, - S Kadir, - A Bangali', 25, 9, 0),
(18, 12, 2, 2, 1, 193, 4, '', 25, 3, 0, 6, 0, 'S Nibber, - S Patel, - B Habib, - G Singh', 25, 13, 4),
(19, 13, 7, 1, 1, 104, 10, '', 23.2, 0, 2, 11, 0, 'S Raj, - M Padhye, - R Mehta, - Y Pathare*, - M Jadhav, - P Patel, - T Tausif, - K Walse, - S More, - A Christopher', 25, 8, 0),
(20, 13, 5, 2, 1, 105, 3, '', 17.2, 0, 0, 11, 3, 'O Nasir, - K Kousyal, - G Sohi', 25, 7, 0),
(21, 14, 1, 2, 1, 87, 10, '', 21, 0, 1, 10, 0, 'R Raihan*, - M Singh, - Y Rao, - A Raza, - K Erramilli, - S Goverdhan, - A Reddy, - C Madan, - M Rawat, - R Sharma', 25, 3, 0),
(22, 14, 3, 1, 1, 124, 10, '', 22, 0, 2, 11, 0, 'H Dhillon, - V Kumar, - P Singh, - M Tomar, - M H.Khan*, - K Sharma, - M S.Bhatti, - A S.Deol, - H Sudhir, - D Dhingra', 25, 7, 1),
(23, 15, 8, 1, 1, 96, 10, '', 20.2, 0, 3, 16, 1, 'R Vijay Kumar, - S Goyal, - V Khurana, - S Sarkar*, - K Bapat, - M Singh, - G Dhiman, - S Joshi, - K Gupta, - A Sundaram', 25, 2, 1),
(24, 15, 4, 2, 1, 97, 5, '', 21, 0, 1, 16, 0, 'M Khan, - H Porwal, - D Rustogi, - A Kumar Vyas, - K N (Kris)', 25, 6, 0),
(25, 16, 3, 2, 1, 140, 4, '', 20.3, 2, 1, 9, 0, 'H Dhillon, - P Singh, - J S.Braich, - R Rana', 25, 12, 3),
(26, 16, 5, 1, 1, 139, 8, '', 25, 0, 3, 17, 0, 'G Sohi, - D Jain, - V Botcha, - S Bawa, - N Ghotra, - J Sandhu, - Q Khan, - A Shrivastava', 25, 5, 0),
(27, 17, 6, 1, 1, 103, 10, '', 22, 2, 2, 28, 4, 'S M Din, - P Jani, - A Dubey, - A Shah, - A Kumar, - A Bangali, - H Patel, - S Thakur, - A Gupta, - S Chandra', 25, 4, 0),
(28, 17, 4, 2, 1, 163, 7, '', 25, 2, 3, 13, 0, 'U Iqbal, - H Porwal, - D Rustogi, - A Kumar Vyas, - S Natarajan, - V Anil Save, - R Subramanian', 25, 12, 0),
(29, 18, 1, 2, 1, 160, 10, '', 25, 0, 1, 9, 2, 'R Raihan, - M Singh, - T Beri, - A Raza, - S Goverdhan, - A Reddy, - M Rawat, - K Erramilli, - D Vinnakota, - E Vincent', 25, 13, 3),
(30, 18, 8, 1, 1, 170, 6, '', 25, 0, 2, 9, 4, 'R Vijay Kumar, - S Goyal, - K Sinha, - S Sarkar, - K Bapat, - S Joshi', 25, 12, 3),
(31, 19, 2, 2, 1, 151, 8, '', 25, 2, 0, 1, 1, 'S Patel, - G Singh, - S Sharma, - A Sharma, - B Habib, - G Singh, - P G, - K Patel', 25, 12, 4),
(32, 19, 7, 1, 1, 155, 3, '', 23.2, 0, 1, 11, 0, 'S Raj, - K Walse, - P Kulkarni', 25, 11, 0),
(33, 20, 8, 1, 1, 70, 5, '', 10, 0, 0, 10, 0, 'R Vijay Kumar, - S Goyal, - N Punia, - K Bapat, - A Jain', 25, 3, 1),
(34, 20, 6, 2, 1, 69, 10, '', 16, 0, 1, 6, 0, 'P Jani, - D George(Rocky), - S M Din, - A Dubey, - H Patel, - A Gupta, - J Dwivedi, - S Sodadasu, - V Monga, - N C Jain', 25, 5, 0),
(35, 21, 7, 1, 1, 118, 10, '', 20.4, 0, 0, 11, 0, 'S Raj, - T Tausif, - A Dandekar, - S More, - Y Pathare*, - M Padhye, - P Patel, - A Bhalerao, - A Christopher, - P Kulkarni', 25, 5, 0),
(36, 21, 3, 2, 1, 167, 10, '', 25, 1, 0, 15, 0, 'H Dhillon, - V Kumar, - P Singh, - J S.Braich, - R Khokhar, - M S.Bhatti, - M Sharique, - A S.Deol, - D Dhingra, - H Sudhir', 25, 13, 1),
(37, 22, 2, 1, 1, 133, 7, '', 25, 0, 3, 22, 0, 'S Patel, - A Bhaktiar, - G Singh, - P G, - S Sharma, - V Kukreja, - Gurpreet Singh', 25, 8, 0),
(38, 22, 1, 2, 1, 134, 2, '', 19, 1, 3, 16, 3, 'R Raihan, - A Dhar', 25, 11, 0),
(39, 23, 4, 2, 1, 162, 9, '', 25, 0, 1, 6, 0, 'U Iqbal, - H Porwal, - V Anil Save, - D Rustogi, - R Subramanian, - C Muthukumaran, - S Natarajan, - G Kapoor, - K N (Kris)', 25, 6, 1),
(40, 23, 5, 1, 1, 163, 5, '', 23, 4, 2, 7, 3, ' J Sandhu, - N Ghotra, - S Bawa, - G Sohi, - O Nasir', 25, 18, 1),
(41, 24, 3, 2, 1, 218, 6, '', 20, 1, 3, 6, 1, ' H Dhillon, - V Kumar, - M Sharique, - P Singh, - R Ahmad, - R Rana', 25, 17, 5),
(42, 24, 8, 1, 1, 142, 9, '', 25, 5, 2, 10, 1, ' N Punia, - S Goyal, - K Bapat, - G Dhiman, - R Raj Sharma, - S Joshi, - M Singh, - A Jain, - K Gupta', 25, 8, 0),
(43, 25, 2, 2, 1, 142, 4, '', 16.3, 0, 1, 10, 0, 'S Patel, - A Bhaktiar, - G Singh, - P G', 25, 13, 3),
(44, 25, 6, 1, 1, 141, 9, '', 25, 0, 2, 8, 1, 'S M Din, - A Dubey, - D George(Rocky), - M Narula, - S Chandra, - A Bangali, - S Thakur, - A Gupta*, - A Soni', 25, 10, 0),
(45, 26, 1, 2, 1, 116, 3, '', 14, 4, 1, 11, 6, 'A Dhar, - A Reddy, - A Erramilli', 25, 10, 2),
(46, 26, 4, 1, 1, 115, 7, '', 25, 0, 2, 10, 0, ' D Rustogi, - H Porwal, - R Subramanian, - A Kavuru, - S Natarajan, - K N (Kris), - G Kapoor', 25, 5, 0),
(47, 27, 7, 1, 1, 143, 8, '', 25, 1, 0, 9, 4, 'K Walse, - M Padhye, - P Patel, - T Tausif, - S More, - N Deshpande, - A Dandekar, - A Karandikar', 25, 7, 1),
(48, 27, 5, 2, 1, 167, 8, '', 25, 1, 0, 7, 1, 'J Sandhu, - G Sohi*, - S Bawa, - K Kousyal, - M Soni, - Q Khan, - A Goel, - A Shrivastava', 25, 15, 1),
(49, 28, 6, 1, 1, 180, 8, '', 25, 2, 2, 17, 0, ' S Shah, - A Dubey, - H Patel, - S M Din, - D George(Rocky), - S Kadir, - S Thakur, - J Nayak', 25, 10, 3),
(50, 28, 1, 2, 1, 181, 2, '', 17, 1, 0, 10, 2, ' A Dhar, - T Beri', 25, 20, 2),
(51, 29, 8, 1, 1, 105, 9, '', 25, 0, 1, 8, 0, 'N Punia, - S Goyal, - K Sinha, - G Dhiman, - S Joshi, - M Singh, - A Koshy, - R Ranade, - R Raj Sharma', 25, 9, 0),
(52, 29, 3, 2, 1, 164, 8, '', 25, 0, 6, 5, 1, 'H Dhillon, - V Kumar, - M Sharique, - R Rana, - A S.Deol, - M S.Bhatti, - A Sudhir, - C S.Ghosal', 25, 12, 2),
(53, 30, 4, 2, 1, 148, 7, '', 25, 1, 0, 1, 1, ' H Porwal, - U Iqbal, - S Khan, - K N (Kris), - M Khan, - S Sukumaran, - G Kapoor', 25, 11, 1),
(54, 30, 7, 1, 1, 140, 10, '', 24.5, 5, 0, 19, 0, 'S Raj, - R Mehta, - P Patel, - Y Pathare, - M Padhye, - T Tausif, - A Bhalerao, - S More, - A Karandikar, - A Dandekar', 25, 6, 0),
(55, 31, 5, 1, 1, 155, 10, '', 25, 2, 0, 10, 2, ' J Sandhu, - O Nasir, - S Bawa, - D Jain, - G Sohi*, - R Mittal, - G Khanna, - H Peermohammed, - A Shrivastava, - J Brar', 25, 4, 0),
(56, 31, 1, 2, 1, 174, 8, '', 25, 1, 1, 15, 0, 'A Reddy, - M Singh, - C Madan, - A Raza, - S Goverdhan, - A Reddy, - Y Rao, - R Raihan', 25, 9, 1),
(57, 32, 3, 2, 1, 193, 6, '', 25, 5, 5, 15, 1, 'H Dhillon, - V Kumar, - P Singh, - J S.Braich, - R Ahmad, - D Dhingra', 25, 8, 3),
(58, 32, 5, 1, 1, 127, 10, '', 20, 1, 0, 7, 1, 'O Nasir, - G Sohi*, - S Bawa, - K Kousyal, - R Mittal, - V Botcha, - D Jain, - H Singh, - C Shah, - A Shrivastava', 25, 6, 3),
(59, 33, 7, 1, 1, 130, 7, '', 25, 1, 6, 12, 1, 'S Raj, - K Walse, - P Patel, - Y Pathare, - M Padhye, - T Tausif, - S More', 25, 12, 0),
(60, 33, 4, 2, 1, 132, 7, '', 20.5, 6, 2, 5, 0, 'D Rustogi, - V Anil Save, - K N (Kris), - A Kumar Vyas, - S Sukumaran, - G Kapoor, - N Yahya', 25, 10, 1),
(61, 34, 6, 1, 1, 148, 8, '', 25, 0, 2, 18, 1, 'S M Din, - A Dubey, - D George(Rocky), - P Chohan, - P Jani, - A Bangali, - A Gupta, - J Dwivedi', 25, 7, 1),
(62, 34, 1, 2, 1, 154, 4, '', 18.5, 1, 5, 9, 0, 'H Dhindsa, - M Singh, - A Erramilli, - M Rawat', 25, 13, 3),
(63, 35, 2, 2, 1, 131, 5, '', 22, 0, 0, 11, 2, ' G Singh - 1, - A Bhaktiar, - S Patel, - M Arora, - S Sidhu', 25, 10, 2),
(64, 35, 8, 1, 1, 130, 9, '', 25, 5, 2, 5, 0, 'R Vijay Kumar, - S Goyal, - K Sinha, - S Sarkar*, - K Bapat, - G Dhiman, - S Joshi, - N Punia, - S Vishwanathan', 25, 6, 0),
(65, 36, 2, 2, 1, 129, 10, '', 22.1, 0, 0, 10, 2, 'G Singh, - A Bhaktiar, - S Arsad, - S Sidhu, - M Arora, - Z Baig, - S Rasanayagam, - S Nibber, - R Sandhi, - R Lall', 25, 8, 0),
(66, 36, 3, 1, 1, 208, 9, '', 25, 2, 0, 12, 1, 'H Dhillon, - V Kumar, - P Singh, - M H.Khan*, - M Sharique, - A S.Deol, - M S.Bhatti, - A Sudhir, - H Sudhir', 25, 16, 3),
(67, 37, 8, 1, 1, 141, 7, '', 23, 1, 0, 7, 1, 'R Vijay Kumar, - S Goyal, - K Sinha, - S Sarkar*, - S Joshi, - M Singh, - N Punia', 25, 7, 0),
(68, 37, 4, 2, 1, 141, 10, '', 25, 1, 0, 25, 0, 'H Porwal, - S Natarajan*, - K N (Kris), - H Farooqui, - R Subramanian, - G Kannan, - D Rustogi, - G Kapoor, - C Muthukumaran, - S Sitambaram', 25, 10, 0),
(69, 38, 1, 2, 1, 219, 8, '', 25, 0, 0, 8, 5, 'S Goverdhan, - A Reddy, - A Erramilli, - A Dhar, - K Erramilli*, - C Madan, - R Sharma, - P Kohli', 25, 19, 0),
(70, 38, 7, 1, 1, 60, 9, '', 17, 0, 0, 10, 0, 'T Tausif, - K Walse, - Y Pathare, - Y Joshi, - S Dadhe, - S Bhalerao, - A Karandikar, - N Deshpande, - N Konnur', 25, 3, 0),
(71, 39, 6, 1, 1, 212, 2, '', 25, 1, 0, 5, 0, 'A Dubey, - S Shah', 25, 16, 3),
(72, 39, 5, 2, 1, 195, 8, '', 25, 1, 3, 7, 1, 'J Sandhu, - K Kousyal, - O Nasir, - S Bawa, - N Ghotra, - H Peermohammed*, - D Jain, - M Singh', 25, 12, 2),
(73, 40, 4, 1, 1, 98, 10, '', 20.1, 0, 0, 5, 1, 'U Iqbal, - M Khan, - S Sukumaran, - A Kumar Vyas, - G Kannan, - R Subramanian, - D Rustogi, - C Muthukumaran*, - S Natarajan, - K N (Kris)', 25, 11, 1),
(74, 40, 3, 2, 1, 123, 10, '', 23.5, 0, 0, 7, 1, 'V Kumar, - P Singh, - S Grewal, - M S.Bhatti, - M H.Khan*, - M Sharique, - A S.Deol, - D Dhingra, - H Sudhir, - K P S Sangha', 25, 12, 0),
(75, 41, 5, 2, 1, 153, 10, '', 25, 1, 2, 8, 4, 'J Sandhu, - N Ghotra, - H Peermohammed, - S Bawa, - M Singh, - G Sohi*, - O Nasir, - V Botcha, - H Singh, - G Khanna', 25, 9, 1),
(76, 41, 8, 1, 1, 154, 9, '', 24, 0, 0, 15, 3, 'R Vijay Kumar, - S Goyal, - K Bapat, - G Dhiman, - R Raj Sharma, - S Sarkar*, - K Sinha, - N Punia, - K Gupta', 25, 13, 1),
(77, 42, 5, 1, 1, 143, 9, '', 25, 1, 1, 3, 1, 'K Kousyal, - O Nasir, - S Bawa, - G Sohi*, - D Jain, - H Peermohammed, - C Shah, - Q Khan, - J Brar', 25, 9, 2),
(78, 42, 2, 2, 1, 234, 2, '', 25, 0, 4, 4, 1, 'S Patel, - Z Baig', 25, 21, 6),
(79, 43, 7, 0, 1, 0, 0, '', 0, 0, 0, 0, 0, '', 25, 0, 0),
(80, 43, 1, 0, 1, 0, 0, '', 0, 0, 0, 0, 0, '', 25, 0, 0),
(81, 44, 6, 0, 1, 0, 0, '', 0, 0, 0, 0, 0, '', 25, 0, 0),
(82, 44, 3, 0, 1, 0, 0, '', 0, 0, 0, 0, 0, '', 25, 0, 0),
(83, 45, 8, 1, 1, 131, 1, '', 19.2, 1, 1, 2, 1, 'S Sarkar', 25, 15, 0),
(84, 45, 7, 2, 1, 130, 6, '', 25, 0, 1, 11, 0, 'K Walse, - Y Pathare, - S Kulkarni, - M Padhye, - A S, - S More', 25, 10, 0),
(85, 46, 2, 2, 1, 186, 9, '', 25, 2, 0, 7, 3, 'A Bhaktiar, - B Habib, - M Arora, - A Sharma, - N Shukla, - S Nibber, - S Sidhu, - G Singh, - D Roberts', 25, 23, 1),
(86, 46, 4, 1, 1, 151, 9, '', 23.2, 2, 0, 5, 1, 'M Khan, - V Anil Save, - G Kannan, - L Small, - S Natarajan, - K N (Kris), - A Kavuru, - R Subramanian, - S Sitambaram', 25, 12, 1),
(87, 47, 1, 2, 1, 129, 3, '', 16.1, 0, 0, 5, 0, 'M Singh, - A Dhar, - T Beri', 25, 13, 0),
(88, 47, 5, 1, 1, 127, 7, '', 25, 0, 0, 13, 0, 'J Sandhu, - O Nasir, - M Soni, - P Sharma, - G Sohi*, - G Khanna, - Q Khan', 25, 5, 0),
(89, 48, 8, 1, 1, 92, 8, '', 23.3, 6, 2, 16, 0, ' S Sarkar*, - S Goyal, - K Bapat, - G Dhiman, - K Sinha, - A Jain, - M Singh, - S Joshi', 25, 3, 0),
(90, 48, 2, 2, 1, 91, 10, '', 17.3, 0, 0, 10, 0, 'B Habib, - K Patel, - G Singh - I, - A Bhaktiar, - A Sharma, - M Arora, - S Arsad, - S Nibber, - D Roberts, - R Lall*', 25, 13, 0),
(91, 49, 3, 2, 1, 162, 4, '', 19, 5, 0, 8, 1, ' H Dhillon, - V Kumar, - A S.Deol, - D Dhingra', 25, 19, 1),
(92, 49, 6, 1, 1, 161, 5, '', 25, 1, 4, 8, 0, 'S M Din, - J Nayak, - P Chohan, - P Jani, - S Sodadasu', 25, 18, 0),
(93, 50, 7, 1, 1, 148, 6, '', 25, 3, 0, 10, 0, 'K Walse, - Y Pathare, - T Tausif, - A S, - S Kulkarni, - S Dadhe', 25, 8, 0),
(94, 50, 6, 2, 1, 149, 7, '', 24.3, 2, 1, 3, 1, 'S M Din, - D George(Rocky), - P Chohan, - P Jani, - A Kumar, - S Kadir, - A Gupta*', 25, 12, 0),
(95, 51, 4, 1, 1, 131, 7, '', 25, 6, 1, 10, 1, 'S Natarajan, - H Porwal, - G Kannan, - A Kavuru, - L Small, - P Mayathevar, - A Thoutreddy', 25, 8, 0),
(96, 51, 2, 2, 1, 134, 3, '', 16, 1, 2, 5, 1, 'S Nibber, - V Kukreja, - D Roberts', 25, 14, 5),
(97, 52, 2, 0, 1, 0, 0, '', 0, 0, 0, 0, 0, '', 25, 0, 0),
(98, 52, 5, 0, 1, 0, 0, '', 0, 0, 0, 0, 0, '', 25, 0, 0),
(99, 52, 2, 0, 1, 0, 0, '', 0, 0, 0, 0, 0, '', 25, 0, 0),
(100, 52, 2, 0, 1, 0, 0, '', 0, 0, 0, 0, 0, '', 25, 0, 0),
(101, 53, 6, 0, 1, 0, 0, '', 0, 0, 0, 0, 0, '', 25, 0, 0),
(102, 53, 7, 0, 1, 0, 0, '', 0, 0, 0, 0, 0, '', 25, 0, 0),
(103, 54, 3, 0, 1, 0, 0, '', 0, 0, 0, 0, 0, '', 25, 0, 0),
(104, 54, 4, 0, 1, 0, 0, '', 0, 0, 0, 0, 0, '', 25, 0, 0),
(105, 55, 1, 0, 1, 0, 0, '', 0, 0, 0, 0, 0, '', 25, 0, 0),
(106, 55, 8, 0, 1, 0, 0, '', 0, 0, 0, 0, 0, '', 25, 0, 0),
(107, 56, 1, 0, 1, 0, 0, '', 0, 0, 0, 0, 0, '', 25, 0, 0),
(108, 56, 3, 0, 1, 0, 0, '', 0, 0, 0, 0, 0, '', 25, 0, 0),
(109, 57, 8, 0, 1, 0, 0, '', 0, 0, 0, 0, 0, '', 25, 0, 0),
(110, 57, 5, 0, 1, 0, 0, '', 0, 0, 0, 0, 0, '', 25, 0, 0),
(111, 58, 2, 0, 1, 0, 0, '', 0, 0, 0, 0, 0, '', 25, 0, 0),
(112, 58, 7, 0, 1, 0, 0, '', 0, 0, 0, 0, 0, '', 25, 0, 0),
(113, 59, 6, 0, 1, 0, 0, '', 0, 0, 0, 0, 0, '', 25, 0, 0),
(114, 59, 4, 0, 1, 0, 0, '', 0, 0, 0, 0, 0, '', 25, 0, 0),
(115, 69, 9, 1, 1, 130, 4, '', 25, 0, 0, 0, 0, '', 25, 6, 3),
(116, 69, 10, 2, 1, 138, 3, '', 25, 2, 2, 2, 2, '42-1,55-2,67-3', 25, 6, 3),
(117, 70, 9, 0, 1, 0, 0, '', 0, 0, 0, 0, 0, '', 25, 0, 0),
(118, 70, 10, 0, 1, 0, 0, '', 0, 0, 0, 0, 0, '', 25, 0, 0),
(119, 71, 9, 0, 1, 0, 0, '', 0, 0, 0, 0, 0, '', 25, 0, 0),
(120, 71, 10, 0, 1, 0, 0, '', 0, 0, 0, 0, 0, '', 25, 0, 0),
(121, 74, 7, 2, 1, 113, 10, '', 22, 0, 0, 21, 1, 'P Kulkarni - ', 25, 5, 0),
(122, 74, 8, 1, 1, 130, 7, '', 25, 1, 2, 8, 1, 'R Vijay Kumar - S Goyal - M Singh - S Sarkar - K Sinha - K Bapat - G Dhiman', 25, 8, 1),
(123, 76, 13, 0, 1, 0, 0, '', 0, 0, 0, 0, 0, '', 25, 0, 0),
(124, 76, 4, 0, 1, 0, 0, '', 0, 0, 0, 0, 0, '', 25, 0, 0),
(125, 75, 5, 0, 1, 0, 0, '', 0, 0, 0, 0, 0, '', 25, 0, 0),
(126, 75, 14, 0, 1, 0, 0, '', 0, 0, 0, 0, 0, '', 25, 0, 0),
(127, 77, 2, 0, 1, 0, 0, '', 0, 0, 0, 0, 0, '', 25, 0, 0),
(128, 77, 7, 0, 1, 0, 0, '', 0, 0, 0, 0, 0, '', 25, 0, 0),
(129, 78, 8, 0, 1, 0, 0, '', 0, 0, 0, 0, 0, '', 25, 0, 0),
(130, 78, 3, 0, 1, 0, 0, '', 0, 0, 0, 0, 0, '', 25, 0, 0),
(131, 79, 3, 0, 1, 0, 0, '', 0, 0, 0, 0, 0, '', 25, 0, 0),
(132, 79, 2, 0, 1, 0, 0, '', 0, 0, 0, 0, 0, '', 25, 0, 0),
(133, 80, 4, 0, 1, 0, 0, '', 0, 0, 0, 0, 0, '', 25, 0, 0),
(134, 80, 5, 0, 1, 0, 0, '', 0, 0, 0, 0, 0, '', 25, 0, 0),
(135, 81, 7, 0, 1, 0, 0, '', 0, 0, 0, 0, 0, '', 25, 0, 0),
(136, 81, 13, 0, 1, 0, 0, '', 0, 0, 0, 0, 0, '', 25, 0, 0),
(137, 82, 14, 0, 1, 0, 0, '', 0, 0, 0, 0, 0, '', 25, 0, 0),
(138, 82, 8, 0, 1, 0, 0, '', 0, 0, 0, 0, 0, '', 25, 0, 0),
(139, 84, 3, 0, 1, 0, 0, '', 0, 0, 0, 0, 0, '', 25, 0, 0),
(140, 84, 5, 0, 1, 0, 0, '', 0, 0, 0, 0, 0, '', 25, 0, 0),
(141, 83, 13, 0, 1, 0, 0, '', 0, 0, 0, 0, 0, '', 25, 0, 0),
(142, 83, 4, 0, 1, 0, 0, '', 0, 0, 0, 0, 0, '', 25, 0, 0),
(143, 86, 7, 0, 1, 0, 0, '', 0, 0, 0, 0, 0, '', 25, 0, 0),
(144, 86, 14, 0, 1, 0, 0, '', 0, 0, 0, 0, 0, '', 25, 0, 0),
(145, 85, 2, 0, 1, 0, 0, '', 0, 0, 0, 0, 0, '', 25, 0, 0),
(146, 85, 8, 0, 1, 0, 0, '', 0, 0, 0, 0, 0, '', 25, 0, 0),
(147, 88, 3, 0, 1, 0, 0, '', 0, 0, 0, 0, 0, '', 25, 0, 0),
(148, 88, 7, 0, 1, 0, 0, '', 0, 0, 0, 0, 0, '', 25, 0, 0),
(149, 87, 8, 0, 1, 0, 0, '', 0, 0, 0, 0, 0, '', 25, 0, 0),
(150, 87, 5, 0, 1, 0, 0, '', 0, 0, 0, 0, 0, '', 25, 0, 0),
(151, 90, 14, 0, 1, 0, 0, '', 0, 0, 0, 0, 0, '', 25, 0, 0),
(152, 90, 2, 0, 1, 0, 0, '', 0, 0, 0, 0, 0, '', 25, 0, 0),
(153, 89, 5, 0, 1, 0, 0, '', 0, 0, 0, 0, 0, '', 25, 0, 0),
(154, 89, 4, 0, 1, 0, 0, '', 0, 0, 0, 0, 0, '', 25, 0, 0),
(155, 91, 2, 0, 1, 0, 0, '', 0, 0, 0, 0, 0, '', 25, 0, 0),
(156, 91, 13, 0, 1, 0, 0, '', 0, 0, 0, 0, 0, '', 25, 0, 0),
(157, 92, 8, 0, 1, 0, 0, '', 0, 0, 0, 0, 0, '', 25, 0, 0),
(158, 92, 3, 0, 1, 0, 0, '', 0, 0, 0, 0, 0, '', 25, 0, 0),
(159, 93, 14, 0, 1, 0, 0, '', 0, 0, 0, 0, 0, '', 25, 0, 0),
(160, 93, 4, 0, 1, 0, 0, '', 0, 0, 0, 0, 0, '', 25, 0, 0),
(161, 94, 7, 0, 1, 0, 0, '', 0, 0, 0, 0, 0, '', 25, 0, 0),
(162, 94, 5, 0, 1, 0, 0, '', 0, 0, 0, 0, 0, '', 25, 0, 0),
(163, 95, 14, 0, 1, 0, 0, '', 0, 0, 0, 0, 0, '', 25, 0, 0),
(164, 95, 8, 0, 1, 0, 0, '', 0, 0, 0, 0, 0, '', 25, 0, 0),
(165, 96, 13, 0, 1, 0, 0, '', 0, 0, 0, 0, 0, '', 25, 0, 0),
(166, 96, 3, 0, 1, 0, 0, '', 0, 0, 0, 0, 0, '', 25, 0, 0),
(167, 97, 2, 0, 1, 0, 0, '', 0, 0, 0, 0, 0, '', 25, 0, 0),
(168, 97, 7, 0, 1, 0, 0, '', 0, 0, 0, 0, 0, '', 25, 0, 0),
(169, 98, 8, 0, 1, 0, 0, '', 0, 0, 0, 0, 0, '', 25, 0, 0),
(170, 98, 4, 0, 1, 0, 0, '', 0, 0, 0, 0, 0, '', 25, 0, 0),
(171, 99, 5, 0, 1, 0, 0, '', 0, 0, 0, 0, 0, '', 25, 0, 0),
(172, 99, 13, 0, 1, 0, 0, '', 0, 0, 0, 0, 0, '', 25, 0, 0),
(173, 101, 14, 0, 1, 0, 0, '', 0, 0, 0, 0, 0, '', 25, 0, 0),
(174, 101, 3, 0, 1, 0, 0, '', 0, 0, 0, 0, 0, '', 25, 0, 0),
(175, 100, 2, 0, 1, 0, 0, '', 0, 0, 0, 0, 0, '', 25, 0, 0),
(176, 100, 4, 0, 1, 0, 0, '', 0, 0, 0, 0, 0, '', 25, 0, 0),
(177, 102, 8, 0, 1, 0, 0, '', 0, 0, 0, 0, 0, '', 25, 0, 0),
(178, 102, 7, 0, 1, 0, 0, '', 0, 0, 0, 0, 0, '', 25, 0, 0),
(179, 103, 7, 0, 1, 0, 0, '', 0, 0, 0, 0, 0, '', 25, 0, 0),
(180, 103, 4, 0, 1, 0, 0, '', 0, 0, 0, 0, 0, '', 25, 0, 0),
(181, 104, 2, 0, 1, 0, 0, '', 0, 0, 0, 0, 0, '', 25, 0, 0),
(182, 104, 3, 0, 1, 0, 0, '', 0, 0, 0, 0, 0, '', 25, 0, 0),
(183, 105, 14, 0, 1, 0, 0, '', 0, 0, 0, 0, 0, '', 25, 0, 0),
(184, 105, 7, 0, 1, 0, 0, '', 0, 0, 0, 0, 0, '', 25, 0, 0),
(185, 106, 8, 0, 1, 0, 0, '', 0, 0, 0, 0, 0, '', 25, 0, 0),
(186, 106, 13, 0, 1, 0, 0, '', 0, 0, 0, 0, 0, '', 25, 0, 0),
(187, 107, 3, 0, 1, 0, 0, '', 0, 0, 0, 0, 0, '', 25, 0, 0),
(188, 107, 4, 0, 1, 0, 0, '', 0, 0, 0, 0, 0, '', 25, 0, 0),
(189, 108, 13, 0, 1, 0, 0, '', 0, 0, 0, 0, 0, '', 25, 0, 0),
(190, 108, 7, 0, 1, 0, 0, '', 0, 0, 0, 0, 0, '', 25, 0, 0),
(191, 109, 2, 0, 1, 0, 0, '', 0, 0, 0, 0, 0, '', 25, 0, 0),
(192, 109, 5, 0, 1, 0, 0, '', 0, 0, 0, 0, 0, '', 25, 0, 0),
(193, 110, 14, 0, 1, 0, 0, '', 0, 0, 0, 0, 0, '', 25, 0, 0),
(194, 110, 13, 0, 1, 0, 0, '', 0, 0, 0, 0, 0, '', 25, 0, 0),
(195, 111, 7, 0, 1, 0, 0, '', 0, 0, 0, 0, 0, '', 25, 0, 0),
(196, 111, 8, 0, 1, 0, 0, '', 0, 0, 0, 0, 0, '', 25, 0, 0),
(197, 112, 3, 0, 1, 0, 0, '', 0, 0, 0, 0, 0, '', 25, 0, 0),
(198, 112, 14, 0, 1, 0, 0, '', 0, 0, 0, 0, 0, '', 25, 0, 0),
(199, 113, 5, 0, 1, 0, 0, '', 0, 0, 0, 0, 0, '', 25, 0, 0),
(200, 113, 14, 0, 1, 0, 0, '', 0, 0, 0, 0, 0, '', 25, 0, 0),
(201, 114, 4, 0, 1, 0, 0, '', 0, 0, 0, 0, 0, '', 25, 0, 0),
(202, 114, 2, 0, 1, 0, 0, '', 0, 0, 0, 0, 0, '', 25, 0, 0),
(203, 115, 7, 0, 1, 0, 0, '', 0, 0, 0, 0, 0, '', 25, 0, 0),
(204, 115, 3, 0, 1, 0, 0, '', 0, 0, 0, 0, 0, '', 25, 0, 0),
(205, 116, 4, 0, 1, 0, 0, '', 0, 0, 0, 0, 0, '', 25, 0, 0),
(206, 116, 5, 0, 1, 0, 0, '', 0, 0, 0, 0, 0, '', 25, 0, 0),
(207, 117, 2, 0, 1, 0, 0, '', 0, 0, 0, 0, 0, '', 25, 0, 0),
(208, 117, 14, 0, 1, 0, 0, '', 0, 0, 0, 0, 0, '', 25, 0, 0),
(209, 118, 13, 0, 1, 0, 0, '', 0, 0, 0, 0, 0, '', 25, 0, 0),
(210, 118, 8, 0, 1, 0, 0, '', 0, 0, 0, 0, 0, '', 25, 0, 0),
(211, 119, 5, 0, 1, 0, 0, '', 0, 0, 0, 0, 0, '', 25, 0, 0),
(212, 119, 3, 0, 1, 0, 0, '', 0, 0, 0, 0, 0, '', 25, 0, 0),
(213, 120, 4, 0, 1, 0, 0, '', 0, 0, 0, 0, 0, '', 25, 0, 0),
(214, 120, 7, 0, 1, 0, 0, '', 0, 0, 0, 0, 0, '', 25, 0, 0),
(215, 121, 8, 0, 1, 0, 0, '', 0, 0, 0, 0, 0, '', 25, 0, 0),
(216, 121, 2, 0, 1, 0, 0, '', 0, 0, 0, 0, 0, '', 25, 0, 0),
(217, 122, 13, 0, 1, 0, 0, '', 0, 0, 0, 0, 0, '', 25, 0, 0),
(218, 122, 14, 0, 1, 0, 0, '', 0, 0, 0, 0, 0, '', 25, 0, 0),
(219, 123, 3, 0, 1, 0, 0, '', 0, 0, 0, 0, 0, '', 25, 0, 0),
(220, 123, 8, 0, 1, 0, 0, '', 0, 0, 0, 0, 0, '', 25, 0, 0),
(221, 124, 5, 0, 1, 0, 0, '', 0, 0, 0, 0, 0, '', 25, 0, 0),
(222, 124, 7, 0, 1, 0, 0, '', 0, 0, 0, 0, 0, '', 25, 0, 0),
(223, 125, 13, 0, 1, 0, 0, '', 0, 0, 0, 0, 0, '', 25, 0, 0),
(224, 125, 2, 0, 1, 0, 0, '', 0, 0, 0, 0, 0, '', 25, 0, 0),
(225, 126, 4, 0, 1, 0, 0, '', 0, 0, 0, 0, 0, '', 25, 0, 0),
(226, 126, 14, 0, 1, 0, 0, '', 0, 0, 0, 0, 0, '', 25, 0, 0),
(227, 127, 7, 0, 1, 0, 0, '', 0, 0, 0, 0, 0, '', 25, 0, 0),
(228, 127, 2, 0, 1, 0, 0, '', 0, 0, 0, 0, 0, '', 25, 0, 0),
(229, 128, 3, 0, 1, 0, 0, '', 0, 0, 0, 0, 0, '', 25, 0, 0),
(230, 128, 13, 0, 1, 0, 0, '', 0, 0, 0, 0, 0, '', 25, 0, 0),
(231, 129, 14, 0, 1, 0, 0, '', 0, 0, 0, 0, 0, '', 25, 0, 0),
(232, 129, 5, 0, 1, 0, 0, '', 0, 0, 0, 0, 0, '', 25, 0, 0),
(233, 130, 4, 0, 1, 0, 0, '', 0, 0, 0, 0, 0, '', 25, 0, 0),
(234, 130, 8, 0, 1, 0, 0, '', 0, 0, 0, 0, 0, '', 25, 0, 0),
(235, 131, 4, 0, 1, 0, 0, '', 0, 0, 0, 0, 0, '', 25, 0, 0),
(236, 131, 13, 0, 1, 0, 0, '', 0, 0, 0, 0, 0, '', 25, 0, 0),
(237, 133, 13, 0, 1, 0, 0, '', 0, 0, 0, 0, 0, '', 25, 0, 0),
(238, 133, 5, 0, 1, 0, 0, '', 0, 0, 0, 0, 0, '', 25, 0, 0),
(239, 132, 5, 0, 1, 0, 0, '', 0, 0, 0, 0, 0, '', 25, 0, 0),
(240, 132, 8, 0, 1, 0, 0, '', 0, 0, 0, 0, 0, '', 25, 0, 0),
(241, 133, 13, 0, 1, 0, 0, '', 0, 0, 0, 0, 0, '', 25, 0, 0),
(242, 133, 5, 0, 1, 0, 0, '', 0, 0, 0, 0, 0, '', 25, 0, 0),
(243, 134, 3, 0, 1, 0, 0, '', 0, 0, 0, 0, 0, '', 25, 0, 0),
(244, 134, 2, 0, 1, 0, 0, '', 0, 0, 0, 0, 0, '', 25, 0, 0),
(245, 135, 4, 0, 1, 0, 0, '', 0, 0, 0, 0, 0, '', 25, 0, 0),
(246, 135, 3, 0, 1, 0, 0, '', 0, 0, 0, 0, 0, '', 25, 0, 0),
(247, 136, 5, 0, 1, 0, 0, '', 0, 0, 0, 0, 0, '', 25, 0, 0),
(248, 136, 2, 0, 1, 0, 0, '', 0, 0, 0, 0, 0, '', 25, 0, 0),
(249, 137, 7, 0, 1, 0, 0, '', 0, 0, 0, 0, 0, '', 25, 0, 0),
(250, 137, 13, 0, 1, 0, 0, '', 0, 0, 0, 0, 0, '', 25, 0, 0),
(251, 138, 8, 0, 1, 0, 0, '', 0, 0, 0, 0, 0, '', 25, 0, 0),
(252, 138, 14, 0, 1, 0, 0, '', 0, 0, 0, 0, 0, '', 25, 0, 0),
(253, 143, 7, 0, 1, 0, 0, '', 0, 0, 0, 0, 0, '', 25, 0, 0),
(254, 143, 16, 0, 1, 0, 0, '', 0, 0, 0, 0, 0, '', 25, 0, 0),
(255, 144, 4, 0, 1, 0, 0, '', 0, 0, 0, 0, 0, '', 25, 0, 0),
(256, 144, 13, 0, 1, 0, 0, '', 0, 0, 0, 0, 0, '', 25, 0, 0),
(257, 146, 15, 0, 1, 0, 0, '', 0, 0, 0, 0, 0, '', 25, 0, 0),
(258, 146, 14, 0, 1, 0, 0, '', 0, 0, 0, 0, 0, '', 25, 0, 0),
(259, 145, 17, 0, 1, 0, 0, '', 0, 0, 0, 0, 0, '', 25, 0, 0),
(260, 145, 5, 0, 1, 0, 0, '', 0, 0, 0, 0, 0, '', 25, 0, 0),
(261, 148, 7, 0, 1, 0, 0, '', 0, 0, 0, 0, 0, '', 25, 0, 0),
(262, 148, 5, 0, 1, 0, 0, '', 0, 0, 0, 0, 0, '', 25, 0, 0),
(263, 147, 14, 0, 1, 0, 0, '', 0, 0, 0, 0, 0, '', 25, 0, 0),
(264, 147, 4, 0, 1, 0, 0, '', 0, 0, 0, 0, 0, '', 25, 0, 0),
(265, 149, 15, 0, 1, 0, 0, '', 0, 0, 0, 0, 0, '', 25, 0, 0),
(266, 149, 8, 0, 1, 0, 0, '', 0, 0, 0, 0, 0, '', 25, 0, 0),
(267, 150, 13, 0, 1, 0, 0, '', 0, 0, 0, 0, 0, '', 25, 0, 0),
(268, 150, 17, 0, 1, 0, 0, '', 0, 0, 0, 0, 0, '', 25, 0, 0),
(269, 151, 7, 0, 1, 0, 0, '', 0, 0, 0, 0, 0, '', 25, 0, 0),
(270, 151, 15, 0, 1, 0, 0, '', 0, 0, 0, 0, 0, '', 25, 0, 0),
(271, 152, 4, 0, 1, 0, 0, '', 0, 0, 0, 0, 0, '', 25, 0, 0),
(272, 152, 17, 0, 1, 0, 0, '', 0, 0, 0, 0, 0, '', 25, 0, 0),
(273, 153, 8, 0, 1, 0, 0, '', 0, 0, 0, 0, 0, '', 25, 0, 0),
(274, 153, 16, 0, 1, 0, 0, '', 0, 0, 0, 0, 0, '', 25, 0, 0),
(275, 154, 5, 0, 1, 0, 0, '', 0, 0, 0, 0, 0, '', 25, 0, 0),
(276, 154, 14, 0, 1, 0, 0, '', 0, 0, 0, 0, 0, '', 25, 0, 0),
(277, 155, 15, 0, 1, 0, 0, '', 0, 0, 0, 0, 0, '', 25, 0, 0),
(278, 155, 4, 0, 1, 0, 0, '', 0, 0, 0, 0, 0, '', 25, 0, 0),
(279, 156, 14, 0, 1, 0, 0, '', 0, 0, 0, 0, 0, '', 25, 0, 0),
(280, 156, 5, 0, 1, 0, 0, '', 0, 0, 0, 0, 0, '', 25, 0, 0),
(281, 158, 7, 0, 1, 0, 0, '', 0, 0, 0, 0, 0, '', 25, 0, 0),
(282, 158, 17, 0, 1, 0, 0, '', 0, 0, 0, 0, 0, '', 25, 0, 0),
(283, 157, 13, 0, 1, 0, 0, '', 0, 0, 0, 0, 0, '', 25, 0, 0),
(284, 157, 8, 0, 1, 0, 0, '', 0, 0, 0, 0, 0, '', 25, 0, 0),
(285, 159, 17, 0, 1, 0, 0, '', 0, 0, 0, 0, 0, '', 25, 0, 0),
(286, 159, 16, 0, 1, 0, 0, '', 0, 0, 0, 0, 0, '', 25, 0, 0),
(287, 160, 4, 0, 1, 0, 0, '', 0, 0, 0, 0, 0, '', 25, 0, 0),
(288, 160, 5, 0, 1, 0, 0, '', 0, 0, 0, 0, 0, '', 25, 0, 0),
(289, 161, 7, 0, 1, 0, 0, '', 0, 0, 0, 0, 0, '', 25, 0, 0),
(290, 161, 13, 0, 1, 0, 0, '', 0, 0, 0, 0, 0, '', 25, 0, 0),
(291, 162, 8, 0, 1, 0, 0, '', 0, 0, 0, 0, 0, '', 25, 0, 0),
(292, 162, 15, 0, 1, 0, 0, '', 0, 0, 0, 0, 0, '', 25, 0, 0),
(293, 162, 8, 0, 1, 0, 0, '', 0, 0, 0, 0, 0, '', 25, 0, 0),
(294, 162, 15, 0, 1, 0, 0, '', 0, 0, 0, 0, 0, '', 25, 0, 0),
(295, 164, 15, 0, 1, 0, 0, '', 0, 0, 0, 0, 0, '', 25, 0, 0),
(296, 164, 17, 0, 1, 0, 0, '', 0, 0, 0, 0, 0, '', 25, 0, 0),
(297, 163, 13, 0, 1, 0, 0, '', 0, 0, 0, 0, 0, '', 25, 0, 0),
(298, 163, 14, 0, 1, 0, 0, '', 0, 0, 0, 0, 0, '', 25, 0, 0),
(299, 165, 8, 0, 1, 0, 0, '', 0, 0, 0, 0, 0, '', 25, 0, 0),
(300, 165, 7, 0, 1, 0, 0, '', 0, 0, 0, 0, 0, '', 25, 0, 0),
(301, 166, 16, 0, 1, 0, 0, '', 0, 0, 0, 0, 0, '', 25, 0, 0),
(302, 166, 4, 0, 1, 0, 0, '', 0, 0, 0, 0, 0, '', 25, 0, 0),
(303, 167, 5, 0, 1, 0, 0, '', 0, 0, 0, 0, 0, '', 25, 0, 0),
(304, 167, 8, 0, 1, 0, 0, '', 0, 0, 0, 0, 0, '', 25, 0, 0),
(305, 168, 4, 0, 1, 0, 0, '', 0, 0, 0, 0, 0, '', 25, 0, 0),
(306, 168, 7, 0, 1, 0, 0, '', 0, 0, 0, 0, 0, '', 25, 0, 0),
(307, 170, 13, 0, 1, 0, 0, '', 0, 0, 0, 0, 0, '', 25, 0, 0),
(308, 170, 15, 0, 1, 0, 0, '', 0, 0, 0, 0, 0, '', 25, 0, 0),
(309, 169, 14, 0, 1, 0, 0, '', 0, 0, 0, 0, 0, '', 25, 0, 0),
(310, 169, 16, 0, 1, 0, 0, '', 0, 0, 0, 0, 0, '', 25, 0, 0),
(311, 172, 8, 0, 1, 0, 0, '', 0, 0, 0, 0, 0, '', 25, 0, 0),
(312, 172, 14, 0, 1, 0, 0, '', 0, 0, 0, 0, 0, '', 25, 0, 0),
(313, 171, 17, 0, 1, 0, 0, '', 0, 0, 0, 0, 0, '', 25, 0, 0),
(314, 171, 7, 0, 1, 0, 0, '', 0, 0, 0, 0, 0, '', 25, 0, 0),
(315, 173, 5, 0, 1, 0, 0, '', 0, 0, 0, 0, 0, '', 25, 0, 0),
(316, 173, 13, 0, 1, 0, 0, '', 0, 0, 0, 0, 0, '', 25, 0, 0),
(317, 174, 15, 0, 1, 0, 0, '', 0, 0, 0, 0, 0, '', 25, 0, 0),
(318, 174, 16, 0, 1, 0, 0, '', 0, 0, 0, 0, 0, '', 25, 0, 0),
(319, 176, 5, 0, 1, 0, 0, '', 0, 0, 0, 0, 0, '', 25, 0, 0),
(320, 176, 15, 0, 1, 0, 0, '', 0, 0, 0, 0, 0, '', 25, 0, 0),
(321, 175, 7, 0, 1, 0, 0, '', 0, 0, 0, 0, 0, '', 25, 0, 0),
(322, 175, 14, 0, 1, 0, 0, '', 0, 0, 0, 0, 0, '', 25, 0, 0),
(323, 178, 16, 0, 1, 0, 0, '', 0, 0, 0, 0, 0, '', 25, 0, 0),
(324, 178, 13, 0, 1, 0, 0, '', 0, 0, 0, 0, 0, '', 25, 0, 0),
(325, 177, 17, 0, 1, 0, 0, '', 0, 0, 0, 0, 0, '', 25, 0, 0),
(326, 177, 8, 0, 1, 0, 0, '', 0, 0, 0, 0, 0, '', 25, 0, 0),
(327, 179, 4, 0, 1, 0, 0, '', 0, 0, 0, 0, 0, '', 25, 0, 0),
(328, 179, 15, 0, 1, 0, 0, '', 0, 0, 0, 0, 0, '', 25, 0, 0),
(329, 180, 16, 0, 1, 0, 0, '', 0, 0, 0, 0, 0, '', 25, 0, 0),
(330, 180, 8, 0, 1, 0, 0, '', 0, 0, 0, 0, 0, '', 25, 0, 0),
(331, 181, 14, 0, 1, 0, 0, '', 0, 0, 0, 0, 0, '', 25, 0, 0),
(332, 181, 17, 0, 1, 0, 0, '', 0, 0, 0, 0, 0, '', 25, 0, 0),
(333, 182, 5, 0, 1, 0, 0, '', 0, 0, 0, 0, 0, '', 25, 0, 0),
(334, 182, 7, 0, 1, 0, 0, '', 0, 0, 0, 0, 0, '', 25, 0, 0),
(335, 184, 16, 0, 1, 0, 0, '', 0, 0, 0, 0, 0, '', 25, 0, 0),
(336, 184, 14, 0, 1, 0, 0, '', 0, 0, 0, 0, 0, '', 25, 0, 0),
(337, 183, 13, 0, 1, 0, 0, '', 0, 0, 0, 0, 0, '', 25, 0, 0),
(338, 183, 4, 0, 1, 0, 0, '', 0, 0, 0, 0, 0, '', 25, 0, 0),
(339, 185, 8, 0, 1, 0, 0, '', 0, 0, 0, 0, 0, '', 25, 0, 0),
(340, 185, 5, 0, 1, 0, 0, '', 0, 0, 0, 0, 0, '', 25, 0, 0),
(341, 186, 17, 0, 1, 0, 0, '', 0, 0, 0, 0, 0, '', 25, 0, 0),
(342, 186, 15, 0, 1, 0, 0, '', 0, 0, 0, 0, 0, '', 25, 0, 0),
(343, 188, 4, 0, 1, 0, 0, '', 0, 0, 0, 0, 0, '', 25, 0, 0),
(344, 188, 14, 0, 1, 0, 0, '', 0, 0, 0, 0, 0, '', 25, 0, 0),
(345, 187, 16, 0, 1, 0, 0, '', 0, 0, 0, 0, 0, '', 25, 0, 0),
(346, 187, 17, 0, 1, 0, 0, '', 0, 0, 0, 0, 0, '', 25, 0, 0),
(347, 189, 15, 0, 1, 0, 0, '', 0, 0, 0, 0, 0, '', 25, 0, 0),
(348, 189, 7, 0, 1, 0, 0, '', 0, 0, 0, 0, 0, '', 25, 0, 0),
(349, 190, 13, 0, 1, 0, 0, '', 0, 0, 0, 0, 0, '', 25, 0, 0),
(350, 190, 5, 0, 1, 0, 0, '', 0, 0, 0, 0, 0, '', 25, 0, 0),
(351, 191, 5, 0, 1, 0, 0, '', 0, 0, 0, 0, 0, '', 25, 0, 0),
(352, 191, 16, 0, 1, 0, 0, '', 0, 0, 0, 0, 0, '', 25, 0, 0),
(353, 192, 13, 0, 1, 0, 0, '', 0, 0, 0, 0, 0, '', 25, 0, 0),
(354, 192, 7, 0, 1, 0, 0, '', 0, 0, 0, 0, 0, '', 25, 0, 0),
(355, 193, 17, 0, 1, 0, 0, '', 0, 0, 0, 0, 0, '', 25, 0, 0),
(356, 193, 14, 0, 1, 0, 0, '', 0, 0, 0, 0, 0, '', 25, 0, 0),
(357, 194, 8, 0, 1, 0, 0, '', 0, 0, 0, 0, 0, '', 25, 0, 0),
(358, 194, 4, 0, 1, 0, 0, '', 0, 0, 0, 0, 0, '', 25, 0, 0),
(359, 196, 8, 0, 1, 0, 0, '', 0, 0, 0, 0, 0, '', 25, 0, 0),
(360, 196, 17, 0, 1, 0, 0, '', 0, 0, 0, 0, 0, '', 25, 0, 0),
(361, 195, 14, 0, 1, 0, 0, '', 0, 0, 0, 0, 0, '', 25, 0, 0),
(362, 195, 15, 0, 1, 0, 0, '', 0, 0, 0, 0, 0, '', 25, 0, 0),
(363, 197, 13, 0, 1, 0, 0, '', 0, 0, 0, 0, 0, '', 25, 0, 0),
(364, 197, 16, 0, 1, 0, 0, '', 0, 0, 0, 0, 0, '', 25, 0, 0),
(365, 198, 5, 0, 1, 0, 0, '', 0, 0, 0, 0, 0, '', 25, 0, 0),
(366, 198, 4, 0, 1, 0, 0, '', 0, 0, 0, 0, 0, '', 25, 0, 0),
(367, 200, 14, 0, 1, 0, 0, '', 0, 0, 0, 0, 0, '', 25, 0, 0),
(368, 200, 13, 0, 1, 0, 0, '', 0, 0, 0, 0, 0, '', 25, 0, 0),
(369, 199, 4, 0, 1, 0, 0, '', 0, 0, 0, 0, 0, '', 25, 0, 0),
(370, 199, 16, 0, 1, 0, 0, '', 0, 0, 0, 0, 0, '', 25, 0, 0),
(371, 202, 7, 0, 1, 0, 0, '', 0, 0, 0, 0, 0, '', 25, 0, 0),
(372, 202, 8, 0, 1, 0, 0, '', 0, 0, 0, 0, 0, '', 25, 0, 0),
(373, 201, 15, 0, 1, 0, 0, '', 0, 0, 0, 0, 0, '', 25, 0, 0),
(374, 201, 5, 0, 1, 0, 0, '', 0, 0, 0, 0, 0, '', 25, 0, 0),
(375, 204, 14, 0, 1, 0, 0, '', 0, 0, 0, 0, 0, '', 25, 0, 0),
(376, 204, 7, 0, 1, 0, 0, '', 0, 0, 0, 0, 0, '', 25, 0, 0),
(377, 203, 8, 0, 1, 0, 0, '', 0, 0, 0, 0, 0, '', 25, 0, 0),
(378, 203, 13, 0, 1, 0, 0, '', 0, 0, 0, 0, 0, '', 25, 0, 0),
(379, 205, 17, 0, 1, 0, 0, '', 0, 0, 0, 0, 0, '', 25, 0, 0),
(380, 205, 4, 0, 1, 0, 0, '', 0, 0, 0, 0, 0, '', 25, 0, 0),
(381, 206, 16, 0, 1, 0, 0, '', 0, 0, 0, 0, 0, '', 25, 0, 0),
(382, 206, 5, 0, 1, 0, 0, '', 0, 0, 0, 0, 0, '', 25, 0, 0),
(383, 208, 15, 0, 1, 0, 0, '', 0, 0, 0, 0, 0, '', 25, 0, 0),
(384, 208, 13, 0, 1, 0, 0, '', 0, 0, 0, 0, 0, '', 25, 0, 0),
(385, 207, 5, 0, 1, 0, 0, '', 0, 0, 0, 0, 0, '', 25, 0, 0),
(386, 207, 17, 0, 1, 0, 0, '', 0, 0, 0, 0, 0, '', 25, 0, 0),
(387, 210, 16, 0, 1, 0, 0, '', 0, 0, 0, 0, 0, '', 25, 0, 0),
(388, 210, 7, 0, 1, 0, 0, '', 0, 0, 0, 0, 0, '', 25, 0, 0),
(389, 209, 4, 0, 1, 0, 0, '', 0, 0, 0, 0, 0, '', 25, 0, 0),
(390, 209, 8, 0, 1, 0, 0, '', 0, 0, 0, 0, 0, '', 25, 0, 0),
(391, 211, 16, 0, 1, 0, 0, '', 0, 0, 0, 0, 0, '', 25, 0, 0),
(392, 211, 15, 0, 1, 0, 0, '', 0, 0, 0, 0, 0, '', 25, 0, 0),
(393, 212, 14, 0, 1, 0, 0, '', 0, 0, 0, 0, 0, '', 25, 0, 0),
(394, 212, 8, 0, 1, 0, 0, '', 0, 0, 0, 0, 0, '', 25, 0, 0),
(395, 213, 7, 0, 1, 0, 0, '', 0, 0, 0, 0, 0, '', 25, 0, 0),
(396, 213, 4, 0, 1, 0, 0, '', 0, 0, 0, 0, 0, '', 25, 0, 0),
(397, 214, 17, 0, 1, 0, 0, '', 0, 0, 0, 0, 0, '', 25, 0, 0),
(398, 214, 13, 0, 1, 0, 0, '', 0, 0, 0, 0, 0, '', 25, 0, 0),
(399, 215, 5, 0, 1, 0, 0, '', 0, 0, 0, 0, 0, '', 25, 0, 0),
(400, 215, 8, 0, 1, 0, 0, '', 0, 0, 0, 0, 0, '', 25, 0, 0),
(401, 216, 17, 0, 1, 0, 0, '', 0, 0, 0, 0, 0, '', 25, 0, 0),
(402, 216, 14, 0, 1, 0, 0, '', 0, 0, 0, 0, 0, '', 25, 0, 0);

-- --------------------------------------------------------

--
-- Table structure for table `match_type`
--

CREATE TABLE `match_type` (
  `match_type_id` int(10) NOT NULL,
  `match_type_title` varchar(45) NOT NULL
) ENGINE=InnoDB DEFAULT CHARSET=latin1;

--
-- Dumping data for table `match_type`
--

INSERT INTO `match_type` (`match_type_id`, `match_type_title`) VALUES
(1, 'T 25');

-- --------------------------------------------------------

--
-- Table structure for table `pictures`
--

CREATE TABLE `pictures` (
  `picture_id` int(10) NOT NULL,
  `picture_title` varchar(100) NOT NULL,
  `picture_description` text NOT NULL,
  `picture_type` varchar(100) NOT NULL,
  `picture_type_id` int(11) NOT NULL,
  `createdOn` datetime NOT NULL,
  `updatedOn` datetime NOT NULL,
  `pic_path` varchar(200) NOT NULL
) ENGINE=InnoDB DEFAULT CHARSET=latin1;

--
-- Dumping data for table `pictures`
--

INSERT INTO `pictures` (`picture_id`, `picture_title`, `picture_description`, `picture_type`, `picture_type_id`, `createdOn`, `updatedOn`, `pic_path`) VALUES
(55, 'TCCC', '', 'tournament', 2, '2016-06-02 09:57:07', '2016-06-02 09:57:07', 'images/pictures/tournament/file_243_cdv_photo_002.jpg'),
(56, 'TCCC', '', 'tournament', 2, '2016-06-02 10:13:21', '2016-06-02 10:13:21', 'images/pictures/tournament/file_071_cdv_photo_001.jpg'),
(59, 'TCCC', '', 'tournament', 2, '2016-06-02 12:16:36', '2016-06-02 12:16:36', 'images/pictures/tournament/file_480_cdv_photo_001.jpg'),
(60, 'TCCC', '', 'tournament', 1, '2016-06-02 13:11:05', '2016-06-02 13:11:05', 'images/pictures/tournament/file_857_cdv_photo_001.jpg'),
(61, 'TCCC', '', 'tournament', 1, '2016-06-02 13:12:25', '2016-06-02 13:12:25', 'images/pictures/tournament/file_918_cdv_photo_002.jpg'),
(62, 'TCCC', '', 'tournament', 1, '2016-06-02 13:14:01', '2016-06-02 13:14:01', 'images/pictures/tournament/file_246_cdv_photo_003.jpg'),
(63, 'TCCC', '', 'tournament', 1, '2016-06-02 13:14:45', '2016-06-02 13:14:45', 'images/pictures/tournament/file_259_cdv_photo_004.jpg'),
(64, 'TCCC', '', 'team', 1, '2016-06-02 13:15:27', '2016-06-02 13:15:27', 'images/pictures/team/file_351_cdv_photo_005.jpg'),
(65, 'TCCC', '', 'tournament', 1, '2016-06-02 13:20:32', '2016-06-02 13:20:32', 'images/pictures/tournament/file_701_cdv_photo_001.jpg'),
(66, 'TCCC', '', 'tournament', 1, '2016-06-02 13:41:28', '2016-06-02 13:41:28', 'images/pictures/tournament/file_692_cdv_photo_002.jpg'),
(67, 'TCCC', '', 'team', 2, '2016-06-02 15:33:01', '2016-06-02 15:33:01', 'images/pictures/team/file_016_cdv_photo_030.jpg'),
(68, 'TCCC', '', 'team', 2, '2016-06-02 15:36:10', '2016-06-02 15:36:10', 'images/pictures/team/file_136_cdv_photo_031.jpg'),
(69, 'TCCC', '', 'team', 3, '2016-06-02 16:17:04', '2016-06-02 16:17:04', 'images/pictures/team/file_503_cdv_photo_028.jpg'),
(70, 'TCCC', '', 'team', 3, '2016-06-02 16:17:43', '2016-06-02 16:17:43', 'images/pictures/team/file_068_cdv_photo_029.jpg'),
(71, 'TCCC', '', 'team', 6, '2016-06-02 19:08:12', '2016-06-02 19:08:12', 'images/pictures/team/file_021_cdv_photo_062.jpg'),
(72, 'TCCC', '', 'team', 6, '2016-06-02 19:08:46', '2016-06-02 19:08:46', 'images/pictures/team/file_436_cdv_photo_063.jpg'),
(73, 'TCCC', '', 'team', 6, '2016-06-02 19:09:34', '2016-06-02 19:09:34', 'images/pictures/team/file_039_cdv_photo_064.jpg'),
(74, 'TCCC', '', 'team', 8, '2016-06-03 08:23:10', '2016-06-03 08:23:10', 'images/pictures/team/file_937_cdv_photo_049.jpg'),
(75, 'TCCC', '', 'team', 8, '2016-06-03 08:23:42', '2016-06-03 08:23:42', 'images/pictures/team/file_129_cdv_photo_050.jpg'),
(76, 'TCCC', '', 'team', 8, '2016-06-03 08:24:21', '2016-06-03 08:24:21', 'images/pictures/team/file_617_cdv_photo_051.jpg'),
(79, 'TCCC', '', 'team', 1, '2016-06-21 07:25:27', '2016-06-21 07:25:27', 'images/pictures/team/file_563_cdv_photo_002.jpg'),
(80, 'TCCC', '', 'team', 1, '2016-06-21 07:25:44', '2016-06-21 07:25:44', 'images/pictures/team/file_036_cdv_photo_003.jpg'),
(82, 'TCCC', '', 'tournament', 1, '2017-07-14 10:59:38', '2017-07-14 10:59:38', 'images/pictures/tournament/file_753_cdv_photo_005.jpg');

-- --------------------------------------------------------

--
-- Table structure for table `player`
--

CREATE TABLE `player` (
  `player_id` int(10) NOT NULL,
  `bowl_style_id` int(10) NOT NULL,
  `bat_style_id` int(10) NOT NULL,
  `player_name` varchar(255) NOT NULL,
  `player_logo` varchar(255) NOT NULL,
  `player_status` int(10) NOT NULL DEFAULT '2',
  `player_search_name` varchar(100) NOT NULL,
  `player_country_id` int(10) NOT NULL,
  `player_cat` int(2) NOT NULL,
  `playing_role` int(10) NOT NULL,
  `description` text NOT NULL,
  `dob` varchar(100) NOT NULL,
  `phonenumber` varchar(100) NOT NULL
) ENGINE=InnoDB DEFAULT CHARSET=latin1;

--
-- Dumping data for table `player`
--

INSERT INTO `player` (`player_id`, `bowl_style_id`, `bat_style_id`, `player_name`, `player_logo`, `player_status`, `player_search_name`, `player_country_id`, `player_cat`, `playing_role`, `description`, `dob`, `phonenumber`) VALUES
(1, 16, 12, 'Riaz Raihan', 'images/player/file_018_cdv_photo_014.jpg', 2, 'Riaz Raihan', 38, 1, 3, 'He is the best captain', '', ''),
(2, 12, 12, 'Elvis Vincent', 'images/player/file_485_cdv_photo_017.jpg', 2, 'Elvis Vincent', 38, 1, 3, 'President for the board', '', ''),
(3, 12, 12, 'Atul Gera', 'images/player/file_217_cdv_photo_003.jpg', 2, 'Atul Gera', 38, 1, 3, 'All rounder', '', ''),
(4, 12, 12, 'Siva Vakalapudi', 'images/player/file_356_cdv_photo_020.jpg', 2, 'Siva Vakalapudi', 99, 1, 3, 'Passion for cricket', '', ''),
(5, 12, 12, 'Rajiv Sharma', 'images/player/file_096_cdv_photo_021.jpg', 2, 'Rajiv Sharma', 38, 1, 3, 'Passion for cricket', '', ''),
(6, 13, 12, 'Manmit Singh', 'images/player/file_670_cdv_photo_022.jpg', 2, 'Manmit Singh', 38, 1, 3, 'Passion for cricket', '', ''),
(7, 14, 12, 'Venky Lalapet', 'images/player/file_402_cdv_photo_023.jpg', 2, 'Venky Lalapet', 38, 1, 4, 'Passion for cricket', '', ''),
(8, 11, 12, 'Darshan Vinnakota', 'images/player/file_529_cdv_photo_024.jpg', 2, 'Darshan Vinnakota', 38, 1, 3, 'Passion for cricket', '', ''),
(9, 12, 12, 'Manik Vinnakota', 'images/player/file_349_cdv_photo_025.jpg', 2, 'Manik Vinnakota', 38, 1, 3, 'Passion for cricketing...', '', ''),
(12, 15, 12, 'Pameet Kohli', 'images/player/file_184_cdv_photo_002.jpg', 2, 'Pameet Kohli', 38, 1, 3, 'Passion for cricket...', '', ''),
(13, 11, 12, 'Mudit Rawat', 'images/player/file_905_cdv_photo_003.jpg', 2, 'Mudit Rawat', 38, 1, 3, 'Passion for cricket.', '', ''),
(14, 11, 12, 'Rahul Shah', 'images/player/file_913_cdv_photo_004.jpg', 2, 'Rahul Shah', 38, 1, 3, 'Passion for cricket', '', ''),
(19, 11, 12, 'Akshay Reddy', 'images/player/file_473_cdv_photo_004.jpg', 2, 'Akshay Reddy', 38, 1, 3, '', '', ''),
(20, 11, 12, 'Amaan Raza', 'images/player/file_920_cdv_photo_005.jpg', 2, 'Amaan Raza', 38, 1, 3, 'Fine player', '', ''),
(26, 11, 12, 'Aneesh Reddy', 'images/player/file_054_cdv_photo_001.jpg', 2, 'Aneesh Reddy', 38, 1, 3, '', '', ''),
(29, 11, 12, 'Dipesh Dar', 'images/player/file_685_cdv_photo_004.jpg', 2, 'Dipesh Dar', 38, 1, 3, '', '', ''),
(30, 11, 12, 'Aditya Dhar', 'images/player/file_038_cdv_photo_001.jpg', 2, 'Aditya Dhar', 38, 1, 3, '', '', ''),
(31, 16, 12, 'Anand Erramilli', 'images/player/file_438_cdv_photo_002.jpg', 2, 'Anand Erramilli', 38, 1, 3, '', '', ''),
(32, 16, 12, 'Kumar Erramilli', 'images/player/file_956_cdv_photo_005.jpg', 2, 'Kumar Erramilli', 38, 1, 3, '', '', ''),
(33, 12, 12, 'Shalin Sinha', 'images/player/file_923_cdv_photo_005.jpg', 2, 'Shalin Sinha', 38, 1, 3, '', '', ''),
(34, 12, 12, 'Mehul Roy', 'images/player/file_267_cdv_photo_005.jpg', 2, 'Mehul Roy', 38, 1, 3, '', '', ''),
(35, 0, 12, 'Yug Rao', 'images/player/file_750_cdv_photo_010.jpg', 2, 'Yug Rao', 38, 1, 4, '', '', ''),
(36, 12, 12, 'Sarabjot Singh', 'images/player/file_583_cdv_photo_007.jpg', 2, 'Sarabjot Singh', 38, 1, 3, '', '', ''),
(37, 12, 12, 'Taresh Beri', 'images/player/file_258_cdv_photo_007.jpg', 2, 'Taresh Beri', 38, 1, 3, 'Player', '', ''),
(38, 12, 12, 'Christopher Madan', 'images/player/file_308_cdv_photo_009.jpg', 2, 'Christopher Madan', 38, 1, 3, '', '', ''),
(39, 16, 12, 'Gagandeep Thappar', 'images/player/file_258_cdv_photo_001.jpg', 2, 'Gagandeep Thappar', 38, 1, 3, '', '', ''),
(40, 0, 12, 'Sudhan Goverdhan', 'images/player/file_694_cdv_photo_001.jpg', 2, 'Sudhan Goverdhan', 38, 1, 4, '', '', ''),
(41, 12, 12, 'Harmanjot Dhindsa', 'images/player/file_203_cdv_photo_004.jpg', 2, 'Harmanjot Dhindsa', 38, 1, 3, '', '', ''),
(42, 12, 12, 'Jasmeet Sandhu', 'images/player/file_641_cdv_photo_002.jpg', 2, 'Kesavan Juvarajan', 38, 1, 3, '', '1987-02-20', ''),
(43, 11, 0, 'Dhananjay Singh Chauhan', 'images/player/file_216_cdv_photo_001.jpg', 2, 'Maxwell Xaviour', 38, 1, 2, '', '1984-08-02', ''),
(49, 15, 12, 'Roshan Lall', 'images/player/file_975_cdv_photo_001.jpg', 2, 'Roshan Lall', 38, 1, 2, '', '', ''),
(50, 12, 12, 'Rajesh Bains', 'images/player/file_829_cdv_photo_002.jpg', 2, 'Rajesh Bains', 38, 1, 3, '', '', ''),
(51, 12, 12, 'Kalpesh Patel', 'images/player/file_197_cdv_photo_003.jpg', 2, 'Kalpesh Patel', 38, 1, 3, '', '', ''),
(52, 11, 12, 'Satinder Sharma', 'images/player/file_890_cdv_photo_004.jpg', 2, 'Satinder Sharma', 38, 1, 3, '', '', ''),
(53, 13, 12, 'Baljinder Habib', 'images/player/file_260_cdv_photo_005.jpg', 2, 'Baljinder Habib', 38, 1, 3, '', '', ''),
(54, 12, 12, 'Neraav Shukla', 'images/player/file_716_cdv_photo_006.jpg', 2, 'Neral Shukla', 38, 1, 3, '', '', ''),
(55, 12, 12, 'Sanjay Patel', 'images/player/file_617_cdv_photo_007.jpg', 2, 'Sanjay Patel', 38, 1, 3, '', '', ''),
(56, 11, 12, 'Vimal Patel', 'images/player/file_674_cdv_photo_008.jpg', 2, 'Vimal Patel', 38, 1, 3, '', '', ''),
(57, 12, 12, 'Vikas Kukreja', 'images/player/file_794_cdv_photo_009.jpg', 2, 'Vikas Kukreja', 38, 1, 3, '', '', ''),
(58, 12, 12, 'Aditya Sharma', 'images/player/file_165_cdv_photo_010.jpg', 2, 'Aditya Sharma', 38, 1, 3, '', '', ''),
(59, 12, 12, 'Vishwajeet Puri', 'images/player/file_815_cdv_photo_011.jpg', 2, 'Vishwajeet Puri', 38, 1, 3, '', '', ''),
(60, 12, 12, 'Da-Ree Roberts', 'images/player/file_718_cdv_photo_012.jpg', 2, 'Da-Ree Roberts', 38, 1, 3, '', '', ''),
(61, 14, 12, 'Sunil Sidhu', 'images/player/file_674_cdv_photo_013.jpg', 2, 'Sunil Sidhu', 38, 0, 3, '', '', ''),
(62, 12, 12, 'Ramandeep Kalkat', 'images/player/file_256_cdv_photo_014.jpg', 2, 'Ramandeep Kalkat', 38, 1, 3, '', '', ''),
(63, 12, 12, 'Balaji Gopalan', 'images/player/file_275_cdv_photo_015.jpg', 2, 'Balaji Gopalan', 38, 1, 3, '', '', ''),
(64, 12, 12, 'Gurpreet Singh - I', 'images/player/file_697_cdv_photo_001.jpg', 2, 'Gurpreet Singh', 38, 1, 4, '', '', ''),
(65, 12, 12, 'Ashesh Patel', 'images/player/file_752_cdv_photo_017.jpg', 2, 'Ashesh Patel', 38, 1, 3, '', '', ''),
(66, 12, 12, 'Rajwinder Sandhi', 'images/player/file_481_cdv_photo_018.jpg', 2, 'Rajwinder Sandhi', 38, 1, 3, '', '', ''),
(67, 12, 12, 'Zaeem Baig', 'images/player/file_762_cdv_photo_019.jpg', 2, 'Zaeem Baig', 38, 1, 3, '', '', ''),
(68, 12, 12, 'Venkateswara Raju', 'images/player/file_817_cdv_photo_020.jpg', 2, 'Venkateswara Raju', 38, 1, 3, '', '', ''),
(69, 12, 12, 'Sabes Rasanayagam', 'images/player/file_518_cdv_photo_021.jpg', 2, 'Sabes Rasanayagam', 38, 1, 3, '', '', ''),
(70, 16, 12, 'Sahil Nibber', 'images/player/file_087_cdv_photo_022.jpg', 2, 'Sahil Nibber', 38, 1, 3, '', '', ''),
(71, 0, 12, 'Gagandeep Singh', 'images/player/file_016_cdv_photo_023.jpg', 2, 'Gagandeep Singh', 38, 1, 1, '', '', ''),
(72, 0, 12, 'Deepak Singh', 'images/player/file_782_cdv_photo_024.jpg', 2, 'Deepak Singh', 38, 1, 1, '', '', ''),
(73, 12, 12, 'Ahmed Bhaktiar', 'images/player/file_950_cdv_photo_025.jpg', 2, 'Ahmed Bhaktiar', 38, 1, 3, '', '', ''),
(74, 12, 12, 'Salman Arsad', 'images/player/file_274_cdv_photo_026.jpg', 2, 'Salman Arsad', 38, 1, 3, '', '', ''),
(75, 13, 12, 'Taha Hamid', 'images/player/file_721_cdv_photo_027.jpg', 2, 'Taha Hamid', 38, 1, 3, '', '', ''),
(76, 13, 12, 'Parteek', 'images/player/file_170_cdv_photo_001.jpg', 2, 'Shami Manchanda', 38, 1, 3, '', '', ''),
(77, 13, 12, 'Manav Arora', 'images/player/file_835_cdv_photo_029.jpg', 2, 'Manav Arora', 38, 1, 3, '', '', ''),
(78, 0, 0, 'Muhammad H. Khan', 'images/player/file_517_cdv_photo_002.jpg', 2, 'Muhammad H. Khan', 38, 1, 3, '', '', ''),
(79, 0, 0, 'Amrinder S.Deol', 'images/player/file_017_cdv_photo_001.jpg', 2, 'Amrinder S.Deol', 38, 1, 1, '', '', ''),
(80, 0, 0, 'Arash Sudhir', 'images/player/file_475_cdv_photo_017.jpg', 2, 'Arash Sudhir', 38, 1, 1, '', '', ''),
(81, 0, 0, 'Charanjit S. Ghosal', 'images/player/file_543_cdv_photo_004.jpg', 2, 'Charanjit S. Ghosal', 38, 1, 1, '', '', ''),
(82, 0, 0, 'Dheeraj Dhingra', 'images/player/file_269_cdv_photo_005.jpg', 2, 'Dheeraj Dhingra', 38, 1, 1, '', '', ''),
(83, 0, 0, 'Garish Kalia', 'images/player/file_685_cdv_photo_006.jpg', 2, 'Garish Kalia', 38, 1, 1, '', '', ''),
(84, 0, 0, 'Gurpratap Singh', 'images/player/file_734_cdv_photo_006.jpg', 2, 'Gurpratap Singh', 38, 1, 1, '', '', ''),
(85, 0, 0, 'Harpreet Dhillon', 'images/player/file_456_cdv_photo_007.jpg', 2, 'Harpreet Dhillon', 38, 1, 1, '', '', ''),
(86, 0, 0, 'Harsh Sudhir', 'images/player/file_342_cdv_photo_009.jpg', 2, 'Harsh Sudhir', 38, 1, 1, '', '', ''),
(87, 0, 0, 'Jatinder S. Braich', 'images/player/file_512_cdv_photo_010.jpg', 2, 'Jatinder S. Braich', 38, 1, 1, '', '', ''),
(88, 0, 0, 'Kamal P S Sangha', 'images/player/file_592_cdv_photo_010.jpg', 2, 'Kamal P S Sangha', 38, 1, 1, '', '', ''),
(89, 0, 0, 'Kapil Sharma', 'images/player/file_609_cdv_photo_012.jpg', 2, 'Kapil Sharma', 38, 1, 3, '', '', ''),
(90, 0, 0, 'Manjinder S. Bhatti', 'images/player/file_837_cdv_photo_006.jpg', 2, 'Manjinder S. Bhatti', 38, 1, 4, '', '', ''),
(91, 0, 0, 'Manpreet Wraich', 'images/player/file_143_cdv_photo_014.jpg', 2, 'Manpreet Wraich', 38, 1, 1, '', '', ''),
(92, 0, 0, 'Mohammad Sharique', 'images/player/file_580_cdv_photo_004.jpg', 2, 'Mohammad Sharique', 38, 1, 1, '', '', ''),
(93, 0, 0, 'Pritpal Singh', 'images/player/file_573_cdv_photo_003.jpg', 2, 'Pritpal Singh', 38, 1, 4, '', '', ''),
(94, 0, 0, 'Rajbir Singh', 'images/player/file_128_cdv_photo_017.jpg', 2, 'Rajbir Singh', 38, 1, 1, '', '', ''),
(95, 0, 0, 'Rajwinder Khokhar', 'images/player/file_324_cdv_photo_018.jpg', 2, 'Rajwinder Khokhar', 38, 1, 1, '', '', ''),
(96, 0, 0, 'Ranjit Rana', 'images/player/file_104_cdv_photo_019.jpg', 2, 'Ranjit Rana', 38, 1, 1, '', '', ''),
(97, 0, 0, 'Rashid Admad', 'images/player/file_053_cdv_photo_020.jpg', 2, 'Rashid Admad', 38, 1, 1, '', '', ''),
(98, 0, 0, 'Rick Hilton', 'images/player/file_510_cdv_photo_021.jpg', 2, 'Rick Hilton', 38, 1, 1, '', '', ''),
(99, 0, 0, 'Vikas Kumar', 'images/player/file_568_cdv_photo_011.jpg', 2, 'Vikas Kumar', 38, 1, 1, '', '', ''),
(100, 0, 0, 'Anhum Shafiq', 'images/player/file_714_cdv_photo_014.jpg', 2, 'Anhum Shafiq', 38, 1, 1, '', '', ''),
(101, 0, 0, 'Gurdip Bariana', 'images/player/file_986_cdv_photo_024.jpg', 2, 'Gurdip Bariana', 38, 1, 1, '', '', ''),
(102, 0, 0, 'Ranjit Deo', 'images/player/file_521_cdv_photo_025.jpg', 2, 'Ranjit Deo', 38, 1, 1, '', '', ''),
(103, 0, 0, 'Manish Tomar', 'images/player/file_970_cdv_photo_026.jpg', 2, 'Manish Tomar', 38, 1, 1, '', '', ''),
(104, 0, 0, 'Stalanjeet Grewal', 'images/player/file_158_cdv_photo_016.jpg', 2, 'Stalanjeet Grewal', 38, 1, 1, '', '', ''),
(105, 12, 12, 'Senthil Natarajan', 'images/player/file_239_cdv_photo_011.jpg', 2, 'Senthil Natarajan', 38, 1, 3, '', '', ''),
(106, 11, 12, 'Gaurav Kapoor', 'images/player/file_534_cdv_photo_010.jpg', 2, 'Gaurav Kapoor', 38, 1, 3, '', '', ''),
(107, 11, 12, 'Himanshu Porwal', 'images/player/file_568_cdv_photo_009.jpg', 2, 'Himanshu Porwal', 38, 1, 3, '', '', ''),
(108, 11, 12, 'Dishank Rustogi', 'images/player/file_481_cdv_photo_008.jpg', 2, 'Dishank Rustogi', 38, 1, 3, '', '', ''),
(109, 11, 12, 'M Chakkaravarthi', 'images/player/file_834_cdv_photo_005.jpg', 2, 'M Chakkaravarthi', 38, 1, 3, '', '', ''),
(110, 12, 12, 'Numan Yahya', 'images/player/file_854_cdv_photo_006.jpg', 2, 'Numan Yahya', 38, 1, 3, '', '', ''),
(111, 12, 12, 'Raja Subramanian', 'images/player/file_053_cdv_photo_007.jpg', 2, 'Raja Subramanian', 38, 1, 2, '', '', ''),
(112, 12, 12, 'N Kishantan', 'images/player/file_450_cdv_photo_006.jpg', 2, 'N Kishantan', 38, 1, 2, '', '', ''),
(113, 16, 12, 'Siddarth Sukumaran', 'images/player/file_751_cdv_photo_009.jpg', 2, 'Siddarth Sukumaran', 38, 1, 1, '', '', ''),
(114, 12, 12, 'S Sundar Sitambaram', 'images/player/file_943_cdv_photo_005.jpg', 2, 'S Sundar Sitambaram', 38, 1, 2, '', '', ''),
(115, 12, 12, 'Shankar Thothathri', 'images/player/file_937_cdv_photo_011.jpg', 2, 'Shankar Thothathri', 38, 1, 2, '', '', ''),
(116, 0, 12, 'Vipul Anil Save', 'images/player/file_980_cdv_photo_012.jpg', 2, 'Vipul Anil Save', 38, 1, 4, '', '', ''),
(117, 12, 12, 'Saad Khan', 'images/player/file_408_cdv_photo_013.jpg', 2, 'Saad Khan', 38, 1, 1, '', '', ''),
(118, 16, 12, 'Archit Kumar Vyas', 'images/player/file_045_cdv_photo_014.jpg', 2, 'Archit Kumar Vyas', 38, 1, 1, '', '', ''),
(119, 11, 12, 'Umer Iqbal', 'images/player/file_081_cdv_photo_015.jpg', 2, 'Umer Iqbal', 38, 1, 1, '', '', ''),
(120, 15, 12, 'Mansoor Khan', 'images/player/file_761_cdv_photo_016.jpg', 2, 'Mansoor Khan', 38, 1, 1, '', '', ''),
(121, 12, 12, 'Ganesh Kannan', 'images/player/file_286_cdv_photo_004.jpg', 2, 'Ganesh Kannan', 38, 1, 1, '', '', ''),
(122, 0, 0, 'Leroy Small', 'images/player/file_496_cdv_photo_018.jpg', 2, 'Leroy Small', 38, 1, 4, '', '', ''),
(123, 12, 12, 'L Coimbatore Venkatapathy', 'images/player/file_945_cdv_photo_019.jpg', 2, 'L Coimbatore Venkatapathy', 38, 1, 1, '', '', ''),
(124, 16, 12, 'Vikram Iyer', 'images/player/file_801_cdv_photo_003.jpg', 2, 'Vikram Iyer', 38, 1, 2, '', '', ''),
(125, 12, 12, 'Pandiyan Mayathevar', 'images/player/file_739_cdv_photo_021.jpg', 2, 'Pandiyan Mayathevar', 38, 1, 3, '', '', ''),
(126, 12, 12, 'Aji Bhavani', 'images/player/file_569_cdv_photo_022.jpg', 2, 'Aji Bhavani', 38, 1, 3, '', '', ''),
(127, 0, 0, 'Usman Khan', 'images/player/file_641_cdv_photo_023.jpg', 2, 'Usman Khan', 38, 1, 4, '', '', ''),
(128, 12, 12, 'Anjeevan Rasathurai', 'images/player/file_534_cdv_photo_024.jpg', 2, 'Anjeevan Rasathurai', 38, 1, 3, '', '', ''),
(129, 12, 12, 'Prem Yoga', 'images/player/file_139_cdv_photo_025.jpg', 2, 'Prem Yoga', 38, 1, 3, '', '', ''),
(130, 12, 12, 'Sumanth Nagarathinam', 'images/player/file_749_cdv_photo_026.jpg', 2, 'Sumanth Nagarathinam', 38, 1, 3, '', '', ''),
(131, 21, 13, 'Akhil Reddy Thoutreddy', 'images/player/file_632_cdv_photo_002.jpg', 2, 'Akhil Reddy Thoutreddy', 38, 1, 1, '', '', ''),
(132, 12, 12, 'Sukumar Sambasivam', 'images/player/file_038_cdv_photo_028.jpg', 2, 'Sukumar Sambasivam', 38, 1, 1, '', '', ''),
(133, 12, 12, 'Haseeb Farooqui', 'images/player/file_465_cdv_photo_029.jpg', 2, 'Haseeb Farooqui', 38, 1, 3, '', '', ''),
(134, 13, 12, 'Abhinav Kavuru', 'images/player/file_673_cdv_photo_001.jpg', 2, 'Abhinav Kavuru', 38, 1, 3, 'Player', '', ''),
(135, 13, 12, 'Gurpreet Sohi', 'images/player/file_625_cdv_photo_001.jpg', 2, 'Gurpreet Sohi', 38, 1, 3, '', '', ''),
(136, 16, 12, 'Hussain Peermohammed', 'images/player/file_723_cdv_photo_002.jpg', 2, 'Hussain Peermohammed', 38, 1, 3, '', '', ''),
(137, 16, 12, 'Harpreet Singh', 'images/player/file_021_cdv_photo_003.jpg', 2, 'Harpreet Singh', 38, 1, 1, '', '', ''),
(138, 13, 12, 'Sargunjit Bawa', 'images/player/file_381_cdv_photo_004.jpg', 2, 'Sargunjit Bawa', 38, 1, 1, '', '', ''),
(139, 13, 12, 'Gaurav Khanna', 'images/player/file_735_cdv_photo_005.jpg', 2, 'Gaurav Khanna', 38, 1, 3, '', '', ''),
(140, 13, 12, 'Abhishek Gandhi', 'images/player/file_285_cdv_photo_006.jpg', 2, 'Abhishek Gandhi', 38, 1, 3, '', '', ''),
(141, 16, 12, 'Manmeet Soni', 'images/player/file_340_cdv_photo_007.jpg', 2, 'Manmeet Soni', 38, 1, 3, '', '', ''),
(142, 13, 12, 'Jagbir Brar', 'images/player/file_897_cdv_photo_008.jpg', 2, 'Jagbir Brar', 38, 1, 2, '', '', ''),
(143, 11, 12, 'Rahul Mittal', 'images/player/file_419_cdv_photo_009.jpg', 2, 'Rahul Mittal', 38, 1, 3, '', '', ''),
(144, 13, 12, 'Mahir Ameen', 'images/player/file_576_cdv_photo_010.jpg', 2, 'Mahir Ameen', 38, 1, 3, '', '', ''),
(145, 13, 12, 'Venkata Botcha', 'images/player/file_980_cdv_photo_011.jpg', 2, 'Venkata Botcha', 38, 1, 4, '', '', ''),
(146, 13, 12, 'Qasim Khan', 'images/player/file_678_cdv_photo_012.jpg', 2, 'Qasim Khan', 38, 1, 3, '', '', ''),
(147, 15, 12, 'Jatin Sandhu', 'images/player/file_602_cdv_photo_013.jpg', 2, 'Jatin Sandhu', 38, 1, 3, '', '', ''),
(148, 13, 12, 'Deepak Jain', 'images/player/file_853_cdv_photo_014.jpg', 2, 'Deepak Jain', 38, 1, 3, '', '', ''),
(149, 13, 12, 'Srikant Sortur', 'images/player/file_136_cdv_photo_015.jpg', 2, 'Srikant Sortur', 38, 1, 4, '', '', ''),
(150, 0, 0, 'Pankaj Sharma', 'images/player/file_476_cdv_photo_016.jpg', 2, 'Pankaj Sharma', 38, 1, 1, '', '', ''),
(151, 16, 12, 'Osama Nasir', 'images/player/file_254_cdv_photo_017.jpg', 2, 'Osama Nasir', 38, 1, 1, '', '', ''),
(152, 15, 12, 'Ashu Goel', 'images/player/file_916_cdv_photo_018.jpg', 2, 'Ashu Goel', 38, 1, 3, '', '', ''),
(153, 13, 12, 'Ranjit Sharma', 'images/player/file_148_cdv_photo_019.jpg', 2, 'Ranjit Sharma', 38, 1, 3, '', '', ''),
(154, 11, 12, 'Salman Quavi', 'images/player/file_609_cdv_photo_021.jpg', 2, 'Salman Quavi', 38, 1, 3, '', '', ''),
(155, 13, 12, 'Satbir Ghuman', 'images/player/file_247_cdv_photo_022.jpg', 2, 'Satbir Ghuman', 38, 1, 3, '', '', ''),
(156, 13, 12, 'Navdeep Singh Ghotra', 'images/player/file_074_cdv_photo_023.jpg', 2, 'Navdeep Singh Ghotra', 38, 1, 3, '', '', ''),
(157, 13, 12, 'Sandip Prashar', 'images/player/file_793_cdv_photo_024.jpg', 2, 'Sandip Prashar', 38, 1, 3, '', '', ''),
(158, 11, 12, 'Ajay Shrivastava', 'images/player/file_546_cdv_photo_025.jpg', 2, 'Ajay Shrivastava', 38, 1, 3, '', '', ''),
(159, 15, 12, 'Chaitanya Shah', 'images/player/file_287_cdv_photo_026.jpg', 2, 'Chaitanya Shah', 38, 1, 3, '', '', ''),
(160, 0, 0, 'Mameet Singh', 'images/player/file_589_cdv_photo_027.jpg', 2, 'Mameet Singh', 38, 1, 1, '', '', ''),
(161, 16, 12, 'Janpreet S Wadehra ', 'images/player/file_971_cdv_photo_028.jpg', 2, 'Janpreet S Wadehra ', 38, 1, 3, '', '', ''),
(162, 0, 0, 'Muhammad Bin Zahid', 'images/player/file_189_cdv_photo_029.jpg', 2, 'Muhammad Bin Zahid', 38, 1, 1, '', '', ''),
(163, 13, 12, 'Sriju Nair', 'images/player/file_732_cdv_photo_030.jpg', 2, 'Sriju Nair', 38, 1, 3, '', '', ''),
(164, 11, 12, 'Kiran Kousyal', 'images/player/file_847_cdv_photo_031.jpg', 2, 'Kiran Kousyal', 38, 1, 3, '', '', ''),
(165, 0, 0, 'Anil Gupta', 'images/player/file_389_cdv_photo_032.jpg', 2, 'Anil Gupta', 38, 1, 3, '', '', ''),
(166, 14, 12, 'Naresh C Jain', 'images/player/file_180_cdv_photo_033.jpg', 2, 'Naresh Jain', 38, 1, 3, '', '', ''),
(167, 0, 12, 'Anup Gupta', 'images/player/file_058_cdv_photo_034.jpg', 2, 'Anup Gupta', 38, 1, 3, '', '', ''),
(168, 0, 12, 'Lester Fernandes', 'images/player/file_759_cdv_photo_035.jpg', 2, 'Lester Fernandes', 38, 1, 3, '', '', ''),
(169, 0, 12, 'Ashish Dubey', 'images/player/file_594_cdv_photo_036.jpg', 2, 'Ashish Dubey', 38, 1, 3, '', '', ''),
(170, 0, 12, 'Jainit Nayak', 'images/player/file_079_cdv_photo_037.jpg', 2, 'Jainit Nayak', 38, 1, 3, '', '', ''),
(171, 0, 12, 'Sanjeev Chandra', 'images/player/file_931_cdv_photo_038.jpg', 2, 'Sanjeev Chandra', 38, 1, 3, '', '', ''),
(172, 0, 12, 'Jitesh Dwivedi', 'images/player/file_427_cdv_photo_039.jpg', 2, 'Jitesh Dwivedi', 38, 1, 3, '', '', ''),
(173, 11, 12, 'Parth Jani', 'images/player/file_381_cdv_photo_040.jpg', 2, 'Parth Jani', 38, 1, 1, '', '', ''),
(174, 0, 0, 'Akshat Soni', 'images/player/file_245_cdv_photo_041.jpg', 2, 'Akshat Soni', 38, 1, 3, '', '', ''),
(175, 0, 13, 'Ajit Bangali', 'images/player/file_859_cdv_photo_042.jpg', 2, 'Ajit Bangali', 38, 1, 3, '', '', ''),
(176, 0, 12, 'Arun Soni', 'images/player/file_506_cdv_photo_043.jpg', 2, 'Arun Soni', 38, 1, 1, '', '', ''),
(177, 0, 12, 'Mukesh Narula', 'images/player/file_971_cdv_photo_044.jpg', 2, 'Mukesh Narula', 38, 1, 3, '', '', ''),
(178, 0, 12, 'Vikas Monga', 'images/player/file_756_cdv_photo_045.jpg', 2, 'Vikas Monga', 38, 1, 1, '', '', ''),
(179, 0, 0, 'Sajjad M Din', 'images/player/file_967_cdv_photo_046.jpg', 2, 'Sajjad M Din', 38, 1, 1, '', '', ''),
(180, 0, 0, 'Dhaniram George', 'images/player/file_370_cdv_photo_047.jpg', 2, 'Dhaniram George', 38, 1, 3, '', '', ''),
(181, 16, 0, 'Sheik Kadir', 'images/player/file_368_cdv_photo_048.jpg', 2, 'Sheik Kadir', 38, 1, 3, '', '', ''),
(182, 0, 12, 'Gautam V.Prakash', 'images/player/file_361_cdv_photo_049.jpg', 2, 'Gautam V.Prakash', 38, 1, 1, '', '', ''),
(183, 0, 0, 'Suneet Thakur', 'images/player/file_347_cdv_photo_050.jpg', 2, 'Suneet Thakur', 38, 1, 3, '', '', ''),
(184, 0, 0, 'Adil Shah', 'images/player/file_480_cdv_photo_051.jpg', 2, 'Adil Shah', 38, 1, 1, 'Player', '', ''),
(185, 0, 0, 'Devesh Shankar', 'images/player/file_804_cdv_photo_052.jpg', 2, 'Devesh Shankar', 38, 1, 1, '', '', ''),
(186, 0, 0, 'Priyank Chohan', 'images/player/file_657_cdv_photo_053.jpg', 2, 'Priyank Chohan', 38, 1, 1, '', '', ''),
(187, 0, 0, 'Abhishek Kumar', 'images/player/file_591_cdv_photo_054.jpg', 2, 'Abhishek Kumar', 38, 1, 1, '', '', ''),
(188, 13, 12, 'Gurkaran Dhami', 'images/player/file_854_cdv_photo_055.jpg', 2, 'Gurkaran Dhami', 38, 1, 3, '', '', ''),
(189, 0, 0, 'Dhanya Dave', 'images/player/file_378_cdv_photo_056.jpg', 2, 'Dhanya Dave', 38, 1, 1, '', '', ''),
(190, 0, 12, 'Adam Vaughan', 'images/player/file_489_cdv_photo_057.jpg', 2, 'Adam Vaughan', 38, 1, 1, '', '', ''),
(191, 0, 0, 'Akash Shah', 'images/player/file_587_cdv_photo_058.jpg', 2, 'Akash Shah', 38, 1, 3, '', '', ''),
(192, 0, 0, 'Shahroze Shah', 'images/player/file_057_cdv_photo_059.jpg', 2, 'Shahroze Shah', 38, 1, 1, '', '', ''),
(193, 0, 0, 'Shiva Sodadasu', 'images/player/file_075_cdv_photo_060.jpg', 2, 'Shiva Sodadasu', 38, 1, 3, '', '', ''),
(194, 0, 12, 'Chandra Sekhara Pantula', 'images/player/file_703_cdv_photo_061.jpg', 2, 'Chandra Sekhara Pantula', 38, 1, 1, '', '', ''),
(196, 13, 12, 'Yogesh Pathare', 'images/player/file_231_cdv_photo_005.jpg', 2, 'Yogesh Pathare', 38, 1, 3, '', '', ''),
(197, 12, 12, 'Ameya Karandikar', 'images/player/file_638_cdv_photo_001.jpg', 2, 'Ameya Karandikar', 38, 1, 2, '', '', ''),
(198, 0, 0, 'Ashish Dandekar', 'images/player/file_291_cdv_photo_002.jpg', 2, 'Ashish Dandekar', 38, 1, 1, '', '', ''),
(199, 15, 12, 'Sachin More', 'images/player/file_612_cdv_photo_004.jpg', 2, 'Sachin More', 38, 1, 3, '', '', ''),
(200, 11, 12, 'Aniket Bhalerao', 'images/player/file_782_cdv_photo_005.jpg', 2, 'Aniket Bhalerao', 38, 1, 2, '', '', ''),
(201, 12, 12, 'Aniket Vingle', 'images/player/file_753_cdv_photo_006.jpg', 2, 'Aniket Vingle', 38, 1, 2, '', '', ''),
(202, 0, 12, 'Pranav Kulkarni', 'images/player/file_540_cdv_photo_007.jpg', 2, 'Pranav Kulkarni', 38, 1, 1, '', '', ''),
(203, 20, 13, 'Sanjay Kulkarni', 'images/player/file_324_cdv_photo_008.jpg', 2, 'Sanjay Kulkarni', 38, 1, 2, '', '', ''),
(204, 11, 12, 'Ashutosh Gujare', 'images/player/file_249_cdv_photo_009.jpg', 2, 'Ashutosh Gujare', 38, 1, 2, '', '', ''),
(205, 14, 12, 'Kushal Diwekar', 'images/player/file_834_cdv_photo_003.jpg', 2, 'Kushal Diwekar', 38, 1, 2, '', '', ''),
(206, 15, 12, 'Siddharth Raj', 'images/player/file_491_cdv_photo_011.jpg', 2, 'Siddharth Raj', 38, 1, 4, '', '', ''),
(207, 12, 12, 'Chris Nathan', 'images/player/file_460_cdv_photo_012.jpg', 2, 'Chris Nathan', 38, 1, 3, '', '', ''),
(208, 12, 12, 'Mukund Padhye', 'images/player/file_054_cdv_photo_013.jpg', 2, 'Mukund Padhye', 38, 1, 3, '', '', ''),
(209, 0, 0, 'Yatin Joshi', 'images/player/file_346_cdv_photo_014.jpg', 2, 'Yatin Joshi', 38, 1, 1, '', '', ''),
(210, 0, 0, 'Tausif', 'images/player/file_574_cdv_photo_015.jpg', 2, 'Tausif', 38, 1, 4, '', '', ''),
(211, 14, 12, 'Ketan Walse', 'images/player/file_810_cdv_photo_016.jpg', 2, 'Ketan Walse', 38, 1, 1, '', '', ''),
(212, 16, 12, 'Jwalant Vaishnav', 'images/player/file_748_cdv_photo_017.jpg', 2, 'Jwalant Vaishnav', 38, 1, 2, '', '', ''),
(213, 15, 12, 'Narayan Konnur', 'images/player/file_605_cdv_photo_018.jpg', 2, 'Narayan Konnur', 38, 1, 2, '', '', ''),
(214, 0, 0, 'Ravi Mehta', 'images/player/file_809_cdv_photo_019.jpg', 2, 'Ravi Mehta', 38, 1, 4, '', '', ''),
(215, 11, 12, 'Parth Patel', 'images/player/file_469_cdv_photo_024.jpg', 2, 'Parth Patel', 38, 1, 3, '', '', ''),
(216, 14, 12, 'Nitin Deshpande', 'images/player/file_041_cdv_photo_025.jpg', 2, 'Nitin Deshpande', 38, 1, 2, '', '', ''),
(217, 0, 0, 'Mehul Jadhav', 'images/player/file_614_cdv_photo_004.jpg', 2, 'Mehul Jadhav', 38, 1, 1, '', '', ''),
(218, 0, 0, 'Pranay Sankhe', 'images/player/file_648_cdv_photo_027.jpg', 2, 'Pranay Sankhe', 38, 1, 1, '', '', ''),
(219, 0, 0, 'Aniruddha Sondur', 'images/player/file_873_cdv_photo_028.jpg', 2, 'Aniruddha Sondur', 38, 1, 1, '', '', ''),
(220, 16, 12, 'Swapnil Bhalerao', 'images/player/file_193_cdv_photo_029.jpg', 2, 'Swapnil Bhalerao', 38, 1, 2, '', '', ''),
(221, 0, 0, 'Anthony Christopher', 'images/player/file_751_cdv_photo_001.jpg', 2, 'Anthony Christopher', 38, 1, 3, '', '', ''),
(222, 16, 12, 'Ajay Jain', 'images/player/file_610_cdv_photo_031.jpg', 2, 'Ajay Jain', 38, 1, 1, '', '', ''),
(223, 11, 12, 'Ajin Koshy', 'images/player/file_246_cdv_photo_006.jpg', 2, 'Ajin Koshy', 38, 1, 3, '', '', ''),
(224, 11, 12, 'Arjun Sundaram', 'images/player/file_286_cdv_photo_008.jpg', 2, 'Arjun Sundaram', 38, 1, 2, '', '', ''),
(225, 11, 12, 'Gaurav Dhiman', 'images/player/file_586_cdv_photo_009.jpg', 2, 'Gaurav Dhiman', 38, 1, 3, '', '', ''),
(226, 12, 12, 'Guru Rnegan', 'images/player/file_207_cdv_photo_035.jpg', 2, 'Guru Rnegan', 38, 1, 3, '', '', ''),
(227, 12, 12, 'Kanishk Gupta', 'images/player/file_836_cdv_photo_010.jpg', 2, 'Kanishk Gupta', 38, 1, 3, '', '', ''),
(228, 15, 12, 'Kapil Bapat', 'images/player/file_594_cdv_photo_011.jpg', 2, 'Kapil Bapat', 38, 1, 1, '', '', ''),
(229, 12, 12, 'Kunal Sinha', 'images/player/file_284_cdv_photo_038.jpg', 2, 'Kunal Sinha', 38, 1, 3, '', '', ''),
(230, 16, 12, 'Manpreet Singh', 'images/player/file_458_cdv_photo_012.jpg', 2, 'Manpreet Singh', 38, 1, 3, '', '', ''),
(231, 12, 12, 'Nishant Punia', 'images/player/file_983_cdv_photo_040.jpg', 2, 'Nishant Punia', 38, 1, 3, '', '', ''),
(232, 12, 12, 'S Parag Joshi', 'images/player/file_560_cdv_photo_001.jpg', 2, 'Parag Joshi', 38, 1, 3, '', '', ''),
(233, 11, 12, 'Rajive Vijay Kumar', 'images/player/file_617_cdv_photo_013.jpg', 2, 'Rajive Vijaykumar', 38, 1, 3, '', '', ''),
(234, 15, 12, 'Ramit Raj Sharma', 'images/player/file_192_cdv_photo_042.jpg', 2, 'Ramit Raj Sharma', 38, 1, 4, '', '', ''),
(235, 12, 12, 'Rohan Ranade', 'images/player/file_132_cdv_photo_043.jpg', 2, 'Rohan Ranade', 38, 1, 3, '', '', ''),
(236, 12, 12, 'Shramit Goyal', 'images/player/file_485_cdv_photo_044.jpg', 2, 'Shramit Goyal', 38, 1, 4, '', '', ''),
(237, 13, 12, 'Sid Vishwanathan', 'images/player/file_539_cdv_photo_076.jpg', 2, 'Sid Vishwanathan', 38, 1, 2, '', '', ''),
(238, 13, 12, 'Sumit Sarkar', 'images/player/file_985_cdv_photo_046.jpg', 2, 'Sumit Sarkar', 38, 1, 1, '', '', ''),
(239, 15, 12, 'Vinod Khurana', 'images/player/file_180_cdv_photo_047.jpg', 2, 'Vinod Khurana', 38, 1, 3, '', '', ''),
(241, 0, 0, 'Harshil Patel', 'images/player/file_192_cdv_photo_001.jpg', 2, 'Harshil Patel', 38, 1, 1, '', '', ''),
(242, 0, 0, 'Ganesh T', 'images/player/file_726_cdv_photo_015.jpg', 2, 'Ganesh T', 38, 1, 2, '', '', ''),
(245, 13, 12, 'Gurpreet Singh - II', 'images/player/file_802_cdv_photo_003.jpg', 2, 'Gurpree Singh - II', 38, 1, 2, '', '', ''),
(246, 0, 0, 'Bala B', 'images/player/file_047_cdv_photo_001.jpg', 2, 'Bala B', 38, 1, 3, '', '', ''),
(247, 0, 0, 'Prateek Konnur', 'images/player/file_584_cdv_photo_001.jpg', 2, 'Prateek Konnur', 38, 1, 1, '', '', ''),
(248, 13, 12, 'Swapnil Dadhe', 'images/player/file_214_cdv_photo_002.jpg', 2, 'Swapnil Dadhe', 38, 1, 3, '', '', ''),
(249, 16, 12, 'Raj Gujre', 'images/player/file_358_cdv_photo_003.jpg', 2, 'Raj Gujre', 38, 1, 3, '', '', ''),
(250, 0, 12, 'Tushar Pradhan', 'images/player/file_295_cdv_photo_004.jpg', 2, 'Tushar Pradhan', 38, 1, 1, '', '', ''),
(251, 0, 0, 'Anurag S', 'images/player/file_467_cdv_photo_001.jpg', 2, 'Anurag S', 38, 1, 3, '', '', ''),
(252, 0, 0, 'Kesavan Juvarajan', 'images/player/file_321_cdv_photo_001.jpg', 2, 'Kesavan Juvarajan', 38, 1, 3, '', '1992-09-08', ''),
(253, 0, 0, 'Kairav Sharma', 'images/player/file_693_cdv_photo_002.jpg', 2, 'Kairav Sharma', 38, 1, 3, '', '2003-12-09', ''),
(254, 0, 0, 'Shaurya Gera', 'images/player/file_670_cdv_photo_005.jpg', 2, 'Shaurya Gera', 38, 1, 3, '', '1994-11-12', ''),
(255, 0, 0, 'Aashin Patwari', 'images/player/file_957_cdv_photo_006.jpg', 2, 'Aashin Patwari', 38, 1, 4, '', '', ''),
(256, 0, 0, 'Junaid Ahmed', 'images/player/file_921_cdv_photo_007.jpg', 2, 'Junaid Ahmed', 38, 1, 3, '', '1988-06-10', ''),
(257, 17, 0, 'Gaurav Kumar', 'images/player/file_561_cdv_photo_065.jpg', 2, 'Gaurav Kumar', 38, 1, 3, '', '', ''),
(258, 16, 0, 'Arun Sharma', 'images/player/file_546_cdv_photo_066.jpg', 2, 'Arun Sharma', 38, 1, 3, '', '', ''),
(259, 16, 0, 'Nihal George', 'images/player/file_649_cdv_photo_010.jpg', 2, 'Nihal George', 38, 1, 3, '', '', ''),
(260, 12, 0, 'Amit Srivastava', 'images/player/file_583_cdv_photo_011.jpg', 2, 'Amit Srivastava', 38, 1, 2, '', '', ''),
(261, 14, 12, 'Thava Ganesh Gopalakrishnan', 'images/player/file_405_cdv_photo_047.jpg', 2, 'Thava Ganesh Gopalakrishnan', 38, 1, 4, '', '', ''),
(262, 13, 0, 'Mohana Senthil Kumar Mariappan', 'images/player/file_901_cdv_photo_048.jpg', 2, 'Mohana Senthil Kumar Mariappan', 38, 1, 3, '', '', ''),
(263, 11, 0, 'Seetharam Kasireddy', 'images/player/file_523_cdv_photo_010.jpg', 2, 'Seetharam Kasireddy', 38, 1, 3, '', '', ''),
(264, 11, 0, 'Abdullah Zafar', 'images/player/file_591_cdv_photo_007.jpg', 2, 'Abdullah Zafar', 38, 1, 1, '', '', ''),
(265, 13, 0, 'Vinayak Sivaanand', 'images/player/file_361_cdv_photo_012.jpg', 2, 'Vinayak Sivaanand', 38, 1, 3, '', '', ''),
(266, 11, 0, 'Anup Premachandran', 'images/player/file_206_cdv_photo_008.jpg', 2, 'Anup Premachandran', 38, 1, 3, '', '', ''),
(267, 12, 0, 'Sanjeev Kumar', '', 2, 'Sanjeev Kumar', 38, 1, 3, '', '', ''),
(268, 16, 0, 'Bajrang Gupta', 'images/player/file_769_cdv_photo_055.jpg', 2, 'Bajrang Gupta', 38, 1, 1, '', '', ''),
(269, 13, 0, 'Ashish Arora', 'images/player/file_382_cdv_photo_006.jpg', 2, 'Ashish Arora', 38, 1, 3, '', '', ''),
(270, 13, 0, 'Arnab Guha', '', 2, 'Arnab Guha', 38, 1, 3, '', '', ''),
(271, 16, 12, 'Karthik Gopalakrishnan', 'images/player/file_954_cdv_photo_005.jpg', 2, 'Karthik Gopalakrishnan', 38, 1, 2, '', '', ''),
(272, 13, 12, 'Amarendar Reddy Kasam', 'images/player/file_764_cdv_photo_013.jpg', 2, 'Amarendar Reddy Kasam', 38, 1, 3, '', '', ''),
(273, 11, 12, 'Ramvijay Balasubramanian', 'images/player/file_392_cdv_photo_014.jpg', 2, 'Ramvijay Balasubramanian', 38, 1, 2, '', '', ''),
(274, 13, 12, 'Sethuraman Subbramalingam', 'images/player/file_267_cdv_photo_015.jpg', 2, 'Sethuraman Subbramalingam', 38, 1, 1, '', '', ''),
(275, 16, 12, 'Shivaprasad Allakatla', 'images/player/file_378_cdv_photo_016.jpg', 2, 'Shivaprasad Allakatla', 38, 1, 3, '', '', ''),
(277, 12, 12, 'Kulwinder Bajwa', 'images/player/file_987_cdv_photo_018.jpg', 2, 'Kulwinder Bajwa', 38, 1, 3, '', '', ''),
(278, 0, 0, 'Shobhit Bansal', 'images/player/file_368_cdv_photo_019.jpg', 2, 'Shobit Bansal', 38, 1, 4, '', '', ''),
(279, 11, 12, 'Khush Singh', 'images/player/file_921_cdv_photo_020.jpg', 2, 'Khush Singh', 38, 1, 3, '', '', ''),
(280, 0, 12, 'Rohit Mehta', 'images/player/file_201_cdv_photo_021.jpg', 2, 'Rohit Mehta', 38, 1, 1, '', '', ''),
(281, 0, 12, 'Amandeep Chawla', 'images/player/file_098_cdv_photo_022.jpg', 2, 'Amandeep Chawla', 38, 1, 1, '', '', ''),
(282, 12, 12, 'Vikram Madan', 'images/player/file_256_cdv_photo_023.jpg', 2, 'Vikram Madan', 38, 1, 3, '', '', ''),
(283, 12, 12, 'Shouvik Datta', 'images/player/file_831_cdv_photo_024.jpg', 2, 'Shouvik Datta', 38, 1, 3, '', '', ''),
(284, 12, 12, 'Amit Kamboj', 'images/player/file_590_cdv_photo_025.jpg', 2, 'Amit Kamboj', 38, 1, 1, '', '', ''),
(285, 16, 12, 'Pulkit Chavda', 'images/player/file_207_cdv_photo_026.jpg', 2, 'Pulkit Chavda', 38, 1, 4, '', '', ''),
(286, 12, 12, 'Maninder Grewal', 'images/player/file_175_cdv_photo_027.jpg', 2, 'Maninder Grewal', 38, 1, 3, '', '', ''),
(287, 12, 12, 'Ritesh Gandhi', 'images/player/file_438_cdv_photo_028.jpg', 2, 'Ritesh Gandhi', 38, 1, 3, '', '', ''),
(288, 16, 12, 'Ayaz Mukadam', 'images/player/file_096_cdv_photo_029.jpg', 2, 'Ayaz Mukadam', 38, 1, 3, '', '', ''),
(289, 0, 12, 'Jarrar Ahmed', 'images/player/file_695_cdv_photo_030.jpg', 2, 'Jarrar Ahmed', 38, 1, 1, '', '', ''),
(290, 16, 12, 'Ajaypal Sran', 'images/player/file_571_cdv_photo_031.jpg', 2, 'Ajaypal Sran', 38, 1, 3, '', '', ''),
(291, 11, 12, 'Gyles Dias', 'images/player/file_245_cdv_photo_032.jpg', 2, 'Gyles Dias', 38, 1, 3, '', '', ''),
(292, 0, 12, 'Harpreet Sohi', 'images/player/file_813_cdv_photo_033.jpg', 2, 'Harpreet Sohi', 38, 1, 1, '', '', ''),
(293, 15, 12, 'Dipesh Patel', 'images/player/file_870_cdv_photo_034.jpg', 2, 'Dipesh Patel', 38, 1, 3, '', '', ''),
(294, 0, 12, 'Asim Mustafa', 'images/player/file_678_cdv_photo_004.jpg', 2, 'Asim Mustafa', 38, 1, 3, '', '', ''),
(295, 0, 12, 'Abhishek  Kumar', 'images/player/file_248_cdv_photo_005.jpg', 2, 'Abhishek  Kumar', 38, 1, 3, '', '', ''),
(296, 0, 12, 'Muhammad Abdullah', 'images/player/file_308_cdv_photo_006.jpg', 2, 'Muhammad Abdullah', 38, 1, 3, '', '', ''),
(297, 0, 12, 'Ashar Saleem', 'images/player/file_059_cdv_photo_007.jpg', 2, 'Ashar Saleem', 38, 1, 3, '', '', ''),
(298, 0, 12, 'Muhammad Adnan', 'images/player/file_360_cdv_photo_008.jpg', 2, 'Muhammad Adnan', 38, 1, 3, '', '', ''),
(299, 0, 12, 'Muhammad  Adnan', 'images/player/file_513_cdv_photo_009.jpg', 2, 'Muhammad  Adnan', 38, 1, 3, '', '', ''),
(300, 13, 13, 'M. Adnan Farooq', 'images/player/file_932_cdv_photo_010.jpg', 2, 'M. Adnan Farooq', 38, 1, 3, '', '', ''),
(301, 0, 13, 'Fazal', 'images/player/file_053_cdv_photo_011.jpg', 2, 'Fazal', 38, 1, 1, '', '', ''),
(302, 0, 12, 'Muhammad Imran', 'images/player/file_369_cdv_photo_012.jpg', 2, 'Muhammad Imran', 38, 1, 3, '', '', ''),
(303, 19, 12, 'Khalid Rizwan', 'images/player/file_276_cdv_photo_013.jpg', 2, 'Khalid Rizwan', 38, 1, 3, '', '', ''),
(304, 0, 12, 'Mudassir Durrani', 'images/player/file_476_cdv_photo_014.jpg', 2, 'Mudassir Durrani', 38, 1, 3, '', '', ''),
(305, 0, 12, 'Murad Haidri', 'images/player/file_687_cdv_photo_015.jpg', 2, 'Murad Haidri', 38, 1, 3, '', '', ''),
(306, 0, 12, 'Syed Naseem A Shah', 'images/player/file_281_cdv_photo_026.jpg', 2, 'Syed Naseem A Shah', 38, 1, 3, '', '', ''),
(307, 0, 12, 'Naveed Hussain', 'images/player/file_506_cdv_photo_016.jpg', 2, 'Naveed Hussain', 38, 1, 3, '', '', ''),
(308, 0, 12, 'Nasir Islam', 'images/player/file_526_cdv_photo_017.jpg', 2, 'Nasir Islam', 38, 1, 3, '', '', ''),
(309, 0, 13, 'Owais Ali Syed', 'images/player/file_926_cdv_photo_018.jpg', 2, 'Owais Ali Syed', 38, 1, 3, '', '', ''),
(310, 0, 12, 'Sadeem Khan', 'images/player/file_083_cdv_photo_019.jpg', 2, 'Sadeem Khan', 38, 1, 1, '', '', ''),
(311, 0, 12, 'Muhammad   Adnan', 'images/player/file_842_cdv_photo_020.jpg', 2, 'Muhammad   Adnan', 38, 1, 3, '', '', ''),
(312, 13, 13, 'Sameer Shiwani', 'images/player/file_640_cdv_photo_021.jpg', 2, 'Sameer Shiwani', 38, 1, 3, '', '', ''),
(313, 0, 13, 'Sahil Sud', 'images/player/file_185_cdv_photo_022.jpg', 2, 'Sahil Sud', 38, 1, 1, '', '', ''),
(314, 0, 12, 'Taha Rizvi', 'images/player/file_957_cdv_photo_023.jpg', 2, 'Taha Rizvi', 38, 1, 3, '', '', ''),
(315, 0, 12, 'Viren Sud', 'images/player/file_524_cdv_photo_024.jpg', 2, 'Viren Sud', 38, 1, 1, '', '', ''),
(316, 0, 12, 'Swaran Singh', 'images/player/file_701_cdv_photo_025.jpg', 2, 'Swaran Singh', 38, 1, 3, '', '', ''),
(317, 13, 0, 'Chris Madan', 'images/player/file_172_cdv_photo_027.jpg', 2, 'Chris Madan', 38, 1, 3, '', '', ''),
(318, 13, 0, 'Anurag Deep', 'images/player/file_673_cdv_photo_028.jpg', 2, 'Anurag Deep', 38, 1, 3, '', '', ''),
(319, 13, 0, 'Vinay Devishetty', 'images/player/file_172_cdv_photo_029.jpg', 2, 'Vinay Devishetty', 38, 1, 1, '', '', ''),
(320, 14, 0, 'Deepak puri', 'images/player/file_453_cdv_photo_030.jpg', 2, 'Deepak puri', 38, 1, 3, '', '', ''),
(321, 14, 0, 'Cyril Bkrs', 'images/player/file_176_cdv_photo_031.jpg', 2, 'Cyril Bkrs', 38, 1, 2, '', '', ''),
(322, 13, 0, 'Sachin  More', 'images/player/file_408_cdv_photo_032.jpg', 2, 'Sachin  More', 38, 1, 3, '', '', ''),
(323, 20, 0, 'Gaurav Verma', 'images/player/file_314_cdv_photo_033.jpg', 2, 'Gaurav Verma', 38, 1, 3, '', '', ''),
(324, 14, 0, 'Inder Mohan Singh', 'images/player/file_930_cdv_photo_034.jpg', 2, 'Inder Mohan Singh', 38, 1, 3, '', '', ''),
(325, 15, 0, 'Lucky Bagga', 'images/player/file_045_cdv_photo_035.jpg', 2, 'Lucky Bagga', 38, 1, 1, '', '', ''),
(326, 0, 0, 'Atul Jolly', 'images/player/file_561_cdv_photo_036.jpg', 2, 'Atul Jolly', 38, 1, 4, '', '', ''),
(327, 16, 0, 'Guru Simran Singh', 'images/player/file_360_cdv_photo_037.jpg', 2, 'Guru Simran Singh', 38, 1, 3, '', '', ''),
(328, 14, 0, 'Vikas  Kukreja', 'images/player/file_546_cdv_photo_038.jpg', 2, 'Vikas  Kukreja', 38, 1, 3, '', '', ''),
(329, 13, 0, 'Ushwinder Singh', 'images/player/file_471_cdv_photo_039.jpg', 2, 'Ushwinder Singh', 38, 1, 1, '', '', ''),
(330, 13, 0, 'Vruthan Patel', 'images/player/file_530_cdv_photo_040.jpg', 2, 'Vruthan Patel', 38, 1, 3, '', '', ''),
(331, 16, 0, 'Arun Galva', 'images/player/file_764_cdv_photo_041.jpg', 2, 'Arun Galva', 38, 1, 3, '', '', ''),
(332, 14, 0, 'Jaideep Kadire', 'images/player/file_352_cdv_photo_042.jpg', 2, 'Jaideep Kadire', 38, 1, 3, '', '', ''),
(333, 15, 0, 'Denny George', 'images/player/file_731_cdv_photo_043.jpg', 2, 'Denny George', 38, 1, 3, '', '', ''),
(334, 14, 0, 'Venky  Lalapet', 'images/player/file_569_cdv_photo_044.jpg', 2, 'Venky  Lalapet', 38, 1, 1, '', '', ''),
(335, 15, 0, 'Bharat Srinivas', 'images/player/file_732_cdv_photo_045.jpg', 2, 'Bharat Srinivas', 38, 1, 3, '', '', ''),
(336, 16, 0, 'Jay Sharma', 'images/player/file_798_cdv_photo_046.jpg', 2, 'Jay Sharma', 38, 1, 1, '', '', ''),
(337, 0, 0, 'Ankit Srivastav', 'images/player/file_296_cdv_photo_049.jpg', 2, 'Ankit Srivastav', 38, 1, 1, '', '', ''),
(338, 13, 0, 'Ritesh Prasad', 'images/player/file_721_cdv_photo_050.jpg', 2, 'Ritesh Prasad', 38, 1, 3, '', '', ''),
(339, 13, 0, 'Jackson Christian', 'images/player/file_965_cdv_photo_051.jpg', 2, 'Jackson Christian', 38, 1, 3, '', '', ''),
(340, 13, 0, 'Gopinath Rengarajan', 'images/player/file_345_cdv_photo_052.jpg', 2, 'Gopinath Rengarajan', 38, 1, 1, '', '', ''),
(341, 13, 0, 'Sankalp Sharma', 'images/player/file_820_cdv_photo_053.jpg', 2, 'Sankalp Sharma', 38, 1, 1, '', '', ''),
(342, 13, 0, 'Pramod Kumar Polu', 'images/player/file_803_cdv_photo_054.jpg', 2, 'Pramod Kumar Polu', 38, 1, 3, '', '', ''),
(343, 13, 0, 'Ankit Mokashi', 'images/player/file_416_cdv_photo_056.jpg', 2, 'Ankit Mokashi', 38, 1, 3, '', '', ''),
(344, 0, 0, 'Naveen Natarajan', 'images/player/file_270_cdv_photo_057.jpg', 2, 'Naveen Natarajan', 38, 1, 1, '', '', ''),
(345, 13, 0, 'Sivaramakrishna Gongati', 'images/player/file_814_cdv_photo_058.jpg', 2, 'Sivaramakrishna Gongati', 38, 1, 3, '', '', ''),
(346, 13, 0, 'Saravanan Balakrishnan', 'images/player/file_518_cdv_photo_059.jpg', 2, 'Saravanan Balakrishnan', 38, 1, 2, '', '', ''),
(347, 13, 0, 'Pradeep Inamdar', 'images/player/file_452_cdv_photo_060.jpg', 2, 'Pradeep Inamdar', 38, 1, 1, '', '', ''),
(348, 13, 0, 'Muthukumaram Chakkaravarthi', 'images/player/file_140_cdv_photo_061.jpg', 2, 'Muthukumaram Chakkaravarthi', 38, 1, 2, '', '', ''),
(349, 13, 0, 'Amitabh Mishra', 'images/player/file_507_cdv_photo_062.jpg', 2, 'Amitabh Mishra', 38, 1, 2, '', '', ''),
(350, 11, 0, 'Shankar Subramanian C', 'images/player/file_091_cdv_photo_063.jpg', 2, 'Shankar Subramanian C', 38, 1, 3, '', '', ''),
(351, 12, 0, 'Muhammad Farhan Malik', 'images/player/file_623_cdv_photo_064.jpg', 2, 'Muhammad Farhan Malik', 38, 1, 2, '', '', ''),
(352, 16, 0, 'Sreejayan Rs', 'images/player/file_386_cdv_photo_067.jpg', 2, 'Sreejayan Rs', 38, 1, 1, '', '', ''),
(353, 0, 0, 'Sahil Razdan', 'images/player/file_293_cdv_photo_068.jpg', 2, 'Sahil Razdan', 38, 1, 1, '', '', ''),
(354, 13, 12, 'Vivek Sundaram ', 'images/player/file_360_cdv_photo_069.jpg', 2, 'Vivek Sundaram ', 38, 1, 1, '', '', ''),
(355, 0, 0, 'Ali Bhagat', 'images/player/file_023_cdv_photo_070.jpg', 2, 'Ali Bhagat', 38, 1, 3, '', '', ''),
(356, 13, 0, 'Amit Kumar', 'images/player/file_592_cdv_photo_071.jpg', 2, 'Amit Kumar', 38, 1, 3, '', '', ''),
(357, 13, 0, 'Mandeep Sachdev', 'images/player/file_762_cdv_photo_072.jpg', 2, 'Mandeep Sachdev', 38, 1, 3, '', '', ''),
(358, 13, 0, 'Parag Joshi', 'images/player/file_746_cdv_photo_074.jpg', 2, 'Parag Joshi', 38, 1, 3, '', '', ''),
(360, 0, 0, 'Nirmal Summan', 'images/player/file_823_cdv_photo_001.jpg', 2, 'Nirmal Summan', 38, 1, 3, '', '', ''),
(361, 0, 0, 'Parneet Singh Kohli', 'images/player/file_809_cdv_photo_002.jpg', 2, 'Parneet Singh Kohli', 38, 1, 3, '', '', ''),
(362, 0, 0, 'Supreet Singh Kohli', 'images/player/file_231_cdv_photo_003.jpg', 2, 'Supreet Singh Kohli', 38, 1, 1, '', '', ''),
(363, 0, 0, 'Lalit Summan', 'images/player/file_039_cdv_photo_004.jpg', 2, 'Lalit Summan', 38, 1, 3, '', '', ''),
(364, 0, 0, 'Akshay Kargwal', 'images/player/file_560_cdv_photo_005.jpg', 2, 'Akshay Kargwal', 38, 1, 2, '', '', ''),
(365, 0, 0, 'Emmanuel Paul', 'images/player/file_930_cdv_photo_006.jpg', 2, 'Emmanuel Paul', 38, 1, 1, '', '', ''),
(366, 0, 0, 'Ashwin Shankar', 'images/player/file_028_cdv_photo_007.jpg', 2, 'Ashwin Shankar', 38, 1, 3, '', '', ''),
(367, 0, 0, 'Sunil Chauhan', 'images/player/file_873_cdv_photo_008.jpg', 2, 'Sunil Chauhan', 38, 1, 1, '', '', ''),
(368, 0, 0, 'Bhavneet Singh Bathla', 'images/player/file_102_cdv_photo_009.jpg', 2, 'Bhavneet Singh Bathla', 38, 1, 3, '', '', ''),
(369, 0, 0, 'Sarabjeet Singh Gill', '', 2, 'Sarabjeet Singh Gill', 38, 1, 3, '', '', ''),
(370, 0, 0, 'Akshay Sampath', 'images/player/file_809_cdv_photo_010.jpg', 2, 'Akshay Sampath', 38, 1, 3, '', '', ''),
(371, 0, 0, 'Siddharth Rajadhyaksh', 'images/player/file_826_cdv_photo_011.jpg', 2, 'Siddharth Rajadhyaksh', 38, 1, 3, '', '', ''),
(372, 0, 0, 'Rohit Katyal', 'images/player/file_304_cdv_photo_012.jpg', 2, 'Rohit Katyal', 38, 1, 3, '', '', ''),
(373, 0, 0, 'Gursimran Singh', '', 2, 'Gursimran Singh', 38, 1, 2, '', '', ''),
(374, 0, 0, 'Sriram Sampath', 'images/player/file_468_cdv_photo_013.jpg', 2, 'Sriram Sampath', 38, 1, 3, '', '', ''),
(375, 0, 0, 'Harinder Singh', 'images/player/file_156_cdv_photo_014.jpg', 2, 'Harinder Singh', 38, 1, 3, '', '', ''),
(376, 0, 0, 'Arnav Khurana', 'images/player/file_712_cdv_photo_015.jpg', 2, 'Arnav Khurana', 38, 1, 3, '', '', ''),
(377, 0, 0, 'Karan Sabherwal', 'images/player/file_326_cdv_photo_016.jpg', 2, 'Karan Sabherwal', 38, 1, 3, '', '', ''),
(378, 0, 0, 'Ranjit Singh', 'images/player/file_813_cdv_photo_017.jpg', 2, 'Ranjit Singh', 38, 1, 3, '', '', ''),
(379, 0, 0, 'Ayyapan Pillai', '', 2, 'Ayyapan Pillai', 38, 1, 3, '', '', ''),
(380, 0, 0, 'Sanket Phadke', '', 2, 'Sanket Phadke', 38, 1, 3, '', '', ''),
(381, 0, 0, 'Syed Israr', '', 2, 'Syed Israr', 38, 1, 1, '', '', ''),
(382, 0, 0, 'Raj Shetty', '', 2, 'Raj Shetty', 38, 1, 1, '', '', ''),
(383, 0, 0, 'Manu Sebastian', '', 2, 'Manu Sebastian', 38, 1, 3, '', '', ''),
(384, 0, 0, 'Sony George', '', 2, 'Sony George', 38, 1, 3, '', '', ''),
(385, 0, 0, 'Vaibhav Kamat', '', 2, 'Vaibhav Kamat', 38, 1, 3, '', '', ''),
(386, 0, 0, 'Ashish Ashish', '', 2, 'Ashish Ashish', 38, 1, 3, '', '', ''),
(387, 0, 0, 'Raju Konnur', '', 2, 'Raju Konnur', 38, 1, 3, '', '', ''),
(388, 0, 0, 'Kishan Puthran', '', 2, 'Kishan Puthran', 38, 1, 2, '', '', ''),
(389, 0, 0, 'Akshay Epur Reddy', '', 2, 'Akshay Epur Reddy', 38, 1, 3, '', '', ''),
(390, 0, 0, 'Nandit Beri', '', 2, 'Nandit Beri', 38, 1, 3, '', '', ''),
(391, 0, 0, 'Akshay Desai', '', 2, 'Akshay Desai', 38, 1, 3, '', '', ''),
(392, 0, 0, 'Raxit Shah', '', 2, 'Raxit Shah', 38, 1, 3, '', '', ''),
(393, 0, 0, 'Meet Shah', '', 2, 'Meet Shah', 38, 1, 1, '', '', ''),
(394, 0, 0, 'Anirudh Iyer', '', 2, 'Anirudh Iyer', 38, 1, 3, '', '', ''),
(395, 0, 0, 'Tej Kumar Mehta', '', 2, 'Tej Kumar Mehta', 38, 1, 3, '', '', ''),
(396, 0, 0, 'Jobish Jose', '', 2, 'Jobish Jse', 38, 1, 3, '', '', ''),
(397, 0, 0, 'Abhinav Kaul', '', 2, 'Abhinav Kaul', 38, 1, 3, '', '', ''),
(398, 0, 0, 'Basharat Rehman', '', 2, 'Basharat Rehman', 38, 1, 2, '', '', ''),
(399, 0, 0, 'Navpreet Sidhu', '', 2, 'Navpreet Sidhu', 38, 1, 1, '', '', '');

-- --------------------------------------------------------

--
-- Table structure for table `player_role`
--

CREATE TABLE `player_role` (
  `player_role_id` int(11) NOT NULL,
  `player_role_title` varchar(150) NOT NULL
) ENGINE=InnoDB DEFAULT CHARSET=latin1;

--
-- Dumping data for table `player_role`
--

INSERT INTO `player_role` (`player_role_id`, `player_role_title`) VALUES
(1, 'Batsman'),
(2, 'Bowler'),
(3, 'All Rounder'),
(4, 'Wicket Keeper');

-- --------------------------------------------------------

--
-- Table structure for table `points_confiure`
--

CREATE TABLE `points_confiure` (
  `pc_id` int(11) NOT NULL,
  `pc_name` varchar(150) NOT NULL,
  `tournament_id` int(11) NOT NULL,
  `cDate` datetime NOT NULL,
  `uDate` datetime NOT NULL,
  `points` int(11) NOT NULL
) ENGINE=InnoDB DEFAULT CHARSET=latin1;

--
-- Dumping data for table `points_confiure`
--

INSERT INTO `points_confiure` (`pc_id`, `pc_name`, `tournament_id`, `cDate`, `uDate`, `points`) VALUES
(1, 'win', 1, '2016-05-13 10:03:34', '0000-00-00 00:00:00', 2),
(2, 'cancel', 1, '2016-05-13 10:05:05', '0000-00-00 00:00:00', 1),
(3, 'draw', 1, '2016-05-13 10:05:15', '0000-00-00 00:00:00', 1);

-- --------------------------------------------------------

--
-- Table structure for table `team`
--

CREATE TABLE `team` (
  `team_id` int(10) NOT NULL,
  `team_name` varchar(100) NOT NULL,
  `team_logo` varchar(255) NOT NULL,
  `team_small_name` varchar(20) NOT NULL,
  `team_cat` int(10) NOT NULL,
  `description` text NOT NULL,
  `status` int(11) NOT NULL DEFAULT '2'
) ENGINE=InnoDB DEFAULT CHARSET=latin1;

--
-- Dumping data for table `team`
--

INSERT INTO `team` (`team_id`, `team_name`, `team_logo`, `team_small_name`, `team_cat`, `description`, `status`) VALUES
(1, 'Exiom Thunderbolts', 'images/team/file_148_cdv_photo_004.jpg', 'ETB', 1, 'The thunderbolts story began in 2007', 2),
(2, 'Asian Cricket Club', 'images/team/file_183_cdv_photo_006.jpg', 'ACC', 1, 'The ACC came into Existence in 2007', 2),
(3, 'Punjab Lions', 'images/team/file_856_cdv_photo_007.jpg', 'PL', 1, 'Punjab Lions Cricket club founded in 2007', 2),
(4, 'Royal Mavericks', 'images/team/file_852_cdv_photo_008.jpg', 'RM', 1, 'RM founded in with enthusiastic players in 2015', 2),
(5, 'Loblaw\'s Cricket Club', 'images/team/file_192_cdv_photo_009.jpg', 'LOB', 1, 'LOB officially launched in the year 2010', 2),
(6, 'Toronto Lumber Jacks', 'images/team/file_720_cdv_photo_001.jpg', 'TLJ', 1, 'TLJ founded by Naresh Jain', 2),
(7, 'Marathi Warriors', 'images/team/file_952_cdv_photo_004.jpg', 'MW', 1, 'Warriors', 2),
(8, 'Toronto Mavericks', 'images/team/file_513_cdv_photo_012.jpg', 'TM', 1, 'TM founded in the year 2013', 2),
(9, 'Test team 1', 'images/team/file_178_cdv_photo_002.jpg', 'TST1', 1, 'Test team', 1),
(10, 'Test Team 2', 'images/team/file_074_cdv_photo_003.jpg', 'TST 2', 1, 'Test', 1),
(13, 'ITON Toronto Legends', 'images/team/file_293_cdv_photo_003.jpg', 'ITL', 1, 'Toronto Legends', 2),
(14, 'ITON Thunderbolts ', 'images/team/file_960_cdv_photo_002.jpg', 'ITB', 1, 'ITON Thunderbolts', 2),
(15, 'Strikers Cricket Club', 'images/team/file_214_cdv_photo_001.jpg', 'SCC', 1, 'SCC', 2),
(16, 'Champions Cricket Club', 'images/team/file_514_cdv_photo_002.jpg', 'CCC', 1, 'CCC', 2),
(17, 'Phoenix Cricket Club', 'images/team/file_042_cdv_photo_003.jpg', 'PCC', 1, 'PCC', 2);

-- --------------------------------------------------------

--
-- Table structure for table `team_has_player`
--

CREATE TABLE `team_has_player` (
  `thp_id` int(10) NOT NULL,
  `team_id` int(10) NOT NULL,
  `player_id` int(10) NOT NULL
) ENGINE=InnoDB DEFAULT CHARSET=latin1;

--
-- Dumping data for table `team_has_player`
--

INSERT INTO `team_has_player` (`thp_id`, `team_id`, `player_id`) VALUES
(59, 1, 1),
(60, 1, 2),
(61, 1, 3),
(62, 1, 4),
(63, 1, 5),
(64, 1, 6),
(65, 1, 7),
(66, 1, 8),
(67, 1, 9),
(68, 1, 12),
(69, 1, 13),
(70, 1, 14),
(71, 1, 19),
(72, 1, 20),
(73, 1, 26),
(74, 1, 29),
(75, 1, 30),
(76, 1, 31),
(77, 1, 32),
(78, 1, 33),
(79, 1, 34),
(80, 1, 35),
(81, 1, 36),
(82, 1, 37),
(83, 1, 38),
(84, 1, 39),
(85, 1, 40),
(86, 1, 41),
(87, 1, 42),
(88, 1, 43),
(89, 2, 49),
(90, 2, 50),
(91, 2, 51),
(92, 2, 52),
(93, 2, 53),
(94, 2, 54),
(95, 2, 55),
(96, 2, 56),
(97, 2, 57),
(98, 2, 58),
(99, 2, 59),
(100, 2, 60),
(101, 2, 61),
(102, 2, 62),
(103, 2, 63),
(104, 2, 64),
(105, 2, 65),
(106, 2, 66),
(107, 2, 67),
(108, 2, 68),
(109, 2, 69),
(110, 2, 70),
(111, 2, 71),
(112, 2, 72),
(113, 2, 73),
(114, 2, 74),
(115, 2, 75),
(116, 2, 76),
(117, 2, 77),
(118, 3, 78),
(119, 3, 79),
(120, 3, 80),
(121, 3, 81),
(122, 3, 82),
(123, 3, 83),
(124, 3, 84),
(125, 3, 85),
(126, 3, 86),
(127, 3, 87),
(128, 3, 88),
(129, 3, 89),
(130, 3, 90),
(131, 3, 91),
(132, 3, 92),
(133, 3, 93),
(134, 3, 94),
(135, 3, 95),
(136, 3, 96),
(137, 3, 97),
(138, 3, 98),
(139, 3, 99),
(140, 3, 100),
(141, 3, 101),
(142, 3, 102),
(143, 3, 103),
(144, 3, 104),
(145, 4, 105),
(146, 4, 106),
(147, 4, 107),
(148, 4, 108),
(149, 4, 109),
(150, 4, 110),
(151, 4, 111),
(152, 4, 112),
(153, 4, 113),
(154, 4, 114),
(155, 4, 115),
(156, 4, 116),
(157, 4, 117),
(158, 4, 118),
(159, 4, 119),
(160, 4, 120),
(161, 4, 121),
(162, 4, 122),
(163, 4, 123),
(164, 4, 124),
(165, 4, 125),
(166, 4, 126),
(167, 4, 127),
(168, 4, 128),
(169, 4, 129),
(170, 4, 130),
(171, 4, 131),
(172, 4, 132),
(173, 4, 133),
(174, 4, 134),
(175, 5, 135),
(176, 5, 136),
(177, 5, 137),
(178, 5, 138),
(179, 5, 139),
(180, 5, 140),
(181, 5, 141),
(182, 5, 142),
(183, 5, 143),
(184, 5, 144),
(185, 5, 145),
(186, 5, 146),
(187, 5, 147),
(188, 5, 148),
(189, 5, 149),
(190, 5, 150),
(191, 5, 151),
(192, 5, 152),
(193, 5, 153),
(194, 5, 154),
(195, 5, 155),
(196, 5, 156),
(197, 5, 157),
(198, 5, 158),
(199, 5, 159),
(200, 5, 160),
(201, 5, 161),
(202, 5, 162),
(203, 5, 163),
(204, 5, 164),
(205, 6, 165),
(206, 6, 166),
(207, 6, 167),
(208, 6, 168),
(209, 6, 169),
(210, 6, 170),
(211, 6, 171),
(212, 6, 172),
(213, 6, 173),
(214, 6, 174),
(215, 6, 175),
(216, 6, 176),
(217, 6, 177),
(218, 6, 178),
(219, 6, 179),
(220, 6, 180),
(221, 6, 181),
(222, 6, 182),
(223, 6, 183),
(224, 6, 184),
(225, 6, 185),
(226, 6, 186),
(227, 6, 187),
(228, 6, 188),
(229, 6, 189),
(230, 6, 190),
(231, 6, 191),
(232, 6, 192),
(233, 6, 193),
(234, 6, 194),
(236, 7, 196),
(237, 7, 197),
(238, 7, 198),
(239, 7, 199),
(240, 7, 200),
(241, 7, 201),
(242, 7, 202),
(243, 7, 203),
(244, 7, 204),
(245, 7, 205),
(246, 7, 206),
(247, 7, 207),
(248, 7, 208),
(249, 7, 209),
(250, 7, 210),
(251, 7, 211),
(252, 7, 212),
(253, 7, 213),
(254, 7, 214),
(255, 7, 215),
(256, 7, 216),
(257, 7, 217),
(258, 7, 218),
(259, 7, 219),
(260, 7, 220),
(261, 7, 221),
(262, 8, 222),
(263, 8, 223),
(264, 8, 224),
(265, 8, 225),
(266, 8, 226),
(267, 8, 227),
(268, 8, 228),
(269, 8, 229),
(270, 8, 230),
(271, 8, 231),
(272, 8, 232),
(273, 8, 233),
(274, 8, 234),
(275, 8, 235),
(276, 8, 236),
(278, 8, 238),
(279, 8, 239),
(280, 6, 241),
(281, 8, 242),
(286, 2, 245),
(287, 4, 246),
(288, 7, 247),
(289, 7, 249),
(290, 7, 248),
(291, 7, 250),
(292, 7, 251),
(293, 14, 3),
(294, 14, 2),
(295, 14, 5),
(296, 14, 1),
(297, 14, 4),
(298, 14, 19),
(299, 14, 20),
(300, 14, 8),
(301, 14, 43),
(302, 14, 29),
(303, 14, 32),
(304, 14, 6),
(305, 14, 13),
(306, 14, 14),
(307, 14, 36),
(308, 14, 33),
(309, 14, 40),
(310, 14, 37),
(311, 14, 31),
(312, 14, 42),
(313, 14, 30),
(314, 14, 26),
(315, 14, 39),
(316, 14, 34),
(317, 14, 35),
(319, 14, 252),
(320, 14, 254),
(321, 14, 255),
(322, 14, 256),
(323, 8, 260),
(324, 8, 258),
(325, 8, 257),
(326, 8, 259),
(327, 4, 266),
(328, 4, 270),
(329, 4, 269),
(330, 4, 268),
(331, 4, 267),
(332, 4, 262),
(333, 4, 261),
(334, 4, 265),
(335, 4, 264),
(336, 4, 263),
(337, 4, 271),
(338, 4, 272),
(339, 4, 273),
(340, 4, 274),
(341, 4, 275),
(342, 5, 281),
(343, 5, 279),
(344, 5, 277),
(345, 5, 280),
(346, 5, 278),
(347, 5, 283),
(348, 5, 282),
(349, 5, 290),
(350, 5, 284),
(351, 5, 288),
(352, 5, 293),
(353, 5, 291),
(354, 5, 292),
(355, 5, 289),
(356, 5, 286),
(357, 5, 285),
(358, 5, 287),
(361, 16, 295),
(362, 16, 297),
(363, 16, 294),
(364, 16, 301),
(365, 16, 303),
(366, 16, 300),
(367, 16, 304),
(368, 16, 311),
(369, 16, 299),
(370, 16, 296),
(371, 16, 298),
(372, 16, 302),
(373, 16, 305),
(374, 16, 308),
(375, 16, 307),
(376, 16, 309),
(377, 16, 310),
(378, 16, 313),
(379, 16, 312),
(380, 16, 316),
(382, 16, 314),
(383, 16, 315),
(384, 16, 306),
(385, 13, 318),
(386, 13, 326),
(387, 13, 317),
(388, 13, 321),
(389, 13, 320),
(390, 13, 2),
(391, 13, 323),
(392, 13, 327),
(393, 13, 324),
(394, 13, 325),
(395, 13, 322),
(396, 13, 52),
(397, 13, 4),
(398, 13, 329),
(400, 13, 319),
(401, 13, 330),
(402, 13, 331),
(403, 13, 335),
(404, 13, 333),
(405, 13, 332),
(406, 13, 336),
(407, 13, 334),
(409, 13, 328),
(410, 15, 261),
(411, 15, 337),
(412, 15, 262),
(413, 15, 338),
(414, 15, 340),
(415, 15, 339),
(416, 15, 342),
(417, 15, 341),
(418, 15, 343),
(419, 15, 268),
(420, 15, 344),
(421, 15, 345),
(422, 15, 349),
(423, 15, 348),
(424, 15, 347),
(425, 15, 346),
(426, 15, 351),
(427, 15, 350),
(428, 8, 355),
(429, 8, 353),
(430, 8, 352),
(431, 8, 354),
(432, 8, 356),
(433, 8, 357),
(434, 8, 358),
(435, 8, 359),
(436, 8, 237),
(437, 17, 360),
(438, 17, 361),
(439, 17, 362),
(440, 17, 364),
(441, 17, 366),
(442, 17, 365),
(443, 17, 363),
(444, 17, 367),
(445, 17, 370),
(446, 17, 368),
(447, 17, 372),
(448, 17, 369),
(449, 17, 371),
(450, 17, 376),
(451, 17, 373),
(452, 17, 375),
(453, 17, 377),
(454, 17, 378),
(455, 17, 374),
(456, 7, 386),
(457, 7, 379),
(458, 7, 380),
(459, 7, 384),
(460, 7, 381),
(461, 7, 382),
(462, 7, 387),
(463, 7, 388),
(464, 7, 383),
(465, 7, 385),
(466, 14, 389),
(467, 14, 390),
(468, 14, 391),
(469, 14, 392),
(470, 14, 394),
(471, 14, 393),
(472, 14, 396),
(473, 14, 395),
(474, 14, 397),
(475, 14, 398),
(476, 14, 399),
(477, 14, 253);

-- --------------------------------------------------------

--
-- Table structure for table `tournament`
--

CREATE TABLE `tournament` (
  `tournament_id` int(10) NOT NULL,
  `tournament_name` varchar(100) NOT NULL,
  `tournament_logo` varchar(255) NOT NULL,
  `start_date` date NOT NULL,
  `end_date` date NOT NULL,
  `points_table` int(2) NOT NULL DEFAULT '1',
  `tour_cat` varchar(50) NOT NULL,
  `short_name` varchar(20) NOT NULL,
  `year` varchar(100) NOT NULL
) ENGINE=InnoDB DEFAULT CHARSET=latin1;

--
-- Dumping data for table `tournament`
--

INSERT INTO `tournament` (`tournament_id`, `tournament_name`, `tournament_logo`, `start_date`, `end_date`, `points_table`, `tour_cat`, `short_name`, `year`) VALUES
(1, 'TCCC 2016', 'images/tournament/file_591_cdv_photo_001.jpg', '2016-05-21', '2016-09-24', 1, '1', 'TCCC 2016', '2016'),
(10, 'TCCC 2017', 'images/tournament_default.png', '2017-05-13', '2017-09-24', 1, '1', 'TCCC 2017', '2017'),
(11, 'TCCC 2018', 'images/tournament/file_368_cdv_photo_001.jpg', '2018-05-12', '2018-09-23', 1, '1', 'TCCC 2018', '2018');

-- --------------------------------------------------------

--
-- Table structure for table `tournament_has_player`
--

CREATE TABLE `tournament_has_player` (
  `t_thp_id` int(10) NOT NULL,
  `player_id` int(10) NOT NULL,
  `team_id` int(10) NOT NULL,
  `tournament_id` int(10) NOT NULL,
  `odi` int(10) NOT NULL DEFAULT '0',
  `test` int(10) NOT NULL DEFAULT '0',
  `t20` int(10) NOT NULL DEFAULT '0'
) ENGINE=InnoDB DEFAULT CHARSET=latin1;

--
-- Dumping data for table `tournament_has_player`
--

INSERT INTO `tournament_has_player` (`t_thp_id`, `player_id`, `team_id`, `tournament_id`, `odi`, `test`, `t20`) VALUES
(31, 1, 9, 2, 1, 1, 1),
(32, 2, 9, 2, 1, 1, 1),
(33, 3, 9, 2, 1, 1, 1),
(34, 4, 9, 2, 1, 1, 1),
(35, 5, 9, 2, 1, 1, 1),
(36, 6, 9, 2, 1, 1, 1),
(37, 7, 9, 2, 1, 1, 1),
(38, 8, 9, 2, 1, 1, 1),
(39, 9, 9, 2, 1, 1, 1),
(40, 12, 9, 2, 1, 1, 1),
(41, 13, 9, 2, 1, 1, 1),
(42, 14, 9, 2, 1, 1, 1),
(43, 19, 10, 2, 1, 1, 1),
(44, 20, 10, 2, 1, 1, 1),
(45, 26, 10, 2, 1, 1, 1),
(46, 29, 10, 2, 1, 1, 1),
(47, 30, 10, 2, 1, 1, 1),
(48, 31, 10, 2, 1, 1, 1),
(49, 32, 10, 2, 1, 1, 1),
(50, 33, 10, 2, 1, 1, 1),
(51, 34, 10, 2, 1, 1, 1),
(52, 35, 10, 2, 1, 1, 1),
(53, 36, 10, 2, 1, 1, 1),
(54, 37, 10, 2, 1, 1, 1),
(55, 1, 1, 1, 1, 1, 1),
(56, 2, 1, 1, 1, 1, 1),
(57, 3, 1, 1, 1, 1, 1),
(58, 4, 1, 1, 1, 1, 1),
(59, 5, 1, 1, 1, 1, 1),
(60, 6, 1, 1, 1, 1, 1),
(61, 7, 1, 1, 1, 1, 1),
(62, 8, 1, 1, 1, 1, 1),
(63, 9, 1, 1, 1, 1, 1),
(64, 12, 1, 1, 1, 1, 1),
(65, 13, 1, 1, 1, 1, 1),
(66, 14, 1, 1, 1, 1, 1),
(67, 19, 1, 1, 1, 1, 1),
(68, 20, 1, 1, 1, 1, 1),
(69, 26, 1, 1, 1, 1, 1),
(70, 29, 1, 1, 1, 1, 1),
(71, 30, 1, 1, 1, 1, 1),
(72, 31, 1, 1, 1, 1, 1),
(73, 32, 1, 1, 1, 1, 1),
(74, 33, 1, 1, 1, 1, 1),
(75, 34, 1, 1, 1, 1, 1),
(76, 35, 1, 1, 1, 1, 1),
(77, 36, 1, 1, 1, 1, 1),
(78, 37, 1, 1, 1, 1, 1),
(79, 38, 1, 1, 1, 1, 1),
(80, 39, 1, 1, 1, 1, 1),
(81, 40, 1, 1, 1, 1, 1),
(82, 41, 1, 1, 1, 1, 1),
(83, 42, 1, 1, 1, 1, 1),
(84, 43, 1, 1, 1, 1, 1),
(85, 49, 2, 1, 1, 1, 1),
(86, 50, 2, 1, 1, 1, 1),
(87, 51, 2, 1, 1, 1, 1),
(88, 52, 2, 1, 1, 1, 1),
(89, 53, 2, 1, 1, 1, 1),
(91, 55, 2, 1, 1, 1, 1),
(92, 56, 2, 1, 1, 1, 1),
(93, 57, 2, 1, 1, 1, 1),
(94, 58, 2, 1, 1, 1, 1),
(95, 54, 2, 1, 1, 1, 1),
(96, 59, 2, 1, 1, 1, 1),
(97, 60, 2, 1, 1, 1, 1),
(98, 61, 2, 1, 1, 1, 1),
(99, 62, 2, 1, 1, 1, 1),
(100, 63, 2, 1, 1, 1, 1),
(101, 64, 2, 1, 1, 1, 1),
(102, 65, 2, 1, 1, 1, 1),
(103, 66, 2, 1, 1, 1, 1),
(104, 67, 2, 1, 1, 1, 1),
(105, 68, 2, 1, 1, 1, 1),
(106, 69, 2, 1, 1, 1, 1),
(107, 70, 2, 1, 1, 1, 1),
(108, 71, 2, 1, 1, 1, 1),
(109, 72, 2, 1, 1, 1, 1),
(110, 73, 2, 1, 1, 1, 1),
(111, 74, 2, 1, 1, 1, 1),
(112, 75, 2, 1, 1, 1, 1),
(113, 76, 2, 1, 1, 1, 1),
(115, 77, 2, 1, 1, 1, 1),
(116, 78, 3, 1, 1, 1, 1),
(117, 79, 3, 1, 1, 1, 1),
(118, 80, 3, 1, 1, 1, 1),
(119, 81, 3, 1, 1, 1, 1),
(120, 82, 3, 1, 1, 1, 1),
(121, 83, 3, 1, 1, 1, 1),
(122, 84, 3, 1, 1, 1, 1),
(123, 85, 3, 1, 1, 1, 1),
(124, 86, 3, 1, 1, 1, 1),
(125, 87, 3, 1, 1, 1, 1),
(126, 88, 3, 1, 1, 1, 1),
(127, 89, 3, 1, 1, 1, 1),
(128, 90, 3, 1, 1, 1, 1),
(129, 91, 3, 1, 1, 1, 1),
(130, 92, 3, 1, 1, 1, 1),
(131, 93, 3, 1, 1, 1, 1),
(132, 94, 3, 1, 1, 1, 1),
(133, 95, 3, 1, 1, 1, 1),
(134, 96, 3, 1, 1, 1, 1),
(135, 97, 3, 1, 1, 1, 1),
(136, 98, 3, 1, 1, 1, 1),
(137, 99, 3, 1, 1, 1, 1),
(138, 100, 3, 1, 1, 1, 1),
(139, 101, 3, 1, 1, 1, 1),
(140, 102, 3, 1, 1, 1, 1),
(141, 103, 3, 1, 1, 1, 1),
(142, 104, 3, 1, 1, 1, 1),
(143, 105, 4, 1, 1, 1, 1),
(144, 106, 4, 1, 1, 1, 1),
(145, 107, 4, 1, 1, 1, 1),
(146, 108, 4, 1, 1, 1, 1),
(147, 109, 4, 1, 1, 1, 1),
(148, 110, 4, 1, 1, 1, 1),
(149, 111, 4, 1, 1, 1, 1),
(150, 112, 4, 1, 1, 1, 1),
(151, 113, 4, 1, 1, 1, 1),
(152, 114, 4, 1, 1, 1, 1),
(153, 115, 4, 1, 1, 1, 1),
(154, 116, 4, 1, 1, 1, 1),
(155, 117, 4, 1, 1, 1, 1),
(156, 118, 4, 1, 1, 1, 1),
(157, 119, 4, 1, 1, 1, 1),
(158, 120, 4, 1, 1, 1, 1),
(159, 121, 4, 1, 1, 1, 1),
(160, 122, 4, 1, 1, 1, 1),
(161, 123, 4, 1, 1, 1, 1),
(162, 124, 4, 1, 1, 1, 1),
(163, 125, 4, 1, 1, 1, 1),
(164, 126, 4, 1, 1, 1, 1),
(165, 127, 4, 1, 1, 1, 1),
(166, 128, 4, 1, 1, 1, 1),
(167, 129, 4, 1, 1, 1, 1),
(168, 130, 4, 1, 1, 1, 1),
(169, 131, 4, 1, 1, 1, 1),
(170, 132, 4, 1, 1, 1, 1),
(171, 133, 4, 1, 1, 1, 1),
(172, 134, 4, 1, 1, 1, 1),
(173, 135, 5, 1, 1, 1, 1),
(174, 136, 5, 1, 1, 1, 1),
(175, 137, 5, 1, 1, 1, 1),
(176, 138, 5, 1, 1, 1, 1),
(177, 139, 5, 1, 1, 1, 1),
(178, 140, 5, 1, 1, 1, 1),
(179, 141, 5, 1, 1, 1, 1),
(180, 142, 5, 1, 1, 1, 1),
(181, 143, 5, 1, 1, 1, 1),
(182, 144, 5, 1, 1, 1, 1),
(183, 145, 5, 1, 1, 1, 1),
(184, 146, 5, 1, 1, 1, 1),
(185, 147, 5, 1, 1, 1, 1),
(186, 148, 5, 1, 1, 1, 1),
(187, 149, 5, 1, 1, 1, 1),
(188, 150, 5, 1, 1, 1, 1),
(189, 151, 5, 1, 1, 1, 1),
(190, 152, 5, 1, 1, 1, 1),
(191, 153, 5, 1, 1, 1, 1),
(192, 154, 5, 1, 1, 1, 1),
(193, 155, 5, 1, 1, 1, 1),
(194, 156, 5, 1, 1, 1, 1),
(195, 157, 5, 1, 1, 1, 1),
(196, 158, 5, 1, 1, 1, 1),
(197, 159, 5, 1, 1, 1, 1),
(198, 160, 5, 1, 1, 1, 1),
(199, 161, 5, 1, 1, 1, 1),
(200, 162, 5, 1, 1, 1, 1),
(201, 163, 5, 1, 1, 1, 1),
(202, 164, 5, 1, 1, 1, 1),
(203, 165, 6, 1, 1, 1, 1),
(204, 166, 6, 1, 1, 1, 1),
(205, 167, 6, 1, 1, 1, 1),
(206, 168, 6, 1, 1, 1, 1),
(207, 169, 6, 1, 1, 1, 1),
(208, 170, 6, 1, 1, 1, 1),
(209, 171, 6, 1, 1, 1, 1),
(210, 172, 6, 1, 1, 1, 1),
(211, 173, 6, 1, 1, 1, 1),
(212, 174, 6, 1, 1, 1, 1),
(213, 175, 6, 1, 1, 1, 1),
(214, 176, 6, 1, 1, 1, 1),
(215, 177, 6, 1, 1, 1, 1),
(216, 178, 6, 1, 1, 1, 1),
(217, 179, 6, 1, 1, 1, 1),
(218, 180, 6, 1, 1, 1, 1),
(219, 181, 6, 1, 1, 1, 1),
(220, 182, 6, 1, 1, 1, 1),
(221, 183, 6, 1, 1, 1, 1),
(222, 184, 6, 1, 1, 1, 1),
(223, 185, 6, 1, 1, 1, 1),
(224, 186, 6, 1, 1, 1, 1),
(225, 187, 6, 1, 1, 1, 1),
(226, 188, 6, 1, 1, 1, 1),
(227, 189, 6, 1, 1, 1, 1),
(228, 190, 6, 1, 1, 1, 1),
(229, 191, 6, 1, 1, 1, 1),
(230, 192, 6, 1, 1, 1, 1),
(231, 193, 6, 1, 1, 1, 1),
(232, 194, 6, 1, 1, 1, 1),
(234, 196, 7, 1, 1, 1, 1),
(235, 197, 7, 1, 1, 1, 1),
(236, 198, 7, 1, 1, 1, 1),
(237, 199, 7, 1, 1, 1, 1),
(238, 200, 7, 1, 1, 1, 1),
(239, 201, 7, 1, 1, 1, 1),
(240, 202, 7, 1, 1, 1, 1),
(241, 203, 7, 1, 1, 1, 1),
(242, 204, 7, 1, 1, 1, 1),
(243, 205, 7, 1, 1, 1, 1),
(244, 206, 7, 1, 1, 1, 1),
(245, 207, 7, 1, 1, 1, 1),
(246, 208, 7, 1, 1, 1, 1),
(247, 209, 7, 1, 1, 1, 1),
(248, 210, 7, 1, 1, 1, 1),
(249, 211, 7, 1, 1, 1, 1),
(250, 212, 7, 1, 1, 1, 1),
(251, 213, 7, 1, 1, 1, 1),
(252, 214, 7, 1, 1, 1, 1),
(253, 215, 7, 1, 1, 1, 1),
(254, 216, 7, 1, 1, 1, 1),
(255, 217, 7, 1, 1, 1, 1),
(256, 218, 7, 1, 1, 1, 1),
(257, 219, 7, 1, 1, 1, 1),
(258, 220, 7, 1, 1, 1, 1),
(259, 221, 7, 1, 1, 1, 1),
(260, 222, 8, 1, 1, 1, 1),
(261, 223, 8, 1, 1, 1, 1),
(262, 224, 8, 1, 1, 1, 1),
(263, 225, 8, 1, 1, 1, 1),
(264, 226, 8, 1, 1, 1, 1),
(265, 227, 8, 1, 1, 1, 1),
(266, 228, 8, 1, 1, 1, 1),
(267, 229, 8, 1, 1, 1, 1),
(268, 230, 8, 1, 1, 1, 1),
(269, 231, 8, 1, 1, 1, 1),
(270, 232, 8, 1, 1, 1, 1),
(271, 233, 8, 1, 1, 1, 1),
(272, 234, 8, 1, 1, 1, 1),
(273, 235, 8, 1, 1, 1, 1),
(274, 236, 8, 1, 1, 1, 1),
(275, 237, 8, 1, 1, 1, 1),
(276, 238, 8, 1, 1, 1, 1),
(277, 239, 8, 1, 1, 1, 1),
(278, 241, 6, 1, 1, 1, 1),
(279, 242, 8, 1, 1, 1, 1),
(280, 245, 2, 1, 1, 1, 1),
(281, 246, 4, 1, 1, 1, 1),
(282, 247, 7, 1, 1, 1, 1),
(283, 249, 7, 1, 1, 1, 1),
(284, 248, 7, 1, 1, 1, 1),
(285, 250, 7, 1, 1, 1, 1),
(286, 251, 7, 1, 1, 1, 1),
(287, 30, 1, 8, 1, 1, 1),
(288, 19, 1, 8, 1, 1, 1),
(289, 20, 1, 8, 1, 1, 1),
(290, 31, 1, 8, 1, 1, 1),
(291, 26, 1, 8, 1, 1, 1),
(292, 3, 1, 8, 1, 1, 1),
(293, 38, 1, 8, 1, 1, 1),
(294, 8, 1, 8, 1, 1, 1),
(295, 43, 1, 8, 1, 1, 1),
(296, 29, 1, 8, 1, 1, 1),
(297, 2, 1, 8, 1, 1, 1),
(298, 39, 1, 8, 1, 1, 1),
(299, 41, 1, 8, 1, 1, 1),
(300, 42, 1, 8, 1, 1, 1),
(301, 32, 1, 8, 1, 1, 1),
(302, 9, 1, 8, 1, 1, 1),
(303, 6, 1, 8, 1, 1, 1),
(304, 34, 1, 8, 1, 1, 1),
(305, 13, 1, 8, 1, 1, 1),
(306, 12, 1, 8, 1, 1, 1),
(307, 14, 1, 8, 1, 1, 1),
(308, 5, 1, 8, 1, 1, 1),
(309, 1, 1, 8, 1, 1, 1),
(310, 36, 1, 8, 1, 1, 1),
(311, 33, 1, 8, 1, 1, 1),
(312, 4, 1, 8, 1, 1, 1),
(313, 40, 1, 8, 1, 1, 1),
(314, 37, 1, 8, 1, 1, 1),
(315, 7, 1, 8, 1, 1, 1),
(316, 35, 1, 8, 1, 1, 1),
(317, 255, 14, 10, 1, 1, 1),
(318, 30, 14, 10, 1, 1, 1),
(319, 19, 14, 10, 1, 1, 1),
(320, 20, 14, 10, 1, 1, 1),
(321, 31, 14, 10, 1, 1, 1),
(322, 26, 14, 10, 1, 1, 1),
(323, 3, 14, 10, 1, 1, 1),
(324, 8, 14, 10, 1, 1, 1),
(325, 43, 14, 10, 1, 1, 1),
(326, 29, 14, 10, 1, 1, 1),
(327, 2, 14, 10, 1, 1, 1),
(328, 39, 14, 10, 1, 1, 1),
(329, 42, 14, 10, 1, 1, 1),
(330, 256, 14, 10, 1, 1, 1),
(331, 253, 14, 10, 1, 1, 1),
(332, 252, 14, 10, 1, 1, 1),
(333, 32, 14, 10, 1, 1, 1),
(334, 6, 14, 10, 1, 1, 1),
(335, 34, 14, 10, 1, 1, 1),
(336, 13, 14, 10, 1, 1, 1),
(337, 14, 14, 10, 1, 1, 1),
(338, 5, 14, 10, 1, 1, 1),
(339, 1, 14, 10, 1, 1, 1),
(340, 36, 14, 10, 1, 1, 1),
(341, 33, 14, 10, 1, 1, 1),
(342, 254, 14, 10, 1, 1, 1),
(343, 4, 14, 10, 1, 1, 1),
(344, 40, 14, 10, 1, 1, 1),
(345, 37, 14, 10, 1, 1, 1),
(346, 35, 14, 10, 1, 1, 1),
(347, 222, 8, 10, 1, 1, 1),
(348, 223, 8, 10, 1, 1, 1),
(349, 260, 8, 10, 1, 1, 1),
(350, 224, 8, 10, 1, 1, 1),
(351, 258, 8, 10, 1, 1, 1),
(352, 225, 8, 10, 1, 1, 1),
(353, 257, 8, 10, 1, 1, 1),
(354, 227, 8, 10, 1, 1, 1),
(355, 228, 8, 10, 1, 1, 1),
(356, 229, 8, 10, 1, 1, 1),
(357, 230, 8, 10, 1, 1, 1),
(358, 259, 8, 10, 1, 1, 1),
(359, 231, 8, 10, 1, 1, 1),
(360, 233, 8, 10, 1, 1, 1),
(361, 234, 8, 10, 1, 1, 1),
(362, 235, 8, 10, 1, 1, 1),
(363, 232, 8, 10, 1, 1, 1),
(364, 236, 8, 10, 1, 1, 1),
(365, 237, 8, 10, 1, 1, 1),
(366, 238, 8, 10, 1, 1, 1),
(367, 239, 8, 10, 1, 1, 1),
(368, 131, 4, 10, 1, 1, 1),
(369, 118, 4, 10, 1, 1, 1),
(370, 108, 4, 10, 1, 1, 1),
(371, 121, 4, 10, 1, 1, 1),
(372, 106, 4, 10, 1, 1, 1),
(373, 107, 4, 10, 1, 1, 1),
(374, 123, 4, 10, 1, 1, 1),
(375, 109, 4, 10, 1, 1, 1),
(376, 120, 4, 10, 1, 1, 1),
(377, 112, 4, 10, 1, 1, 1),
(378, 111, 4, 10, 1, 1, 1),
(379, 114, 4, 10, 1, 1, 1),
(380, 117, 4, 10, 1, 1, 1),
(381, 105, 4, 10, 1, 1, 1),
(382, 115, 4, 10, 1, 1, 1),
(383, 113, 4, 10, 1, 1, 1),
(384, 130, 4, 10, 1, 1, 1),
(385, 119, 4, 10, 1, 1, 1),
(386, 124, 4, 10, 1, 1, 1),
(387, 116, 4, 10, 1, 1, 1),
(388, 264, 4, 10, 1, 1, 1),
(389, 262, 4, 10, 1, 1, 1),
(390, 261, 4, 10, 1, 1, 1),
(391, 263, 4, 10, 1, 1, 1),
(392, 265, 4, 10, 1, 1, 1),
(393, 266, 4, 10, 1, 1, 1),
(394, 270, 4, 10, 1, 1, 1),
(395, 269, 4, 10, 1, 1, 1),
(396, 268, 4, 10, 1, 1, 1),
(397, 267, 4, 10, 1, 1, 1),
(398, 53, 2, 10, 1, 1, 1),
(399, 49, 2, 10, 1, 1, 1),
(400, 74, 2, 10, 1, 1, 1),
(401, 79, 3, 10, 1, 1, 1),
(402, 80, 3, 10, 1, 1, 1),
(403, 81, 3, 10, 1, 1, 1),
(404, 82, 3, 10, 1, 1, 1),
(405, 83, 3, 10, 1, 1, 1),
(406, 84, 3, 10, 1, 1, 1),
(407, 85, 3, 10, 1, 1, 1),
(408, 86, 3, 10, 1, 1, 1),
(409, 87, 3, 10, 1, 1, 1),
(410, 88, 3, 10, 1, 1, 1),
(411, 90, 3, 10, 1, 1, 1),
(412, 92, 3, 10, 1, 1, 1),
(413, 78, 3, 10, 1, 1, 1),
(414, 93, 3, 10, 1, 1, 1),
(415, 95, 3, 10, 1, 1, 1),
(416, 96, 3, 10, 1, 1, 1),
(417, 97, 3, 10, 1, 1, 1),
(418, 104, 3, 10, 1, 1, 1),
(419, 99, 3, 10, 1, 1, 1),
(420, 264, 4, 11, 1, 1, 1),
(421, 131, 4, 11, 1, 1, 1),
(422, 266, 4, 11, 1, 1, 1),
(423, 118, 4, 11, 1, 1, 1),
(424, 269, 4, 11, 1, 1, 1),
(425, 108, 4, 11, 1, 1, 1),
(426, 121, 4, 11, 1, 1, 1),
(427, 106, 4, 11, 1, 1, 1),
(428, 107, 4, 11, 1, 1, 1),
(429, 123, 4, 11, 1, 1, 1),
(430, 120, 4, 11, 1, 1, 1),
(431, 112, 4, 11, 1, 1, 1),
(432, 111, 4, 11, 1, 1, 1),
(433, 263, 4, 11, 1, 1, 1),
(434, 105, 4, 11, 1, 1, 1),
(435, 115, 4, 11, 1, 1, 1),
(436, 119, 4, 11, 1, 1, 1),
(437, 124, 4, 11, 1, 1, 1),
(438, 265, 4, 11, 1, 1, 1),
(439, 116, 4, 11, 1, 1, 1),
(440, 271, 4, 11, 1, 1, 1),
(441, 272, 4, 11, 1, 1, 1),
(442, 273, 4, 11, 1, 1, 1),
(443, 274, 4, 11, 1, 1, 1),
(444, 275, 4, 11, 1, 1, 1),
(445, 140, 5, 11, 1, 1, 1),
(446, 135, 5, 11, 1, 1, 1),
(447, 142, 5, 11, 1, 1, 1),
(448, 161, 5, 11, 1, 1, 1),
(449, 147, 5, 11, 1, 1, 1),
(450, 164, 5, 11, 1, 1, 1),
(451, 162, 5, 11, 1, 1, 1),
(452, 156, 5, 11, 1, 1, 1),
(453, 151, 5, 11, 1, 1, 1),
(454, 290, 5, 11, 1, 1, 1),
(455, 281, 5, 11, 1, 1, 1),
(456, 284, 5, 11, 1, 1, 1),
(457, 288, 5, 11, 1, 1, 1),
(458, 293, 5, 11, 1, 1, 1),
(459, 291, 5, 11, 1, 1, 1),
(460, 292, 5, 11, 1, 1, 1),
(461, 289, 5, 11, 1, 1, 1),
(462, 279, 5, 11, 1, 1, 1),
(463, 277, 5, 11, 1, 1, 1),
(464, 286, 5, 11, 1, 1, 1),
(465, 285, 5, 11, 1, 1, 1),
(466, 287, 5, 11, 1, 1, 1),
(467, 280, 5, 11, 1, 1, 1),
(468, 278, 5, 11, 1, 1, 1),
(469, 283, 5, 11, 1, 1, 1),
(470, 282, 5, 11, 1, 1, 1),
(471, 295, 16, 11, 1, 1, 1),
(472, 297, 16, 11, 1, 1, 1),
(473, 294, 16, 11, 1, 1, 1),
(474, 301, 16, 11, 1, 1, 1),
(475, 303, 16, 11, 1, 1, 1),
(476, 300, 16, 11, 1, 1, 1),
(477, 304, 16, 11, 1, 1, 1),
(478, 311, 16, 11, 1, 1, 1),
(479, 299, 16, 11, 1, 1, 1),
(480, 296, 16, 11, 1, 1, 1),
(481, 298, 16, 11, 1, 1, 1),
(482, 302, 16, 11, 1, 1, 1),
(483, 305, 16, 11, 1, 1, 1),
(484, 308, 16, 11, 1, 1, 1),
(485, 307, 16, 11, 1, 1, 1),
(486, 309, 16, 11, 1, 1, 1),
(487, 310, 16, 11, 1, 1, 1),
(488, 313, 16, 11, 1, 1, 1),
(489, 312, 16, 11, 1, 1, 1),
(490, 316, 16, 11, 1, 1, 1),
(491, 306, 16, 11, 1, 1, 1),
(492, 314, 16, 11, 1, 1, 1),
(493, 315, 16, 11, 1, 1, 1),
(494, 318, 13, 11, 1, 1, 1),
(495, 331, 13, 11, 1, 1, 1),
(496, 326, 13, 11, 1, 1, 1),
(497, 335, 13, 11, 1, 1, 1),
(498, 317, 13, 11, 1, 1, 1),
(499, 321, 13, 11, 1, 1, 1),
(500, 320, 13, 11, 1, 1, 1),
(501, 333, 13, 11, 1, 1, 1),
(502, 2, 13, 11, 1, 1, 1),
(503, 323, 13, 11, 1, 1, 1),
(504, 327, 13, 11, 1, 1, 1),
(505, 324, 13, 11, 1, 1, 1),
(506, 332, 13, 11, 1, 1, 1),
(507, 336, 13, 11, 1, 1, 1),
(508, 325, 13, 11, 1, 1, 1),
(509, 322, 13, 11, 1, 1, 1),
(510, 52, 13, 11, 1, 1, 1),
(511, 4, 13, 11, 1, 1, 1),
(512, 329, 13, 11, 1, 1, 1),
(513, 334, 13, 11, 1, 1, 1),
(514, 328, 13, 11, 1, 1, 1),
(515, 319, 13, 11, 1, 1, 1),
(516, 330, 13, 11, 1, 1, 1),
(517, 222, 8, 11, 1, 1, 1),
(518, 223, 8, 11, 1, 1, 1),
(519, 355, 8, 11, 1, 1, 1),
(520, 356, 8, 11, 1, 1, 1),
(521, 224, 8, 11, 1, 1, 1),
(522, 258, 8, 11, 1, 1, 1),
(523, 225, 8, 11, 1, 1, 1),
(524, 257, 8, 11, 1, 1, 1),
(525, 226, 8, 11, 1, 1, 1),
(526, 227, 8, 11, 1, 1, 1),
(527, 228, 8, 11, 1, 1, 1),
(528, 229, 8, 11, 1, 1, 1),
(529, 357, 8, 11, 1, 1, 1),
(530, 230, 8, 11, 1, 1, 1),
(531, 231, 8, 11, 1, 1, 1),
(532, 358, 8, 11, 1, 1, 1),
(533, 233, 8, 11, 1, 1, 1),
(534, 234, 8, 11, 1, 1, 1),
(535, 235, 8, 11, 1, 1, 1),
(536, 353, 8, 11, 1, 1, 1),
(537, 236, 8, 11, 1, 1, 1),
(538, 352, 8, 11, 1, 1, 1),
(539, 238, 8, 11, 1, 1, 1),
(540, 239, 8, 11, 1, 1, 1),
(541, 354, 8, 11, 1, 1, 1),
(542, 237, 8, 11, 1, 1, 1),
(543, 349, 15, 11, 1, 1, 1),
(544, 343, 15, 11, 1, 1, 1),
(545, 337, 15, 11, 1, 1, 1),
(546, 268, 15, 11, 1, 1, 1),
(547, 340, 15, 11, 1, 1, 1),
(548, 339, 15, 11, 1, 1, 1),
(549, 262, 15, 11, 1, 1, 1),
(550, 351, 15, 11, 1, 1, 1),
(551, 348, 15, 11, 1, 1, 1),
(552, 344, 15, 11, 1, 1, 1),
(553, 347, 15, 11, 1, 1, 1),
(554, 342, 15, 11, 1, 1, 1),
(555, 338, 15, 11, 1, 1, 1),
(556, 341, 15, 11, 1, 1, 1),
(557, 346, 15, 11, 1, 1, 1),
(558, 350, 15, 11, 1, 1, 1),
(559, 345, 15, 11, 1, 1, 1),
(560, 261, 15, 11, 1, 1, 1),
(561, 364, 17, 11, 1, 1, 1),
(562, 370, 17, 11, 1, 1, 1),
(563, 376, 17, 11, 1, 1, 1),
(564, 366, 17, 11, 1, 1, 1),
(565, 368, 17, 11, 1, 1, 1),
(566, 365, 17, 11, 1, 1, 1),
(567, 373, 17, 11, 1, 1, 1),
(568, 375, 17, 11, 1, 1, 1),
(569, 377, 17, 11, 1, 1, 1),
(570, 363, 17, 11, 1, 1, 1),
(571, 360, 17, 11, 1, 1, 1),
(572, 361, 17, 11, 1, 1, 1),
(573, 378, 17, 11, 1, 1, 1),
(574, 372, 17, 11, 1, 1, 1),
(575, 369, 17, 11, 1, 1, 1),
(576, 371, 17, 11, 1, 1, 1),
(577, 374, 17, 11, 1, 1, 1),
(578, 367, 17, 11, 1, 1, 1),
(579, 362, 17, 11, 1, 1, 1),
(580, 197, 7, 11, 1, 1, 1),
(581, 200, 7, 11, 1, 1, 1),
(582, 251, 7, 11, 1, 1, 1),
(583, 198, 7, 11, 1, 1, 1),
(584, 204, 7, 11, 1, 1, 1),
(585, 211, 7, 11, 1, 1, 1),
(586, 208, 7, 11, 1, 1, 1),
(587, 203, 7, 11, 1, 1, 1),
(588, 248, 7, 11, 1, 1, 1),
(589, 210, 7, 11, 1, 1, 1),
(590, 196, 7, 11, 1, 1, 1),
(591, 19, 14, 11, 1, 1, 1),
(592, 20, 14, 11, 1, 1, 1),
(593, 31, 14, 11, 1, 1, 1),
(594, 26, 14, 11, 1, 1, 1),
(595, 3, 14, 11, 1, 1, 1),
(596, 8, 14, 11, 1, 1, 1),
(597, 43, 14, 11, 1, 1, 1),
(598, 29, 14, 11, 1, 1, 1),
(599, 39, 14, 11, 1, 1, 1),
(600, 42, 14, 11, 1, 1, 1),
(602, 32, 14, 11, 1, 1, 1),
(603, 6, 14, 11, 1, 1, 1),
(604, 13, 14, 11, 1, 1, 1),
(605, 14, 14, 11, 1, 1, 1),
(606, 1, 14, 11, 1, 1, 1),
(607, 33, 14, 11, 1, 1, 1),
(608, 37, 14, 11, 1, 1, 1),
(609, 35, 14, 11, 1, 1, 1),
(610, 386, 7, 11, 1, 1, 1),
(611, 379, 7, 11, 1, 1, 1),
(612, 388, 7, 11, 1, 1, 1),
(613, 383, 7, 11, 1, 1, 1),
(614, 385, 7, 11, 1, 1, 1),
(615, 382, 7, 11, 1, 1, 1),
(616, 387, 7, 11, 1, 1, 1),
(617, 380, 7, 11, 1, 1, 1),
(618, 384, 7, 11, 1, 1, 1),
(619, 381, 7, 11, 1, 1, 1),
(620, 391, 14, 11, 1, 1, 1),
(621, 389, 14, 11, 1, 1, 1),
(622, 390, 14, 11, 1, 1, 1),
(623, 392, 14, 11, 1, 1, 1),
(624, 394, 14, 11, 1, 1, 1),
(625, 396, 14, 11, 1, 1, 1),
(626, 393, 14, 11, 1, 1, 1),
(627, 395, 14, 11, 1, 1, 1),
(628, 397, 14, 11, 1, 1, 1),
(629, 398, 14, 11, 1, 1, 1),
(630, 399, 14, 11, 1, 1, 1);

-- --------------------------------------------------------

--
-- Table structure for table `tournament_has_team`
--

CREATE TABLE `tournament_has_team` (
  `played` int(3) NOT NULL,
  `won` int(3) NOT NULL,
  `Lost` int(3) NOT NULL,
  `tied` int(3) NOT NULL,
  `nr` int(3) NOT NULL,
  `points` int(4) NOT NULL,
  `runrate` varchar(50) NOT NULL,
  `tht_id` int(10) NOT NULL,
  `tournament_id` int(10) NOT NULL,
  `team_id` int(11) NOT NULL
) ENGINE=InnoDB DEFAULT CHARSET=latin1;

--
-- Dumping data for table `tournament_has_team`
--

INSERT INTO `tournament_has_team` (`played`, `won`, `Lost`, `tied`, `nr`, `points`, `runrate`, `tht_id`, `tournament_id`, `team_id`) VALUES
(12, 10, 2, 0, 0, 20, '+1.87', 1, 1, 1),
(12, 7, 5, 0, 0, 14, '+0.465', 2, 1, 2),
(12, 11, 1, 0, 0, 22, '+1.646', 3, 1, 3),
(12, 4, 8, 0, 0, 8, '-0.564', 4, 1, 4),
(12, 4, 8, 0, 0, 8, '-0.587', 5, 1, 5),
(12, 4, 8, 0, 0, 8, '-1.044', 6, 1, 6),
(12, 1, 11, 0, 0, 2, '-1.416', 7, 1, 7),
(12, 7, 5, 0, 0, 14, '-0.104', 8, 1, 8),
(1, 1, 0, 0, 0, 2, '6.73333', 9, 2, 9),
(1, 0, 1, 0, 0, 0, '2.46667', 10, 2, 10),
(0, 0, 0, 0, 0, 0, '', 11, 8, 1),
(0, 0, 0, 0, 0, 0, '', 12, 8, 2),
(0, 0, 0, 0, 0, 0, '', 13, 8, 3),
(0, 0, 0, 0, 0, 0, '', 14, 8, 4),
(0, 0, 0, 0, 0, 0, '', 15, 8, 5),
(0, 0, 0, 0, 0, 0, '', 16, 8, 6),
(0, 0, 0, 0, 0, 0, '', 17, 8, 7),
(0, 0, 0, 0, 0, 0, '', 18, 8, 8),
(0, 0, 0, 0, 0, 0, '', 20, 10, 2),
(0, 0, 0, 0, 0, 0, '', 21, 10, 3),
(0, 0, 0, 0, 0, 0, '', 22, 10, 4),
(0, 0, 0, 0, 0, 0, '', 23, 10, 5),
(0, 0, 0, 0, 0, 0, '', 24, 10, 7),
(0, 0, 0, 0, 0, 0, '', 25, 10, 8),
(0, 0, 0, 0, 0, 0, '', 26, 10, 13),
(0, 0, 0, 0, 0, 0, '', 27, 10, 14),
(0, 0, 0, 0, 0, 0, '', 28, 11, 4),
(0, 0, 0, 0, 0, 0, '', 29, 11, 5),
(0, 0, 0, 0, 0, 0, '', 30, 11, 7),
(0, 0, 0, 0, 0, 0, '', 31, 11, 8),
(0, 0, 0, 0, 0, 0, '', 32, 11, 13),
(0, 0, 0, 0, 0, 0, '', 33, 11, 15),
(0, 0, 0, 0, 0, 0, '', 34, 11, 16),
(0, 0, 0, 0, 0, 0, '', 35, 11, 17),
(0, 0, 0, 0, 0, 0, '', 36, 11, 14);

-- --------------------------------------------------------

--
-- Table structure for table `tournament_has_team_p`
--

CREATE TABLE `tournament_has_team_p` (
  `played` int(3) NOT NULL,
  `won` int(3) NOT NULL,
  `Lost` int(3) NOT NULL,
  `tied` int(3) NOT NULL,
  `nr` int(3) NOT NULL,
  `points` int(4) NOT NULL,
  `runrate` float NOT NULL,
  `tht_id` int(10) NOT NULL,
  `tournament_id` int(10) NOT NULL,
  `team_id` int(11) NOT NULL
) ENGINE=InnoDB DEFAULT CHARSET=latin1;

--
-- Dumping data for table `tournament_has_team_p`
--

INSERT INTO `tournament_has_team_p` (`played`, `won`, `Lost`, `tied`, `nr`, `points`, `runrate`, `tht_id`, `tournament_id`, `team_id`) VALUES
(0, 0, 0, 0, 0, 0, 0, 1, 1, 1),
(0, 0, 0, 0, 0, 0, 0, 2, 1, 2),
(0, 0, 0, 0, 0, 0, 0, 3, 1, 3),
(0, 0, 0, 0, 0, 0, 0, 4, 1, 4),
(0, 0, 0, 0, 0, 0, 0, 5, 1, 5),
(0, 0, 0, 0, 0, 0, 0, 6, 1, 6),
(0, 0, 0, 0, 0, 0, 0, 7, 1, 7),
(0, 0, 0, 0, 0, 0, 0, 8, 1, 8),
(3, 3, 0, 0, 0, 0, -0.32, 9, 2, 9),
(3, 0, 3, 0, 0, 0, 0.32, 10, 2, 10);

-- --------------------------------------------------------

--
-- Table structure for table `umpire`
--

CREATE TABLE `umpire` (
  `umpire_id` int(10) NOT NULL,
  `umpire_name` varchar(100) NOT NULL,
  `umpire_status` int(11) NOT NULL DEFAULT '1',
  `umpire_country` int(10) NOT NULL,
  `umpire_dob` date NOT NULL,
  `umpire_logo` varchar(100) NOT NULL
) ENGINE=InnoDB DEFAULT CHARSET=latin1;

-- --------------------------------------------------------

--
-- Table structure for table `users`
--

CREATE TABLE `users` (
  `uId` int(11) NOT NULL,
  `username` varchar(150) NOT NULL,
  `emailId` varchar(150) NOT NULL,
  `password` varchar(150) NOT NULL,
  `role_name` varchar(150) NOT NULL,
  `udId` varchar(300) NOT NULL,
  `cDate` datetime NOT NULL,
  `uDate` datetime NOT NULL,
  `deviceType` varchar(150) NOT NULL,
  `team_id` int(11) NOT NULL,
  `ustatus` int(11) NOT NULL DEFAULT '2'
) ENGINE=InnoDB DEFAULT CHARSET=latin1;

--
-- Dumping data for table `users`
--

INSERT INTO `users` (`uId`, `username`, `emailId`, `password`, `role_name`, `udId`, `cDate`, `uDate`, `deviceType`, `team_id`, `ustatus`) VALUES
(1, 'Super Admin', 'admin@clubtcc.ca', 'ee2e0693ea99558b696f12548ac0a61e', 'Admin', '', '2016-05-13 07:25:45', '2016-06-08 04:23:54', '', 0, 2),
(2, 'Sys Admin', 'nag@iton.com', '64ef6ac9580de88ce26655c7790ac38f', 'Admin', '', '2016-05-13 07:35:42', '2016-06-08 04:24:19', '', 0, 2),
(14, 'Nagaraju', 'nagaraju.m@iton.com', '52b55782fc9ae4698a4a9cab5acfb676', 'Team Manager', '', '2016-05-14 16:04:35', '2016-06-22 06:46:53', '', 1, 2);

-- --------------------------------------------------------

--
-- Table structure for table `venue`
--

CREATE TABLE `venue` (
  `venue_id` int(10) NOT NULL,
  `venue_title` varchar(150) NOT NULL,
  `venue_description` text NOT NULL,
  `venue_location` varchar(100) NOT NULL,
  `country_id` int(10) NOT NULL,
  `geoLat` float NOT NULL,
  `geoLang` float NOT NULL
) ENGINE=InnoDB DEFAULT CHARSET=latin1;

--
-- Dumping data for table `venue`
--

INSERT INTO `venue` (`venue_id`, `venue_title`, `venue_description`, `venue_location`, `country_id`, `geoLat`, `geoLang`) VALUES
(1, 'Centennial Park (A)', 'Ground - A, Centennial Park', 'Ontario', 38, 12.2345, 154.111),
(2, 'Centennial Park (B)', 'Ground - B, Centennial Park', 'Ontario', 38, 12.2345, 154.111);

-- --------------------------------------------------------

--
-- Table structure for table `videos`
--

CREATE TABLE `videos` (
  `video_id` int(10) NOT NULL,
  `video_title` varchar(100) NOT NULL,
  `video_description` text NOT NULL,
  `video_type` varchar(100) NOT NULL,
  `video_type_id` int(11) NOT NULL,
  `createdOn` datetime NOT NULL,
  `updatedOn` datetime NOT NULL,
  `video_path` varchar(200) NOT NULL,
  `thumbnail` varchar(300) NOT NULL,
  `duration` varchar(100) NOT NULL DEFAULT '00:00:00'
) ENGINE=InnoDB DEFAULT CHARSET=latin1;

--
-- Dumping data for table `videos`
--

INSERT INTO `videos` (`video_id`, `video_title`, `video_description`, `video_type`, `video_type_id`, `createdOn`, `updatedOn`, `video_path`, `thumbnail`, `duration`) VALUES
(9, 'Test video', '', 'tournament', 2, '2016-05-18 07:13:02', '2016-05-25 11:41:23', 'images/videos/tournament/file_047_trim.E8058E14-CC4D-41CA-AE90-3845B13659CA.MOV', 'images/videos/thumbnail/file_047_trim.E8058E14-CC4D-41CA-AE90-3845B13659CA.jpg', '00:00:02'),
(11, 'Test vid 3', '', 'tournament', 2, '2016-05-19 06:19:34', '2016-05-25 12:00:30', 'images/videos/tournament/file_369_trim.3FC75C24-F202-40F5-B9F0-9B387F44C5C4.MOV', 'images/videos/thumbnail/file_369_trim.3FC75C24-F202-40F5-B9F0-9B387F44C5C4.jpg', '00:00:58'),
(12, 'ACC Batting', '', 'tournament', 1, '2016-05-24 06:56:42', '2016-05-25 12:00:34', 'images/videos/tournament/file_756_trim.81478026-75A0-4794-BD8A-4F353919A05F.MOV', 'images/videos/thumbnail/file_756_trim.81478026-75A0-4794-BD8A-4F353919A05F.jpg', '00:00:14'),
(13, 'ACC batting 1', '', 'tournament', 1, '2016-05-24 06:58:29', '2016-05-25 12:00:39', 'images/videos/tournament/file_103_trim.4CDE7E3C-2782-478A-9D01-BC0896D6552B.MOV', 'images/videos/thumbnail/file_103_trim.4CDE7E3C-2782-478A-9D01-BC0896D6552B.jpg', '00:00:51'),
(14, 'Riaz pull against ACC', '', 'player', 1, '2016-05-24 07:00:38', '2016-05-25 12:00:42', 'images/videos/player/file_296_trim.6D325D33-BE3F-4E17-A3D3-B1657E85D01B.MOV', 'images/videos/thumbnail/file_296_trim.6D325D33-BE3F-4E17-A3D3-B1657E85D01B.jpg', '00:00:26'),
(15, 'Kumar in action against ACC ', '', 'player', 32, '2016-05-24 07:03:07', '2016-05-25 12:00:44', 'images/videos/player/file_963_trim.B3893701-BD46-4A70-B1F9-A91AB668B780.MOV', 'images/videos/thumbnail/file_963_trim.B3893701-BD46-4A70-B1F9-A91AB668B780.jpg', '00:00:08'),
(16, 'Erra brothers team up to dismiss ACC batsman', '', 'team', 1, '2016-05-24 07:04:46', '2016-05-25 12:00:47', 'images/videos/team/file_809_trim.C8045A41-9339-4DA4-895B-C6BCE0414AE5.MOV', 'images/videos/thumbnail/file_809_trim.C8045A41-9339-4DA4-895B-C6BCE0414AE5.jpg', '00:01:21'),
(17, 'Dipesh in action against ACC', '', 'player', 29, '2016-05-24 07:07:49', '2016-05-25 12:00:50', 'images/videos/player/file_287_trim.388D2459-FA7A-4E64-B2E2-969CCB22B0D1.MOV', 'images/videos/thumbnail/file_287_trim.388D2459-FA7A-4E64-B2E2-969CCB22B0D1.jpg', '00:00:51'),
(18, 'Atul in action against ACC', '', 'player', 3, '2016-05-24 07:15:39', '2016-05-25 12:00:53', 'images/videos/player/file_849_trim.6F4C81EA-6B8D-4B76-BB95-AAA63654D70E.MOV', 'images/videos/thumbnail/file_849_trim.6F4C81EA-6B8D-4B76-BB95-AAA63654D70E.jpg', '00:00:51'),
(19, 'Atul and EV in action against ACC', '', 'team', 1, '2016-05-24 07:16:48', '2016-05-25 12:00:56', 'images/videos/team/file_873_trim.93D132EE-467D-4718-975D-644ED5FDC152.MOV', 'images/videos/thumbnail/file_873_trim.93D132EE-467D-4718-975D-644ED5FDC152.jpg', '00:00:14'),
(20, 'Amaan in action against ACC', '', 'player', 20, '2016-05-24 07:18:39', '2016-05-25 12:00:59', 'images/videos/player/file_856_trim.BFC4D118-9922-4F65-B228-C31454C10EA3.MOV', 'images/videos/thumbnail/file_856_trim.BFC4D118-9922-4F65-B228-C31454C10EA3.jpg', '00:00:17'),
(21, 'Aditya fumbles vs ACC', '', 'player', 30, '2016-05-24 07:22:59', '2016-05-25 12:01:02', 'images/videos/player/file_249_trim.E31A3349-38E2-4AA7-9B9E-EA870D8D5C48.MOV', 'images/videos/thumbnail/file_249_trim.E31A3349-38E2-4AA7-9B9E-EA870D8D5C48.jpg', '00:00:17'),
(22, 'ACC batsman clean bowled by Kumar ', '', 'player', 32, '2016-05-24 07:24:43', '2016-05-25 12:01:05', 'images/videos/player/file_570_trim.82299FA5-4E1E-422F-AA5C-C59A100AE4F0.MOV', 'images/videos/thumbnail/file_570_trim.82299FA5-4E1E-422F-AA5C-C59A100AE4F0.jpg', '00:00:22'),
(23, 'ACC batting 2', '', 'tournament', 1, '2016-05-24 07:26:20', '2016-05-25 12:01:07', 'images/videos/tournament/file_893_trim.FED0AB25-872B-4DAC-AECB-F73D9F910E52.MOV', 'images/videos/thumbnail/file_893_trim.FED0AB25-872B-4DAC-AECB-F73D9F910E52.jpg', '00:00:38'),
(24, 'ACC batting 3', '', 'tournament', 1, '2016-05-24 07:26:50', '2016-05-25 12:01:10', 'images/videos/tournament/file_954_trim.FDDD161A-B4F4-4B49-8E25-EA28EBEEB369.MOV', 'images/videos/thumbnail/file_954_trim.FDDD161A-B4F4-4B49-8E25-EA28EBEEB369.jpg', '00:00:16'),
(25, 'ACC batting 4', '', 'tournament', 1, '2016-05-24 07:37:32', '2016-05-25 12:01:12', 'images/videos/tournament/file_136_trim.AE3F90AC-D42D-426F-9A07-26D4739806B6.MOV', 'images/videos/thumbnail/file_136_trim.AE3F90AC-D42D-426F-9A07-26D4739806B6.jpg', '00:00:14'),
(26, 'ACC batting 5', '', 'tournament', 1, '2016-05-24 07:38:22', '2016-05-25 12:01:15', 'images/videos/tournament/file_541_trim.A90017FD-DBE4-4E3F-ADF7-45DDACA77668.MOV', 'images/videos/thumbnail/file_541_trim.A90017FD-DBE4-4E3F-ADF7-45DDACA77668.jpg', '00:01:21'),
(27, 'ACC batting 6', '', 'tournament', 1, '2016-05-24 07:39:52', '2016-05-25 12:01:18', 'images/videos/tournament/file_389_trim.C17C413E-C85B-4596-9AB0-6F78FD6412D7.MOV', 'images/videos/thumbnail/file_389_trim.C17C413E-C85B-4596-9AB0-6F78FD6412D7.jpg', '00:01:04'),
(28, 'Batting video', '', 'team', 2, '2016-05-24 07:42:59', '2016-05-25 12:01:21', 'images/videos/team/file_593_trim.E16D4A93-9BAE-4DD2-AB3F-B7A367FEC15B.MOV', 'images/videos/thumbnail/file_593_trim.E16D4A93-9BAE-4DD2-AB3F-B7A367FEC15B.jpg', '00:02:45'),
(33, 'Test video ', '', 'tournament', 2, '2016-05-25 11:44:18', '2016-05-25 11:44:18', 'images/videos/tournament/file_976_trim.C59C4676-3418-4635-87A8-1B0CD26EDE14.MOV', 'images/videos/thumbnail/file_976_trim.C59C4676-3418-4635-87A8-1B0CD26EDE14.jpg', '00:00:22'),
(34, 'My video', '', 'tournament', 2, '2016-05-25 11:47:38', '2016-05-25 11:47:38', 'images/videos/tournament/file_485_trim.B7031329-8C0A-4077-BA44-F0D9A834E6A5.MOV', 'images/videos/thumbnail/file_485_trim.B7031329-8C0A-4077-BA44-F0D9A834E6A5.jpg', '00:00:13'),
(36, 'Good match show', '', 'tournament', 1, '2016-05-27 13:42:10', '2016-05-27 13:42:10', 'images/videos/tournament/file_537_trim.5C88DB8C-561F-4A14-861D-D371FC2DDD0D.MOV', 'images/videos/thumbnail/file_537_trim.5C88DB8C-561F-4A14-861D-D371FC2DDD0D.jpg', '00:01:04'),
(37, 'Team video', '', 'team', 9, '2016-05-31 11:26:38', '2016-05-31 11:26:38', 'images/videos/team/file_648_trim.C2B8EFBE-5729-4F20-A82F-6C213849A0E6.MOV', 'images/videos/thumbnail/file_648_trim.C2B8EFBE-5729-4F20-A82F-6C213849A0E6.jpg', '00:02:45'),
(45, 'ETB vs ACC on June 19 th - 1', '', 'team', 1, '2016-06-21 07:29:04', '2016-06-21 07:29:04', 'images/videos/team/file_497_trim.3855370B-462C-4334-93C0-26402CB9501A.MOV', 'images/videos/thumbnail/file_497_trim.3855370B-462C-4334-93C0-26402CB9501A.jpg', '00:01:17'),
(46, 'ETB vs ACC on June 19 th  - 2', '', 'team', 1, '2016-06-21 07:29:44', '2016-06-21 07:29:44', 'images/videos/team/file_481_trim.10A492F8-6EB8-4136-B0A6-EA5BCEDC8D2E.MOV', 'images/videos/thumbnail/file_481_trim.10A492F8-6EB8-4136-B0A6-EA5BCEDC8D2E.jpg', '00:00:07'),
(47, 'ETB vs ACC on June 19 th - 3', '', 'team', 1, '2016-06-21 07:30:31', '2016-06-21 07:30:31', 'images/videos/team/file_824_trim.F7CE073F-4C31-4405-89DE-9354D8C3A5EA.MOV', 'images/videos/thumbnail/file_824_trim.F7CE073F-4C31-4405-89DE-9354D8C3A5EA.jpg', '00:01:01'),
(48, 'ETB vs ACC on June 19 th - 4', '', 'team', 1, '2016-06-21 07:31:16', '2016-06-21 07:31:16', 'images/videos/team/file_824_trim.6C87109E-B26B-47C4-AC18-CABB9B04AE44.MOV', 'images/videos/thumbnail/file_824_trim.6C87109E-B26B-47C4-AC18-CABB9B04AE44.jpg', '00:00:29'),
(49, 'ETB vs ACC on June 19 th - 5', '', 'team', 1, '2016-06-21 07:31:50', '2016-06-21 07:31:50', 'images/videos/team/file_402_trim.54596EB2-5CD1-42C9-8E4C-795B91B857DF.MOV', 'images/videos/thumbnail/file_402_trim.54596EB2-5CD1-42C9-8E4C-795B91B857DF.jpg', '00:00:30'),
(50, 'Test', '', 'tournament', 1, '2017-07-14 10:58:49', '2017-07-14 10:58:49', 'images/videos/tournament/file_758_trim.490903A9-CE2C-42FE-8964-D1C018BD08C1.MOV', 'images/videos/thumbnail/file_758_trim.490903A9-CE2C-42FE-8964-D1C018BD08C1.jpg', '00:00:09');

--
-- Indexes for dumped tables
--

--
-- Indexes for table `bat_style`
--
ALTER TABLE `bat_style`
  ADD PRIMARY KEY (`bat_style_id`);

--
-- Indexes for table `bowl_style`
--
ALTER TABLE `bowl_style`
  ADD PRIMARY KEY (`bowl_style_id`);

--
-- Indexes for table `category`
--
ALTER TABLE `category`
  ADD PRIMARY KEY (`category_id`);

--
-- Indexes for table `cmatch`
--
ALTER TABLE `cmatch`
  ADD PRIMARY KEY (`match_id`);

--
-- Indexes for table `country`
--
ALTER TABLE `country`
  ADD PRIMARY KEY (`id`);

--
-- Indexes for table `matchschedule`
--
ALTER TABLE `matchschedule`
  ADD PRIMARY KEY (`schedule_id`);

--
-- Indexes for table `match_has_player`
--
ALTER TABLE `match_has_player`
  ADD PRIMARY KEY (`mhp_id`);

--
-- Indexes for table `match_has_team`
--
ALTER TABLE `match_has_team`
  ADD PRIMARY KEY (`mht_id`);

--
-- Indexes for table `match_type`
--
ALTER TABLE `match_type`
  ADD PRIMARY KEY (`match_type_id`);

--
-- Indexes for table `pictures`
--
ALTER TABLE `pictures`
  ADD PRIMARY KEY (`picture_id`);

--
-- Indexes for table `player`
--
ALTER TABLE `player`
  ADD PRIMARY KEY (`player_id`);

--
-- Indexes for table `player_role`
--
ALTER TABLE `player_role`
  ADD PRIMARY KEY (`player_role_id`);

--
-- Indexes for table `points_confiure`
--
ALTER TABLE `points_confiure`
  ADD PRIMARY KEY (`pc_id`);

--
-- Indexes for table `team`
--
ALTER TABLE `team`
  ADD PRIMARY KEY (`team_id`);

--
-- Indexes for table `team_has_player`
--
ALTER TABLE `team_has_player`
  ADD PRIMARY KEY (`thp_id`);

--
-- Indexes for table `tournament`
--
ALTER TABLE `tournament`
  ADD PRIMARY KEY (`tournament_id`);

--
-- Indexes for table `tournament_has_player`
--
ALTER TABLE `tournament_has_player`
  ADD PRIMARY KEY (`t_thp_id`);

--
-- Indexes for table `tournament_has_team`
--
ALTER TABLE `tournament_has_team`
  ADD PRIMARY KEY (`tht_id`);

--
-- Indexes for table `tournament_has_team_p`
--
ALTER TABLE `tournament_has_team_p`
  ADD PRIMARY KEY (`tht_id`);

--
-- Indexes for table `umpire`
--
ALTER TABLE `umpire`
  ADD PRIMARY KEY (`umpire_id`);

--
-- Indexes for table `users`
--
ALTER TABLE `users`
  ADD PRIMARY KEY (`uId`);

--
-- Indexes for table `venue`
--
ALTER TABLE `venue`
  ADD PRIMARY KEY (`venue_id`);

--
-- Indexes for table `videos`
--
ALTER TABLE `videos`
  ADD PRIMARY KEY (`video_id`);

--
-- AUTO_INCREMENT for dumped tables
--

--
-- AUTO_INCREMENT for table `bat_style`
--
ALTER TABLE `bat_style`
  MODIFY `bat_style_id` int(10) NOT NULL AUTO_INCREMENT, AUTO_INCREMENT=14;

--
-- AUTO_INCREMENT for table `bowl_style`
--
ALTER TABLE `bowl_style`
  MODIFY `bowl_style_id` int(10) NOT NULL AUTO_INCREMENT, AUTO_INCREMENT=29;

--
-- AUTO_INCREMENT for table `category`
--
ALTER TABLE `category`
  MODIFY `category_id` int(11) NOT NULL AUTO_INCREMENT, AUTO_INCREMENT=2;

--
-- AUTO_INCREMENT for table `cmatch`
--
ALTER TABLE `cmatch`
  MODIFY `match_id` int(10) NOT NULL AUTO_INCREMENT, AUTO_INCREMENT=218;

--
-- AUTO_INCREMENT for table `country`
--
ALTER TABLE `country`
  MODIFY `id` int(11) NOT NULL AUTO_INCREMENT, AUTO_INCREMENT=240;

--
-- AUTO_INCREMENT for table `matchschedule`
--
ALTER TABLE `matchschedule`
  MODIFY `schedule_id` int(10) NOT NULL AUTO_INCREMENT;

--
-- AUTO_INCREMENT for table `match_has_player`
--
ALTER TABLE `match_has_player`
  MODIFY `mhp_id` int(11) NOT NULL AUTO_INCREMENT, AUTO_INCREMENT=1526;

--
-- AUTO_INCREMENT for table `match_has_team`
--
ALTER TABLE `match_has_team`
  MODIFY `mht_id` int(11) NOT NULL AUTO_INCREMENT, AUTO_INCREMENT=403;

--
-- AUTO_INCREMENT for table `match_type`
--
ALTER TABLE `match_type`
  MODIFY `match_type_id` int(10) NOT NULL AUTO_INCREMENT, AUTO_INCREMENT=2;

--
-- AUTO_INCREMENT for table `pictures`
--
ALTER TABLE `pictures`
  MODIFY `picture_id` int(10) NOT NULL AUTO_INCREMENT, AUTO_INCREMENT=83;

--
-- AUTO_INCREMENT for table `player`
--
ALTER TABLE `player`
  MODIFY `player_id` int(10) NOT NULL AUTO_INCREMENT, AUTO_INCREMENT=400;

--
-- AUTO_INCREMENT for table `player_role`
--
ALTER TABLE `player_role`
  MODIFY `player_role_id` int(11) NOT NULL AUTO_INCREMENT, AUTO_INCREMENT=5;

--
-- AUTO_INCREMENT for table `points_confiure`
--
ALTER TABLE `points_confiure`
  MODIFY `pc_id` int(11) NOT NULL AUTO_INCREMENT, AUTO_INCREMENT=4;

--
-- AUTO_INCREMENT for table `team`
--
ALTER TABLE `team`
  MODIFY `team_id` int(10) NOT NULL AUTO_INCREMENT, AUTO_INCREMENT=18;

--
-- AUTO_INCREMENT for table `team_has_player`
--
ALTER TABLE `team_has_player`
  MODIFY `thp_id` int(10) NOT NULL AUTO_INCREMENT, AUTO_INCREMENT=478;

--
-- AUTO_INCREMENT for table `tournament`
--
ALTER TABLE `tournament`
  MODIFY `tournament_id` int(10) NOT NULL AUTO_INCREMENT, AUTO_INCREMENT=12;

--
-- AUTO_INCREMENT for table `tournament_has_player`
--
ALTER TABLE `tournament_has_player`
  MODIFY `t_thp_id` int(10) NOT NULL AUTO_INCREMENT, AUTO_INCREMENT=631;

--
-- AUTO_INCREMENT for table `tournament_has_team`
--
ALTER TABLE `tournament_has_team`
  MODIFY `tht_id` int(10) NOT NULL AUTO_INCREMENT, AUTO_INCREMENT=37;

--
-- AUTO_INCREMENT for table `tournament_has_team_p`
--
ALTER TABLE `tournament_has_team_p`
  MODIFY `tht_id` int(10) NOT NULL AUTO_INCREMENT, AUTO_INCREMENT=11;

--
-- AUTO_INCREMENT for table `umpire`
--
ALTER TABLE `umpire`
  MODIFY `umpire_id` int(10) NOT NULL AUTO_INCREMENT;

--
-- AUTO_INCREMENT for table `users`
--
ALTER TABLE `users`
  MODIFY `uId` int(11) NOT NULL AUTO_INCREMENT, AUTO_INCREMENT=15;

--
-- AUTO_INCREMENT for table `venue`
--
ALTER TABLE `venue`
  MODIFY `venue_id` int(10) NOT NULL AUTO_INCREMENT, AUTO_INCREMENT=3;

--
-- AUTO_INCREMENT for table `videos`
--
ALTER TABLE `videos`
  MODIFY `video_id` int(10) NOT NULL AUTO_INCREMENT, AUTO_INCREMENT=51;
COMMIT;

/*!40101 SET CHARACTER_SET_CLIENT=@OLD_CHARACTER_SET_CLIENT */;
/*!40101 SET CHARACTER_SET_RESULTS=@OLD_CHARACTER_SET_RESULTS */;
/*!40101 SET COLLATION_CONNECTION=@OLD_COLLATION_CONNECTION */;
